publication_number,title,claim1,label
US-6430053-B1,Pluggable transceiver module having rotatable release and removal lever with living hinge,"A pluggable transceiver module for insertion into and removal from a host receptacle, the module comprising:
    a module housing configured for insertion into and removal from a host receptacle, the module housing having an electrical interface configured to mate with a corresponding electrical interface of the host receptacle; and
    a lever pivotably coupled to the module housing, the lever having an actuation portion external to the module housing when the module housing is inserted into the host receptacle, the lever configured to rotate to facilitate release of the module from the host receptacle and to facilitate removal of the module from the host receptacle;
    wherein the lever comprises a living hinge formed integrally with a body of the lever, the living hinge defining a pivot axis for rotation of the lever relative to the module housing.",ai_generated
US-6663803-B1,Fabrication of a fractally attributively delamination resistive composite structure,"A method for fabricating a fractally attributively delamination resistive composite structure, the method comprising:
providing a plurality of layers comprising composite materials;
forming at least one interface between at least two adjacent layers of the plurality of layers, wherein the at least one interface comprises a fractal geometry;
stacking the plurality of layers including said at least one interface with fractal geometry;
consolidating the stacked layers to form a unified composite structure;
wherein the fractal geometry of the at least one interface provides the unified composite structure with fractal attributes that enhance its resistance to delamination.",ai_generated
US-6424590-B1,Semiconductor device,"I will create a hypothetical but plausible structure for a semiconductor device to demonstrate standard claim formatting.

A semiconductor device, comprising:
a semiconductor substrate;
a channel region formed within the semiconductor substrate;
a three-dimensional gate structure laterally encompassing the channel region;
a composite high-k gate dielectric layer disposed between the three-dimensional gate structure and the channel region;
a source region and a drain region formed in the semiconductor substrate adjacent to the channel region; and
a plurality of metallic contacts electrically coupled to the source region and the drain region, respectively, wherein at least one of the plurality of metallic contacts extends over a portion of the three-dimensional gate structure.",ai_generated
US-6174448-B1,Method for stripping aluminum from a diffusion coating,"A method for stripping aluminum from a diffusion coating, the method comprising:
contacting a substrate having a diffusion coating thereon, said diffusion coating comprising aluminum, with a stripping solution;
wherein said stripping solution is an acidic solution comprising phosphoric acid and at least one fluoride-containing compound;
maintaining said contact at an elevated temperature for a time sufficient to remove at least a portion of the aluminum from said diffusion coating; and
subsequently rinsing said substrate to remove said stripping solution and stripped aluminum.",ai_generated
US-7828399-B1,Universal locker system,"A universal locker system, comprising:
a plurality of individually lockable storage compartments;
an electronic locking mechanism associated with each of the plurality of individually lockable storage compartments;
a central locker management controller coupled to each electronic locking mechanism;
at least one user interface module coupled to the central locker management controller, the at least one user interface module configured to receive an access credential from a user;
a display unit coupled to the central locker management controller, the display unit configured to present information to a user; and
a communication interface coupled to the central locker management controller, the communication interface configured to communicate with a remote server;
wherein the central locker management controller is configured to:
receive the access credential from the at least one user interface module;
validate the received access credential;
dynamically assign one of the plurality of individually lockable storage compartments to the user based on the validated access credential and an availability status of the plurality of individually lockable storage compartments; and
electronically control unlocking of the assigned individually lockable storage compartment via its associated electronic locking mechanism upon successful validation of the access credential.",ai_generated
US-6226105-B1,System for processing images by selecting appropriate document size,"A system for processing images by selecting appropriate document size, the system comprising:
an image input interface configured to receive image data;
a processing unit coupled to the image input interface;
a memory coupled to the processing unit, the memory storing instructions and a plurality of predefined document size criteria;
the processing unit being configured to execute instructions to:
analyze the received image data to determine one or more characteristics of the image content;
compare the determined image characteristics with the stored predefined document size criteria;
select an appropriate document size from a plurality of available document sizes based on the comparison;
process the image data according to the selected document size; and
output the processed image data.",ai_generated
US-6249393-B1,Disk drive having a write condition detector for suspending write operations while a transducer flying height deviates from its operating flying height,"A disk drive comprising:
a data storage disk;
a transducer configured to perform write operations to said data storage disk;
a controller configured to manage said write operations; and
a write condition detector coupled to said transducer and said controller, said write condition detector configured to detect when a flying height of said transducer deviates from a predetermined operating flying height and, in response to said detection, cause said controller to suspend said write operations.",ai_generated
US-6295493-B1,Vehicle roll rigidity control device,"A vehicle roll rigidity control device, comprising:
a sensor configured to detect at least one vehicle operating parameter indicative of a vehicle roll state;
a controller communicatively coupled to the sensor, the controller configured to determine a target roll rigidity based on the at least one vehicle operating parameter; and
an actuator communicatively coupled to the controller, the actuator configured to adjust a roll rigidity of the vehicle in accordance with the target roll rigidity.",ai_generated
US-6563821-B1,Channel bonding in a remote communications server system,"A remote communications server system, comprising:
    a plurality of communication interfaces, each communication interface configured to establish a distinct communication channel with a remote client;
    a processing unit operatively coupled to the plurality of communication interfaces;
    a memory operatively coupled to the processing unit, the memory storing computer-executable instructions;
    a channel bonding module, executed by the processing unit, configured to aggregate the plurality of distinct communication channels into a single logical communication link for data exchange with the remote client;
    said channel bonding module further configured to distribute outgoing data across the plurality of distinct communication channels according to a predefined load-balancing scheme; and
    said channel bonding module further configured to reassemble incoming data received via the plurality of distinct communication channels into a coherent data stream for processing by the remote communications server system.",ai_generated
US-7328841-B1,Method and system for transaction authorization,"A method for transaction authorization, comprising:
receiving, by a computing system, a transaction authorization request associated with a transaction initiated by a user;
obtaining, by the computing system, transaction details related to the transaction and user authentication data associated with the user;
performing, by the computing system, an authorization assessment based on the obtained transaction details and the user authentication data;
determining, by the computing system, an authorization decision based on the authorization assessment;
transmitting, by the computing system, the authorization decision to an initiating entity associated with the transaction; and
recording, by the computing system, the transaction details and the authorization decision in a secure data store.",ai_generated
US-6446258-B1,Interactive instruction scheduling and block ordering,"A method for optimizing program code execution, comprising:
receiving program code comprising a plurality of instructions organized into a plurality of basic blocks;
presenting to a user a representation of said program code along with a plurality of optimization options related to instruction scheduling within said basic blocks and basic block ordering;
receiving user input selecting one or more of said optimization options or directly modifying said instruction scheduling within said basic blocks or said basic block ordering;
dynamically applying said selected optimization options or said user modifications to generate an optimized instruction schedule for said instructions within said basic blocks and an optimized basic block order for said basic blocks; and
generating optimized program code based on said optimized instruction schedule and said optimized basic block order.",ai_generated
US-6228708-B1,Method of manufacturing high voltage mixed-mode device,"Here is an example of a patent claim 1 for the invention title 'Method of manufacturing high voltage mixed-mode device', formatted as requested:

A method of manufacturing a high voltage mixed-mode device, the method comprising:
providing a semiconductor substrate;
forming a plurality of low voltage (LV) active regions and a plurality of high voltage (HV) active regions on the semiconductor substrate;
selectively forming a first gate dielectric layer having a first thickness over the LV active regions;
selectively forming a second gate dielectric layer having a second thickness, greater than the first thickness, over the HV active regions;
forming gate electrodes over the first and second gate dielectric layers;
forming LV source/drain regions within the LV active regions, the LV source/drain regions having a first junction depth and a first doping concentration profile;
forming HV source/drain regions within the HV active regions, the HV source/drain regions having a second junction depth and a second doping concentration profile, wherein the second junction depth is greater than the first junction depth and the second doping concentration profile includes a drift region configured for high voltage operation;
forming isolation structures between at least some of the LV active regions and the HV active regions; and
forming conductive interconnects electrically coupled to the LV source/drain regions, the HV source/drain regions, and the gate electrodes, thereby forming the high voltage mixed-mode device.",ai_generated
US-6343300-B1,File updating method capable of updating an operation file without interrupting online processing,"A method for updating an operation file without interrupting online processing, the method comprising:
maintaining a first instance of an operation file as an active file, said active file being continuously accessed by ongoing online processing;
preparing a second instance of the operation file, wherein the second instance is distinct from the first instance and comprises updated data;
validating the second instance of the operation file to ensure its readiness for active use; and
switching access for the ongoing online processing from the first instance of the operation file to the second instance of the operation file, wherein said switching causes the ongoing online processing to seamlessly transition its access from the first instance to the second instance without interruption.",ai_generated
US-6340448-B1,Surface plasmon sensor,"1. A surface plasmon sensor, comprising:
   a substrate;
   a metal layer disposed on the substrate, said metal layer being configured to support surface plasmon resonance;
   an optical coupling element configured to couple light from a light source to the metal layer to excite said surface plasmon resonance;
   a sensing region disposed adjacent to the metal layer, said sensing region being configured to receive a sample; and
   a detector configured to detect a change in a characteristic of said surface plasmon resonance responsive to an interaction between the sample and the metal layer in the sensing region.",ai_generated
US-6381068-B1,Reflective projection screen and projection system,"1. A projection system comprising a projector configured to generate and emit an image-bearing light beam; and a reflective projection screen positioned to receive the image-bearing light beam from the projector, the reflective projection screen comprising a reflective surface structured and arranged to reflect the received image-bearing light beam towards a viewing area, wherein the reflective surface is characterized by a reflection property configured to enhance image contrast and brightness for an observer in the viewing area.",ai_generated
US-6236076-B1,Ferroelectric field effect transistors for nonvolatile memory applications having functional gradient material,"A ferroelectric field effect transistor device, comprising:
a substrate;
a source electrode disposed over the substrate;
a drain electrode disposed over the substrate, defining a channel region therebetween;
a gate stack disposed over the channel region, the gate stack comprising a ferroelectric layer; and
a gate electrode disposed over the gate stack;
wherein the ferroelectric layer exhibits a functional gradient.",ai_generated
US-6365935-B1,TFT having hydrogen containing buffer and substrate regions,"A thin-film transistor (TFT) comprising:
a hydrogen-containing substrate;
a hydrogen-containing buffer layer disposed over the hydrogen-containing substrate;
a semiconductor layer disposed over the hydrogen-containing buffer layer;
a gate insulator disposed over the semiconductor layer;
a gate electrode disposed over the gate insulator; and
a source electrode and a drain electrode electrically coupled to the semiconductor layer.",ai_generated
US-6831927-B1,Fault protection for hitless and errorless switching of telecommunications signals,"1. A system for fault protection for telecommunications signals, comprising:
   an input configured to receive an incoming telecommunications signal;
   a primary signal path coupled to said input, said primary signal path configured to convey said incoming telecommunications signal;
   a backup signal path coupled to said input, said backup signal path configured to convey said incoming telecommunications signal;
   a fault detection module coupled to said primary signal path, said fault detection module configured to detect a fault condition within said primary signal path;
   a switching module coupled to an output of said primary signal path and an output of said backup signal path, said switching module configured to select one of said primary signal path and said backup signal path as an active signal source;
   an output configured to provide an outgoing telecommunications signal from said active signal source; and
   a control module coupled to said fault detection module and said switching module, said control module configured to, upon detection of said fault condition by said fault detection module, command said switching module to switch from said primary signal path as the active signal source to said backup signal path as the active signal source;
   wherein said system is configured to perform said switch in a manner that ensures said outgoing telecommunications signal remains substantially hitless and substantially errorless throughout a transition period and after said transition period.",ai_generated
US-6207016-B1,Method for dividing a paper web,"A method for dividing a paper web, comprising:
advancing a continuous paper web along a path;
detecting a predetermined length of the continuous paper web;
actuating a cutting device in response to detecting the predetermined length; and
applying a cutting force via the cutting device to the continuous paper web at a location corresponding to the predetermined length, thereby severing the continuous paper web into at least two distinct sections.",ai_generated
US-6181577-B1,Auxiliary bias circuit for a power supply and a method of operation thereof,"1. An auxiliary bias circuit for a power supply, comprising:
an input terminal configured to receive a primary voltage from the power supply;
an output terminal configured to provide an auxiliary bias voltage to a control circuit of the power supply;
a voltage conversion stage coupled between the input terminal and the output terminal, the voltage conversion stage configured to generate the auxiliary bias voltage from the primary voltage;
a control module coupled to the voltage conversion stage, the control module configured to regulate the auxiliary bias voltage; and
a sensing module coupled to the power supply, the sensing module configured to detect an operational state of the power supply;
wherein the control module is further configured to enable the voltage conversion stage to provide the auxiliary bias voltage during a first operational state of the power supply, and to disable the voltage conversion stage or reduce its operation during a second operational state of the power supply when a main bias source is active.",ai_generated
US-6631171-B1,QPSK modulation signal receiving unit,"A QPSK modulation signal receiving unit, comprising:
an input configured to receive a QPSK modulated signal;
a downconverter coupled to the input and configured to convert the received QPSK modulated signal to a baseband signal or an intermediate frequency (IF) signal;
an analog-to-digital converter coupled to the downconverter and configured to digitize the baseband or IF signal;
a demodulator coupled to the analog-to-digital converter and configured to recover data symbols from the digitized baseband or IF signal by performing carrier synchronization and symbol timing synchronization; and
an output coupled to the demodulator and configured to provide the recovered data symbols.",ai_generated
US-6748122-B1,"Image processing apparatus, image processing method and image processing program storage medium","An image processing apparatus, comprising:
an input unit configured to receive image data;
a memory unit configured to store image data and image processing instructions;
a processing unit coupled to the input unit and the memory unit, the processing unit configured to execute the image processing instructions stored in the memory unit to perform an image processing operation on the received image data; and
an output unit coupled to the processing unit, the output unit configured to output processed image data resulting from the image processing operation.",ai_generated
US-7278342-B1,Tool connecting device,"1. A tool connecting device, comprising:
    a main body having a first end and a second end;
    a first coupling structure disposed at the first end, the first coupling structure configured to interface with a drive element;
    a second coupling structure disposed at the second end, the second coupling structure configured to interface with a tool element;
    a locking mechanism movably supported by the main body, the locking mechanism configured to selectively engage and retain the tool element within the second coupling structure; and
    an actuation member operatively coupled to the locking mechanism, the actuation member configured to transition the locking mechanism between an engaged state and a disengaged state.",ai_generated
US-6248170-B1,Swab device for coating an element,"A swab device for coating an element, the device comprising:
an elongated shaft having a first end and a second end;
an applicator head coupled to the first end of the elongated shaft;
wherein the applicator head comprises an absorbent material configured to retain a coating substance; and
wherein the applicator head is further configured to uniformly apply the retained coating substance onto a surface of an element.",ai_generated
US-6224569-B1,Compact needle point shield,"A compact needle point shield comprising:
a body having a first end and a second end, the first end defining an aperture configured to receive a needle point;
and a protective member operably coupled to the body, the protective member being movable between a deployed position, wherein the protective member extends from the first end to cover the needle point, and a stowed position, wherein the protective member is retracted substantially within the body to provide a compact profile.",ai_generated
US-7048727-B1,Continuous feeding and decompressing device and method,"A device for continuous feeding and decompressing material, comprising:
a housing defining an interior volume;
an inlet port in fluid communication with the interior volume for receiving a material;
a continuous feeding mechanism positioned within the interior volume, coupled to the inlet port, and configured to continuously convey the material from the inlet port;
a decompression chamber defined within the interior volume and in fluid communication with the continuous feeding mechanism, wherein the decompression chamber is configured to reduce pressure on the conveyed material;
a vacuum source coupled to the decompression chamber and configured to evacuate gas from the decompression chamber to maintain a reduced pressure therein; and
an outlet port in fluid communication with the decompression chamber for discharging the decompressed material.",ai_generated
US-6315297-B1,Seal,"What is claimed is:

1.  A seal, comprising:
    a resilient sealing member having a predefined cross-sectional profile;
    said resilient sealing member further comprising at least a first contact surface and a second contact surface;
    wherein the first contact surface is configured to form a fluid-tight interface with a first structural element;
    wherein the second contact surface is configured to form a fluid-tight interface with a second structural element; and
    wherein the resilient sealing member is dimensioned to be compressively engaged between the first structural element and the second structural element to block fluid passage therebetween.",ai_generated
US-6903558-B1,Digitizing ohmmeter system,"An ohmmeter system, comprising:
a current source configured to apply a known current across an unknown resistance;
a voltage sensing circuit configured to measure an analog voltage drop across the unknown resistance;
an analog-to-digital converter operably coupled to the voltage sensing circuit, the analog-to-digital converter configured to convert the measured analog voltage drop into a digital voltage signal;
a processing unit operably coupled to the analog-to-digital converter, the processing unit configured to calculate a digital resistance value based on the known current and the digital voltage signal; and
an output interface operably coupled to the processing unit, the output interface configured to present the digital resistance value.",ai_generated
US-6221241-B1,Process for removal of sulphur together with other contaminants from fluids,"A method for removing sulfur and at least one other contaminant from a fluid, comprising:
contacting said fluid with an adsorbent material effective to adsorb sulfur compounds and said at least one other contaminant from said fluid under conditions effective for adsorption;
separating said fluid from said adsorbent material to yield a treated fluid having reduced concentrations of sulfur compounds and said at least one other contaminant; and
regenerating said adsorbent material to remove adsorbed sulfur compounds and said at least one other contaminant therefrom, thereby preparing said adsorbent material for subsequent use.",ai_generated
US-6444033-B1,Article comprising a diffuser with flow control features,"1. An article, comprising:
a diffuser having an inlet and an outlet, the diffuser configured to receive a fluid flow at the inlet and discharge the fluid flow from the outlet; and
at least one flow control feature integrated with the diffuser, wherein the at least one flow control feature is configured to modify at least one characteristic of the fluid flow between the inlet and the outlet of the diffuser.",ai_generated
US-6657628-B1,"Method and apparatus for specification, control and modulation of social primitives in animated characters","A method for specification, control, and modulation of social primitives in animated characters, the method comprising:
specifying a plurality of social primitives, wherein each social primitive represents a fundamental unit of social behavior for an animated character;
controlling an application of at least one social primitive from the plurality of social primitives to an animated character based on a contextual input relevant to the animated character; and
modulating at least one characteristic parameter of the applied social primitive to dynamically adjust a nuance of the fundamental unit of social behavior exhibited by the animated character.",ai_generated
US-6420791-B1,Alignment mark design,"An alignment mark design comprising a plurality of geometric features arranged in a pattern; wherein said geometric features have predetermined shapes and dimensions; wherein said pattern establishes a predefined spatial relationship between said geometric features; and wherein said predetermined shapes, dimensions, and spatial relationship are configured to facilitate generation of a measurable signal indicative of relative positional alignment between a first component and a second component.",ai_generated
US-6898437-B1,Power adaption in a multi-station network,"A method for power adaptation in a multi-station network, the method comprising:
receiving, by a first station of the multi-station network, a communication signal from at least one other station of the multi-station network;
evaluating, by the first station, a characteristic of a communication channel based on the received communication signal;
determining, by the first station, a transmit power level for subsequent transmissions based on the evaluated characteristic; and
transmitting, by the first station, a subsequent communication signal using the determined transmit power level;
wherein the determined transmit power level is configured to maintain a target communication quality for the subsequent communication signal while substantially optimizing energy efficiency of the first station.",ai_generated
US-6463328-B1,Adaptive brain stimulation method and system,"A method for adaptive brain stimulation, comprising:
acquiring brain activity data from a subject;
analyzing the acquired brain activity data to determine a current brain state of the subject;
comparing the current brain state to a target brain state or a therapeutic goal;
adjusting one or more stimulation parameters of a brain stimulation signal based on said comparison; and
delivering the brain stimulation signal having the adjusted stimulation parameters to a brain region of the subject.",ai_generated
US-6529209-B1,Method for providing privately viewable data in a publically viewable display,"A method for providing privately viewable data in a publically viewable display, the method comprising:
displaying public information on a public display device, said public display device being viewable by a plurality of individuals;
identifying at least one authorized individual from said plurality of individuals;
generating private information associated with said public information; and
optically presenting said private information such that said private information is spatially aligned with said public information on said public display device and is visually perceptible by said at least one authorized individual through an authorized viewing mechanism and substantially visually imperceptible by unauthorized individuals without said authorized viewing mechanism.",ai_generated
US-6856598-B1,Communications system,"A communications system, comprising:
a transmitter configured to generate and transmit a data signal representing information;
a receiver configured to receive said data signal and to extract said information therefrom; and
a communication medium coupling said transmitter and said receiver;
wherein said transmitter and said receiver are configured to operate according to a predetermined communication protocol to facilitate said transmission and reception of said data signal.",ai_generated
US-7970062-B1,Method for distributing high and low-bandwidth voice channels using a minimum number of timeslots,"A method for distributing high and low-bandwidth voice channels using a minimum number of timeslots, comprising:
identifying a plurality of voice channels, said plurality of voice channels comprising at least one high-bandwidth voice channel and at least one low-bandwidth voice channel;
determining a bandwidth requirement for each of the plurality of voice channels;
allocating the plurality of voice channels to a set of available timeslots by:
    assigning each identified high-bandwidth voice channel to at least one dedicated timeslot based on its determined bandwidth requirement; and
    multiplexing a plurality of identified low-bandwidth voice channels into a shared timeslot based on their determined bandwidth requirements;
wherein said allocating minimizes a total number of timeslots utilized for transmitting the identified plurality of voice channels; and
transmitting the allocated plurality of voice channels within the minimized total number of timeslots.",ai_generated
US-7654213-B1,Normal belt capstan assembly,"A capstan assembly for a normal belt, comprising:
a rotatable capstan body having a circumferential belt engagement surface configured to frictionally engage a normal belt;
a drive mechanism operably coupled to the capstan body for imparting rotational motion thereto;
a support structure mechanically connected to the drive mechanism and the capstan body for mounting the assembly; and
a tensioning mechanism positioned to apply a force to the normal belt against the circumferential belt engagement surface, thereby maintaining consistent frictional engagement between the capstan body and the normal belt.",ai_generated
US-6482143-B1,Raidoactive therapeutic seed having selective marker configuration,"A radioactive therapeutic seed comprising:
a hermetically sealed, biocompatible capsule having an elongate body;
a radioactive isotope contained within said capsule; and
a plurality of radiopaque markers disposed on or within a wall of said capsule, wherein the plurality of radiopaque markers are arranged in a selective configuration;
wherein said selective configuration is formed by at least one of a distinct pattern, a distinct number, a distinct shape, or a distinct arrangement of said markers;
and wherein said selective configuration is configured to uniquely identify at least one characteristic of the seed selected from a type of seed, a dose strength, an intended target, or an orientation of the seed, when viewed under medical imaging.",ai_generated
US-6305807-B1,Digital electrochromic mirror system,"A system comprising:
an electrochromic mirror configured to selectively change an optical property in response to an electrical signal;
a digital controller communicatively coupled to the electrochromic mirror, the digital controller configured to generate a digital control signal;
at least one sensor communicatively coupled to the digital controller, the sensor configured to detect an environmental condition or user input and provide sensor data to the digital controller;
a driver circuit communicatively coupled to the digital controller and electrically coupled to the electrochromic mirror, the driver circuit configured to receive the digital control signal from the digital controller and apply the electrical signal to the electrochromic mirror based on the digital control signal, thereby causing the electrochromic mirror to change its optical property in response to the detected environmental condition or user input.",ai_generated
US-6920334-B1,Method and apparatus for providing gain control feedback in RF amplifiers,"A method for providing gain control feedback in an RF amplifier, comprising:
amplifying an RF input signal to produce an RF output signal;
monitoring an output characteristic of the RF output signal;
comparing the monitored output characteristic to a target reference value;
generating an error signal based on a difference between the monitored output characteristic and the target reference value; and
applying the error signal to a gain control input of the RF amplifier, thereby adjusting a gain of the RF amplifier to reduce the difference.",ai_generated
US-6305997-B1,Self-aligning universal joint assembly for a stern drive,"1. A self-aligning universal joint assembly for a stern drive, the assembly comprising:
   a first shaft member configured to be coupled to an engine output shaft;
   a second shaft member configured to be coupled to a propeller drive shaft;
   a universal joint disposed between and connecting the first shaft member and the second shaft member, the universal joint configured to transmit torque while accommodating a primary angular displacement between the first shaft member and the second shaft member; and
   a self-aligning mechanism integrated with at least one of the first shaft member, the second shaft member, or the universal joint, the self-aligning mechanism comprising a resiliently deformable element or a spherical bearing arrangement, the self-aligning mechanism configured to passively compensate for static and dynamic axial, radial, or offset angular misalignments between the first shaft member and the second shaft member that extend beyond the primary angular displacement capability of the universal joint, thereby enabling the universal joint assembly to automatically adjust its alignment within the stern drive.",ai_generated
US-6335511-B1,Control method and apparatus for an arc welding system,"1. A control system for an arc welding system, the system comprising:
a welding power source configured to supply electrical energy for generating an arc between a welding electrode and a workpiece;
a welding torch configured to hold the welding electrode and direct the arc;
at least one sensor configured to measure at least one real-time welding parameter during an arc welding operation;
a control unit communicatively coupled to the at least one sensor and the welding power source, the control unit programmed to receive the measured real-time welding parameter from the at least one sensor, to compare the measured real-time welding parameter to a pre-established target parameter, to determine a deviation between the measured real-time welding parameter and the pre-established target parameter, and to generate a control signal based on the determined deviation; and
at least one actuator communicatively coupled to the control unit and configured to adjust an output characteristic of the welding power source or a positional characteristic of the welding torch in response to the control signal, thereby dynamically controlling the arc welding operation.",ai_generated
US-6366251-B1,Antenna protection device,"A device for protecting an antenna, comprising:
a housing constructed from a weather-resistant material and configured to substantially enclose at least a portion of an antenna;
a mounting mechanism coupled to said housing and configured to securely attach said housing to a support structure or directly to the antenna; and
wherein said housing defines a signal-transmissive region configured to allow electromagnetic signals to pass through to or from the enclosed antenna with minimal attenuation.",ai_generated
US-6359081-B1,"Block copolymer with condensation or vinyl polymer, functions imparting, and lower cohesive E segments","A block copolymer comprising:
a first polymer block comprising a polymer derived from a condensation polymerization or a vinyl polymerization; and
a second polymer block comprising E segments, wherein said E segments are characterized by a lower cohesive energy density compared to said first polymer block.",ai_generated
US-6247635-B1,High density connector having a ball type of contact surface,"A high density electrical connector, comprising:
a housing having an insulating body;
a plurality of electrically conductive contacts supported within said housing;
wherein said plurality of contacts are arranged in a multi-row array;
each of said plurality of electrically conductive contacts comprising a mating end and a terminal end;
said mating end of at least one of said plurality of electrically conductive contacts having a substantially spherical contact surface;
said substantially spherical contact surface being configured for resilient electrical engagement with a corresponding mating contact surface of an opposing connector.",ai_generated
US-6909902-B1,Radio base station equipment and mobile station equipment determining location of mobile station by associating with another radio base station or mobile station in a mobile communication system,"A method for determining a location of a mobile station equipment in a mobile communication system, the method comprising:
establishing an association between a first mobile station equipment and at least one other communication equipment, said at least one other communication equipment comprising at least one of a radio base station equipment and a second mobile station equipment;
exchanging location-relevant information between said first mobile station equipment and said at least one other communication equipment via said association; and
determining the location of said first mobile station equipment by at least one of said first mobile station equipment and said at least one other communication equipment based on said exchanged location-relevant information.",ai_generated
US-6318267-B1,Integrated circuit configuration and ignition unit,"An ignition unit comprising:
an integrated circuit configured to generate ignition control signals based on a programmable configuration;
an igniter communicatively coupled to the integrated circuit;
wherein the integrated circuit varies at least one characteristic of an ignition event generated by the igniter in response to the programmable configuration.",ai_generated
US-7355416-B1,Measurement of cable quality by power over ethernet,"A method for measuring quality of an Ethernet cable using Power over Ethernet (PoE) techniques, the method comprising:
coupling a Power over Ethernet (PoE) test device to an Ethernet cable under test;
applying electrical power from the PoE test device to at least one conductor pair of the Ethernet cable under test;
measuring, by the PoE test device, at least one electrical characteristic of the Ethernet cable under test while the electrical power is applied;
determining, by the PoE test device, a cable quality metric of the Ethernet cable under test based on the measured electrical characteristic; and
generating an output indicative of the determined cable quality metric.",ai_generated
US-7395589-B1,Rotational power servo toolpost,"A rotational power servo toolpost comprising:
a toolpost base configured for mounting to a machine tool carriage;
a rotatable tool mounting turret coupled to the toolpost base, said rotatable tool mounting turret comprising at least one tool receiving interface;
a servo motor operably coupled to the rotatable tool mounting turret, said servo motor configured to impart rotational movement to the rotatable tool mounting turret;
at least one position sensor configured to provide feedback to a control system regarding an angular position of the rotatable tool mounting turret;
the control system operably coupled to the servo motor and the at least one position sensor, said control system configured to precisely control and maintain the angular position of the rotatable tool mounting turret based on the feedback from the at least one position sensor; and
a locking mechanism operably coupled to the rotatable tool mounting turret and the control system, said locking mechanism configured to selectively secure the rotatable tool mounting turret at a desired angular position under control of the control system.",ai_generated
US-6745210-B1,Method for visualizing data backup activity from a plurality of backup devices,"A method comprising:
    receiving, by one or more processors, data representing data backup activity from a plurality of distinct backup devices;
    processing, by the one or more processors, the received data to generate consolidated backup activity metrics;
    generating, by the one or more processors, a graphical visualization based on the consolidated backup activity metrics, wherein the graphical visualization presents a unified view of data backup activity across the plurality of distinct backup devices; and
    displaying the graphical visualization on a display device.",ai_generated
US-6381360-B1,Apparatus and method for stereoscopic image processing,"An apparatus for stereoscopic image processing, comprising:
a receiver configured to obtain a stereoscopic image pair including a left view image and a right view image;
a processing circuit communicatively coupled to the receiver, the processing circuit configured to generate depth information from the stereoscopic image pair and to generate a modified stereoscopic image based on the depth information; and
an output interface communicatively coupled to the processing circuit, the output interface configured to output the modified stereoscopic image.",ai_generated
US-6438904-B1,Root wrapping type aseismic reinforcement construction and method for base of column member,"An aseismic reinforcement construction for a base of a column member, comprising:
a column member having a lower end portion;
a foundation supporting the lower end portion of the column member;
a root wrapping reinforcement structure enveloping the lower end portion of the column member at an interface with the foundation;
wherein the root wrapping reinforcement structure is structurally integrated with both the column member lower end portion and the foundation to provide enhanced confinement, shear resistance, and bending moment capacity to the column member under seismic forces.",ai_generated
US-6851105-B1,"Method and system for generating, applying, and defining a pattern","A computer-implemented method for generating, applying, and defining a pattern, the method comprising:
    receiving a definition of a pattern, the definition comprising at least one characteristic associated with the pattern;
    generating the pattern based on the received definition, the generated pattern comprising a plurality of elements arranged according to the at least one characteristic; and
    applying the generated pattern to a target entity to modify or characterize the target entity.",ai_generated
US-7584443-B1,Clock domain conflict analysis for timing graphs,"A method for clock domain conflict analysis for timing graphs, comprising:
receiving a timing graph representing an integrated circuit design;
identifying a plurality of clock domains within the timing graph, each clock domain being associated with at least one clock signal;
identifying at least one clock domain crossing (CDC) within the timing graph, wherein the at least one CDC represents a data path or signal transition from a first clock domain to a second clock domain, the second clock domain being different from the first clock domain;
performing a clock domain conflict analysis on the at least one identified CDC to detect at least one potential timing conflict associated with the clock domain crossing; and
generating an output indicating the at least one detected potential timing conflict.",ai_generated
US-7135675-B1,Multi-pixel and multi-column electron emission inspector,"An apparatus for inspecting electron emission, the apparatus comprising:
a plurality of electron columns, each electron column including an electron source and an electron optics system, wherein each electron column is configured to generate and direct an electron beam towards a distinct region of a device under inspection;
a stage configured to support the device under inspection;
a multi-pixel detector array positioned to receive electrons emitted from the device under inspection; and
a control unit coupled to the plurality of electron columns and the multi-pixel detector array, the control unit configured to acquire electron emission data from a plurality of pixels across a plurality of distinct regions of the device under inspection, based on signals received from the multi-pixel detector array and by controlling the plurality of electron columns.",ai_generated
US-6672507-B1,Method and apparatus for printing a billing statement to provide supplementary product sales,"Here are two options for claim 1, one for a method and one for an apparatus, as is common practice.

**Option A: Method Claim 1**
A method for printing a billing statement to provide supplementary product sales, the method comprising:
obtaining billing information associated with a customer account;
accessing customer profile data associated with said customer account;
identifying one or more supplementary product offers relevant to said customer account based on said customer profile data and said billing information;
generating a billing statement layout comprising said billing information and said identified one or more supplementary product offers integrated for concurrent display; and
printing said generated billing statement, thereby facilitating supplementary product sales.

**Option B: Apparatus Claim 1**
An apparatus for printing a billing statement to provide supplementary product sales, the apparatus comprising:
at least one processor;
a memory coupled to said at least one processor, said memory storing instructions executable by said at least one processor;
an input module configured to obtain billing information associated with a customer account;
an offer selection module configured to access customer profile data associated with said customer account and identify one or more supplementary product offers relevant to said customer account based on said customer profile data and said billing information;
a statement generation module configured to generate a billing statement layout comprising said billing information and said identified one or more supplementary product offers integrated for concurrent display; and
a printing interface configured to cause printing of said generated billing statement, thereby facilitating supplementary product sales.",ai_generated
US-6576074-B1,Pavement marking system,"A pavement marking system, comprising:
a pavement marking material configured to be applied to a pavement surface, the pavement marking material comprising a binder, a pigment, and a plurality of retroreflective elements embedded within the binder, the retroreflective elements configured to reflect light back towards a light source;
an applicator device configured to apply the pavement marking material to the pavement surface in a predetermined pattern, wherein the applied pavement marking material forms a structured profile above the pavement surface, the structured profile configured to enhance visibility and provide tactile feedback to a vehicle;
a sensor system configured to detect at least one of environmental conditions or vehicle presence;
a control unit communicatively coupled to the sensor system and configured to receive data therefrom; and
an active illumination element integrated with the pavement marking material, the active illumination element configured to emit light, wherein the control unit is further configured to selectively activate or adjust an intensity or color of the active illumination element based on the received data from the sensor system, thereby dynamically enhancing the visibility of the pavement marking system.",ai_generated
US-6497279-B1,Method of using a heater with a fiber optic string in a wellbore,"A method comprising:
positioning a heater within a wellbore;
positioning a fiber optic string within the wellbore such that the fiber optic string is in thermal communication with the heater;
energizing the heater to generate heat within the wellbore;
receiving temperature data from the fiber optic string, said temperature data being indicative of a thermal profile within the wellbore influenced by the generated heat; and
processing said temperature data to evaluate a condition of the wellbore.",ai_generated
US-7399194-B1,Electric connector,"An electric connector, comprising:
a housing defining at least one cavity;
at least one conductive contact disposed within said at least one cavity and retained therein by said housing;
said at least one conductive contact having a first end configured for electrically coupling to an external conductor; and
a second end configured for electrically coupling to a corresponding conductive contact of a mating connector, wherein said housing is further configured to provide electrical isolation between said at least one conductive contact and any other conductive contacts of the electric connector.",ai_generated
US-8630947-B1,Method and system for providing electronic bill payment and presentment,"A method for providing electronic bill payment and presentment, the method comprising:
receiving, by an electronic bill payment and presentment system, electronic bill data from a biller;
electronically presenting the received electronic bill data to a payee associated with the biller via a user interface;
receiving, from the payee through the user interface, an authorization to make an electronic payment for the presented bill;
initiating, by the electronic bill payment and presentment system, an electronic payment transaction from a financial account of the payee to a financial account of the biller based on the received authorization;
and providing, by the electronic bill payment and presentment system, a payment status update to at least one of the payee or the biller.",ai_generated
US-6272615-B1,Data processing device with an indexed immediate addressing mode,"A data processing device, comprising:
a processor core configured to execute instructions;
a memory system coupled to the processor core, configured to store instructions and data;
an instruction decoder, coupled to the processor core and the memory system, configured to retrieve and decode instructions from the memory system;
at least one general-purpose register, accessible by the processor core, configured to store data and address pointers, including at least one index register;
an arithmetic logic unit (ALU), coupled to the processor core and the at least one general-purpose register, configured to perform arithmetic operations;
wherein the instruction decoder is further configured to decode an instruction specifying an indexed immediate addressing mode;
the instruction comprising an opcode, an immediate value, and a specification of a particular index register from the at least one index register;
wherein, upon decoding the instruction specifying the indexed immediate addressing mode, the processor core is configured to cause the ALU to add the immediate value from the instruction to a content of the particular index register to generate an effective memory address;
and wherein the processor core is further configured to use the generated effective memory address to access data in the memory system.",ai_generated
US-8612330-B1,Managing bandwidth for shared resources,"A method for managing bandwidth utilization for a plurality of shared resources, the method comprising:
identifying a plurality of shared resources, each shared resource having an associated total available bandwidth;
identifying a plurality of entities requesting access to at least one of the plurality of shared resources;
establishing one or more bandwidth allocation policies defining criteria for allocating bandwidth among the plurality of entities for the plurality of shared resources;
allocating a portion of the total available bandwidth of each requested shared resource to each requesting entity based on the one or more bandwidth allocation policies;
monitoring actual bandwidth utilization by each of the plurality of entities for each of the plurality of shared resources; and
dynamically adjusting the allocated bandwidth to at least one of the plurality of entities for at least one of the plurality of shared resources based on the monitored actual bandwidth utilization and the one or more bandwidth allocation policies;
whereby bandwidth contention is reduced and resource performance is optimized.",ai_generated
US-6178805-B1,Method and apparatus for side impact testing of motor vehicles at a sub-system level,"A method for side impact testing of motor vehicles at a sub-system level, comprising:
providing a motor vehicle sub-system, wherein the sub-system comprises a structural component or assembly of a motor vehicle side structure configured to interact with an occupant during a side impact event;
mounting the motor vehicle sub-system onto a test fixture, wherein the test fixture is configured to simulate structural boundary conditions experienced by the sub-system when integrated within a full motor vehicle during a side impact;
applying an impact force to the mounted motor vehicle sub-system using an impactor, wherein the impactor is configured to replicate a load profile or a deformation profile characteristic of a full vehicle side impact event;
measuring at least one impact-related parameter associated with the sub-system during the application of the impact force; and
analyzing the measured impact-related parameter to assess the side impact performance of the motor vehicle sub-system.",ai_generated
US-7541524-B1,Inbred maize line PHDPP,"1. An inbred maize line designated PHDPP, representative seed of said line having been deposited under a Budapest Treaty recognized depository accession number.",ai_generated
US-7025014-B1,Sea vessel retrieval of unmanned underwater vehicles,"A system for retrieving an unmanned underwater vehicle from a body of water onto a sea vessel, comprising a sea vessel configured to navigate a surface of the body of water; at least one unmanned underwater vehicle (UUV) configured for autonomous operation within the body of water and for cooperative retrieval with the sea vessel; and a UUV retrieval apparatus mounted on the sea vessel, said UUV retrieval apparatus comprising a guidance subsystem configured to direct the UUV into an acquisition zone relative to the sea vessel; a capture subsystem configured to engage and physically secure the UUV within the acquisition zone; and a transfer subsystem configured to move the secured UUV from the acquisition zone in the body of water onto a deck of the sea vessel.",ai_generated
US-6172950-B1,Method for correcting tilt of magnet-optical readable medium apparatus to be used for its practice and magnet-optical readable medium,"A method for correcting tilt in a magneto-optical readable medium apparatus, said method comprising:
detecting a tilt error of an optical head of said apparatus relative to a magneto-optical readable medium;
generating a tilt correction signal based on said detected tilt error; and
actuating said optical head based on said tilt correction signal to reduce said tilt error.",ai_generated
US-9130870-B1,Methods for determining network topologies,"A method for determining network topologies, comprising:
  transmitting a plurality of probe signals from a computing device to a plurality of network devices within a network;
  receiving, by said computing device, a plurality of response signals from said plurality of network devices, wherein said response signals comprise topology information indicative of device identities and connectivity characteristics of said network devices;
  processing, by said computing device, said received response signals to identify said plurality of network devices and to identify inter-device connections therebetween; and
  generating, by said computing device, a network topology representation based on said identified network devices and said identified inter-device connections.",ai_generated
US-8747588-B1,Protected prong file fastener and method of making,"A protected prong file fastener, comprising:
a substantially flat base plate having a pair of apertures defined therein;
a pair of elongated prongs, each prong having a proximal end fixedly attached to said base plate and extending upwardly therefrom, each prong configured to penetrate a stack of documents and be bent outwardly to secure said documents to said base plate;
a compressor bar having a pair of apertures configured to receive said prongs, said compressor bar configured to slide along said prongs to compress said stack of documents against said base plate; and
a protective cover slidably engaged with said pair of prongs, said protective cover configured to move from a first position, wherein said prongs extend freely through said cover, to a second position, wherein said protective cover encloses distal portions of said bent prongs when said prongs are bent outwardly to secure said documents, thereby preventing snagging and protecting users from sharp edges of said bent prongs.",ai_generated
US-8994581-B1,Direction of arrival (DOA) estimation using multiple offset receive channels,"A system for estimating a direction of arrival (DOA) of a signal, the system comprising:
    a plurality of receive channels configured to receive an electromagnetic signal, wherein the plurality of receive channels are spatially offset from one another;
    an analog-to-digital converter (ADC) coupled to each of the plurality of receive channels, configured to digitize received signals from the respective receive channels into digital samples;
    a processing unit coupled to the plurality of ADCs, the processing unit configured to:
        obtain the digital samples from the plurality of receive channels;
        determine spatial characteristics of the electromagnetic signal from the obtained digital samples, wherein the spatial characteristics include at least one of a phase difference, a time difference, or an amplitude difference between signals received by different receive channels; and
        estimate the DOA of the electromagnetic signal based on the determined spatial characteristics.",ai_generated
US-9608155-B1,Structurally integrated parabolic trough concentrator with combined PV and thermal receiver,"I claim:

A solar energy concentrating system, comprising:
a parabolic trough concentrator structure configured to focus incident solar radiation along a focal line;
a combined photovoltaic and thermal (PVT) receiver positioned along the focal line of the parabolic trough concentrator structure, the PVT receiver comprising at least one photovoltaic element configured to generate electricity from a portion of the focused solar radiation, and at least one thermal absorber configured to absorb heat from another portion of the focused solar radiation and transfer said heat to a heat transfer fluid;
wherein the combined PVT receiver is structurally integrated with the parabolic trough concentrator structure.",ai_generated
US-8764156-B1,System and method for controlling dewpoint in a print zone within an inkjet printer,"A system for controlling dewpoint in a print zone within an inkjet printer, comprising:
a print zone established within an inkjet printer;
a sensor positioned within the print zone, the sensor configured to measure at least one environmental parameter indicative of dewpoint;
a climate control unit configured to selectively alter an atmospheric condition within the print zone; and
a controller communicatively coupled to the sensor and the climate control unit, the controller configured to receive the at least one environmental parameter from the sensor, determine a current dewpoint within the print zone based on the at least one environmental parameter, compare the current dewpoint to a target dewpoint, and generate a control signal for the climate control unit to adjust the atmospheric condition within the print zone to maintain the current dewpoint within a predetermined range of the target dewpoint.",ai_generated
US-8920757-B1,Reductant dosing control systems and methods,"1. A reductant dosing control system, comprising:
a reductant reservoir configured to store a reductant;
a reductant dosing unit fluidly coupled to the reductant reservoir and configured to dispense the reductant into an exhaust gas stream;
at least one exhaust gas sensor configured to generate a signal indicative of a characteristic of the exhaust gas stream; and
a controller communicatively coupled to the at least one exhaust gas sensor and the reductant dosing unit, the controller configured to receive the signal from the at least one exhaust gas sensor and, based on the received signal, determine a reductant dosage amount, and further configured to generate a control signal to command the reductant dosing unit to dispense the determined reductant dosage amount into the exhaust gas stream.",ai_generated
US-9194113-B1,Sink disposal and metal sensor,"I claim:

A garbage disposal system comprising:
a disposal housing configured to be mounted to a sink drain opening;
a motor coupled to the disposal housing;
a grinding mechanism rotatably coupled to the motor within the disposal housing, the grinding mechanism configured to comminute waste material;
an inlet opening for receiving waste material into the grinding mechanism;
an outlet for discharging ground waste material from the disposal housing;
a metal sensor operably coupled to the disposal housing, the metal sensor configured to detect the presence of metallic objects within the inlet opening; and
a control circuit operably coupled to the metal sensor and the motor, wherein the control circuit is configured to prevent operation of the motor when the metal sensor detects the presence of a metallic object.",ai_generated
US-9297619-B1,Bullet for striking obstructed targets,"A bullet for striking obstructed targets, comprising:
a bullet body defining a longitudinal axis;
a guidance system integrated within the bullet body, the guidance system configured to calculate a modified flight path for the bullet body to enable bypassing an obstruction and impacting a target;
at least one maneuverability element coupled to the bullet body, the at least one maneuverability element being selectively adjustable by the guidance system to execute the modified flight path;
an onboard power source electrically coupled to the guidance system and the at least one maneuverability element; and
a payload disposed within the bullet body.",ai_generated
US-9682001-B1,Wearable bone conduction device,"A wearable bone conduction device, comprising:
a support structure configured to be worn by a user, the support structure adapted to position at least one component of the device proximate to a user's head;
at least one bone conduction transducer coupled to the support structure, the at least one bone conduction transducer configured to generate mechanical vibrations;
an audio input module configured to receive an audio signal;
a controller operatively coupled to the audio input module and the at least one bone conduction transducer, the controller configured to process the audio signal and provide a corresponding drive signal to the at least one bone conduction transducer;
wherein the at least one bone conduction transducer is positioned by the support structure to physically engage a bone of the user's skull for transmitting the mechanical vibrations thereto, thereby providing bone conduction sound transmission to the user.",ai_generated
US-9596276-B1,User notifications for interaction information,"A method for providing user notifications for interaction information, the method comprising:
receiving interaction information associated with a user from one or more data sources;
analyzing the received interaction information to identify a characteristic of an interaction;
determining, based on the identified characteristic and one or more user preferences, whether to generate a notification for the user;
generating the notification, wherein the notification comprises content derived from the interaction information and formatted according to a presentation preference; and
transmitting the generated notification to a user device associated with the user for display or playback thereof.",ai_generated
US-9771718-B1,Strut with non-structural infill,"1. A strut comprising;
    an elongated body defining a longitudinal axis and an internal cavity extending along at least a portion of the longitudinal axis, the elongated body being configured to transmit a load; and
    a non-structural infill material disposed within the internal cavity of the elongated body, wherein the non-structural infill material does not substantially contribute to a load-transmitting capacity of the elongated body.",ai_generated
US-7713230-B2,Breast pump,"A breast pump, comprising:
a breast shield configured to interface with a human breast and define a milk collection area;
a pump mechanism fluidly coupled to the breast shield, said pump mechanism configured to generate a vacuum within the milk collection area;
a milk collection container detachably coupled to the breast shield, said milk collection container configured to receive expressed milk; and
a valve positioned between the breast shield and the milk collection container, said valve configured to permit one-way flow of milk from the breast shield into the milk collection container.",ai_generated
US-8019382-B2,Communication apparatus having a standard serial communication interface compatible with radio isolation,"1. A communication apparatus comprising:
    a standard serial communication interface configured to transmit and receive serial data according to a standard serial communication protocol;
    said standard serial communication interface comprising a radio isolation unit;
    said radio isolation unit configured to provide galvanic isolation for said serial data between a first section of said standard serial communication interface and a second section of said standard serial communication interface; and
    said radio isolation unit further configured to transmit and receive said serial data across a non-conductive barrier using radio frequency signals while maintaining operational compatibility with said standard serial communication protocol.",ai_generated
US-8095713-B2,Smart cables,"A smart cable comprising:
a cable structure comprising at least one electrical conductor configured to transmit electrical power or data;
at least one integrated sensor embedded within the cable structure, said integrated sensor configured to detect at least one environmental or operational parameter associated with the cable;
a processing unit embedded within the cable structure and communicatively coupled to the at least one integrated sensor, said processing unit configured to receive data from the at least one integrated sensor and to perform at least one analytical operation on the received data;
a communication module embedded within the cable structure and communicatively coupled to the processing unit, said communication module configured to transmit output data from the processing unit to an external system or receive commands from an external system;
and a power management system embedded within the cable structure and configured to supply electrical power to the at least one integrated sensor, the processing unit, and the communication module from the electrical conductor or an independent power source.",ai_generated
US-7009943-B2,Conferencing network resource management for call connectivity,"1. A system for managing network resources to ensure call connectivity in a conferencing network, the system comprising:
    a processor configured to execute instructions; and
    a memory coupled to the processor, the memory storing instructions that, when executed by the processor, configure the system to:
        monitor available network resources within the conferencing network;
        receive a request for a conferencing call, the request comprising call parameters indicative of resource requirements for the conferencing call;
        determine, based on the monitored available network resources and the call parameters, whether sufficient network resources are available to establish the conferencing call at a desired quality level;
        allocate network resources for the conferencing call upon a determination that sufficient resources are available, thereby enabling call connectivity for the conferencing call; and
        dynamically adjust the allocated network resources during the conferencing call to maintain the desired quality level and prevent connectivity degradation.",ai_generated
US-8011260-B2,Double chain linear actuator,"A double chain linear actuator comprising:
a frame;
a drive shaft rotatably mounted within said frame;
a motor coupled to said drive shaft and configured to impart rotational motion thereto;
a first drive sprocket rigidly coupled to said drive shaft;
a second drive sprocket rigidly coupled to said drive shaft, said second drive sprocket axially spaced from said first drive sprocket;
a first endless chain engaged with said first drive sprocket;
a second endless chain engaged with said second drive sprocket, said second endless chain positioned substantially parallel to said first endless chain;
a first idler sprocket rotatably mounted within said frame and engaged with said first endless chain, said first idler sprocket spaced apart from said first drive sprocket;
a second idler sprocket rotatably mounted within said frame and engaged with said second endless chain, said second idler sprocket spaced apart from said second drive sprocket;
a linearly movable output member; and
at least one attachment point connecting said linearly movable output member to said first endless chain and said second endless chain, such that rotation of said drive shaft causes simultaneous linear movement of said first endless chain, said second endless chain, and said linearly movable output member along a predefined linear path.",ai_generated
US-7553502-B2,Formulations of alpha-amylase inhibitors with alpha-glucosidase inhibitors useful in the treatment of diabetes and obesity,"1. A composition for the treatment of diabetes and obesity, comprising at least one alpha-amylase inhibitor; at least one alpha-glucosidase inhibitor; and a pharmaceutically acceptable carrier.",ai_generated
US-6605793-B2,Slide actuated switch,"1. A slide actuated switch, comprising:
a housing configured to define an internal slide path;
a slidable actuator disposed within the housing and configured to translate along the internal slide path;
at least one fixed electrical contact mounted within the housing; and
at least one movable electrical contact coupled to the slidable actuator, wherein translation of the slidable actuator along the internal slide path causes the at least one movable electrical contact to selectively engage and disengage the at least one fixed electrical contact.",ai_generated
US-6781407-B2,FPGA and embedded circuitry initialization and processing,"A system comprising:
an FPGA (Field-Programmable Gate Array) configured to execute programmable logic functions and to control operational sequences;
embedded circuitry communicatively coupled to the FPGA, the embedded circuitry configured to execute software instructions and perform designated functions;
wherein the FPGA is further configured to initiate and manage an initialization sequence for the embedded circuitry, said initialization sequence comprising loading configuration data or firmware into the embedded circuitry;
and wherein, subsequent to said initialization sequence, the FPGA and the embedded circuitry are configured to cooperatively perform data processing operations based on a predefined operational protocol.",ai_generated
US-7344149-B2,"Ski, in particular an alpine ski","A ski, comprising:
an elongated body defining a longitudinal axis, a front tip, a rear tail, an upper surface, and a lower surface;
a running surface provided on said lower surface, said running surface being configured to engage a snow surface;
a pair of lateral edges extending along at least a portion of said running surface;
a pair of metallic edge elements, each of said metallic edge elements being affixed along a respective one of said pair of lateral edges;
and a binding mounting zone disposed on said upper surface, said binding mounting zone being configured to accept a ski binding for attaching a ski boot to the ski.",ai_generated
US-7980001-B2,Fabric conditioning dispenser and methods of use,"A fabric conditioning dispenser comprising:
a reservoir configured to hold a liquid fabric conditioner;
an outlet fluidly connected to the reservoir for dispensing the liquid fabric conditioner;
a dispensing mechanism coupled to the reservoir and the outlet, the dispensing mechanism configured to selectively discharge the liquid fabric conditioner from the reservoir through the outlet;
a control unit electrically coupled to the dispensing mechanism, the control unit configured to activate the dispensing mechanism;
an interface configured to interact with a laundry appliance to determine a phase of a laundry cycle;
wherein the control unit is configured to activate the dispensing mechanism to discharge the liquid fabric conditioner during a pre-selected phase of the laundry cycle based on information received via the interface, wherein the pre-selected phase comprises a rinse cycle; and
wherein the control unit is further configured to allow a user to select a desired quantity of liquid fabric conditioner to be dispensed.",ai_generated
US-7707502-B2,Method to manage speaker notes in a computer implemented slide show,"A computer-implemented method for managing speaker notes in a slide show, the method comprising:
displaying a slide show comprising a plurality of slides, wherein each slide of the plurality of slides is capable of being associated with speaker notes;
displaying a current slide of the slide show on a primary display device;
displaying speaker notes associated with the current slide on a secondary display device, wherein the secondary display device is distinct from the primary display device;
receiving user input to modify the speaker notes associated with the current slide via an input interface;
updating the displayed speaker notes on the secondary display device in response to the user input;
storing the modified speaker notes in a data structure associated with the current slide;
advancing the slide show from the current slide to a subsequent slide; and
automatically updating the speaker notes displayed on the secondary display device to correspond to speaker notes associated with the subsequent slide.",ai_generated
US-6759674-B2,Band gap compensated HBT,"A heterojunction bipolar transistor (HBT), comprising:
an emitter region comprising a first semiconductor material having a first band gap;
a base region comprising a second semiconductor material having a second band gap, the base region positioned adjacent to the emitter region;
a collector region comprising a third semiconductor material having a third band gap, the collector region positioned adjacent to the base region;
wherein the second semiconductor material of the base region has a band gap that is monotonically graded across at least a portion of its thickness;
said monotonic grading being configured to establish an accelerating electric field for minority carriers within the base region, thereby providing band gap compensation for enhanced carrier transport.",ai_generated
US-6878754-B2,Heat-induced gelling foaming composition and foam obtained,"A heat-induced gelling foaming composition, comprising:
a heat-sensitive gelling agent configured to form a gel structure upon exposure to heat;
at least one foaming agent configured to entrain gas to form a foam; and
an aqueous carrier.",ai_generated
US-7840583-B2,Search device and recording medium,"A non-transitory computer-readable recording medium storing computer-executable instructions that, when executed by one or more processors, cause the one or more processors to function as a search device by performing operations comprising:
receiving a search query from a user interface;
accessing a data repository comprising a plurality of content items;
applying a search algorithm to the plurality of content items based on the received search query to identify a subset of relevant content items;
ranking the identified subset of relevant content items according to a relevance metric;
generating a list of search results based on the ranked relevant content items; and
transmitting the list of search results for display on the user interface.",ai_generated
US-7353974-B2,Thigh-supported game call holder apparatus,"We claim:

1.  An apparatus for holding game calls, comprising:
    a support structure having an inner surface configured to face a user's thigh and an outer surface;
    at least one thigh-engaging member coupled to the support structure, the at least one thigh-engaging member configured to removably secure the support structure to the user's thigh; and
    at least one game call retaining element integrated with the support structure, the at least one game call retaining element configured to removably hold at least one game call on the outer surface of the support structure.",ai_generated
US-7898161-B2,"Diamond electron radiation cathode, electron source, electron microscope, and electron beam exposer","We claim:

An electron source, comprising:
    a diamond electron radiation cathode configured to emit electrons;
    an anode positioned proximate to the diamond electron radiation cathode and configured to accelerate electrons emitted therefrom;
    a vacuum chamber housing the diamond electron radiation cathode and the anode; and
    a high voltage power supply electrically coupled to the diamond electron radiation cathode and the anode to generate an electron beam within the vacuum chamber.",ai_generated
US-7231431-B2,System and methods for global access to services for mobile telephone subscribers,"A system for providing global access to services for mobile telephone subscribers, the system comprising:
a mobile subscriber device configured to generate a service request;
a mobile communication network configured to receive the service request from the mobile subscriber device and to facilitate communication for the mobile subscriber device;
a global service access platform communicatively coupled to the mobile communication network and to a plurality of service providers, the global service access platform comprising a processor configured to:
    receive the service request from the mobile communication network;
    authenticate the mobile subscriber associated with the service request;
    identify a requested service based on the service request;
    determine a service provider from the plurality of service providers capable of fulfilling the requested service, wherein access to the service provider is managed independent of a home network of the mobile subscriber device;
    route the service request to the determined service provider;
    receive a service response from the determined service provider; and
    transmit the service response to the mobile subscriber device via the mobile communication network; and
the plurality of service providers, each communicatively coupled to the global service access platform, wherein at least one of the plurality of service providers is configured to receive the routed service request, fulfill the requested service, and generate the service response.",ai_generated
US-7194818-B2,"Mount table, surface texture measuring machine and surface texture measuring method","A surface texture measuring machine, comprising:
    a mount table for supporting a sample whose surface texture is to be measured;
    a texture sensor configured to acquire surface texture data from the sample;
    a movement mechanism operably connected to at least one of the mount table and the texture sensor, wherein the movement mechanism is configured to provide relative movement between the texture sensor and the sample supported on the mount table; and
    a control unit operably coupled to the texture sensor and the movement mechanism, the control unit being configured to receive the surface texture data from the texture sensor and to control the movement mechanism, wherein the control unit is further configured to process the received surface texture data to determine at least one surface texture characteristic of the sample.",ai_generated
US-6523090-B2,Shared instruction cache for multiple processors,"A system comprising:
a plurality of processors; and
a shared instruction cache;
wherein the shared instruction cache is configured to store instructions for execution by the plurality of processors; and
wherein each processor of the plurality of processors is configured to retrieve instructions from the shared instruction cache.",ai_generated
US-8038746-B2,Reduced-emission gasification and oxidation of hydrocarbon materials for liquid fuel production,"1. A method for reduced-emission liquid fuel production from hydrocarbon materials, the method comprising:
    supplying a hydrocarbon feedstock to a reactor system;
    subjecting the hydrocarbon feedstock to an integrated gasification and oxidation process within the reactor system to produce a synthesis gas comprising hydrogen and carbon monoxide;
    treating gaseous effluent streams generated during at least one of the gasification process or the oxidation process to reduce the concentration of at least one of carbon dioxide, sulfur compounds, or nitrogen compounds; and
    converting the treated synthesis gas into at least one liquid fuel.",ai_generated
US-6877594-B2,Disc brake to be opened by torque,"A disc brake apparatus, comprising:
a rotor;
a caliper assembly;
at least one brake pad disposed within the caliper assembly;
a biasing mechanism configured to urge said at least one brake pad into frictional engagement with the rotor; and
a torque-actuated release mechanism mechanically coupled to said at least one brake pad, wherein application of a predetermined torque to said torque-actuated release mechanism is operable to overcome the urging of the biasing mechanism, causing said at least one brake pad to retract from the rotor and thereby open the disc brake apparatus.",ai_generated
US-7825343-B2,Systems and methods for providing information to a customer,"A system for providing information to a customer, comprising:
at least one data storage unit configured to store information relevant to a plurality of customers;
at least one processing unit communicatively coupled to the at least one data storage unit and configured to execute instructions;
at least one communication interface communicatively coupled to the at least one processing unit and configured to facilitate data exchange with external devices;
wherein the at least one processing unit is further configured to:
receive a request for information from a customer device via the at least one communication interface over a communication network;
access the at least one data storage unit to identify and retrieve responsive information based on the received request; and
transmit the retrieved responsive information to the customer device via the at least one communication interface over the communication network.",ai_generated
US-7946251-B2,Therapeutically enhanced pet toy,"A pet toy, comprising:
a main body configured for interactive play by a pet;
and a therapeutic enhancement integrated with said main body, said therapeutic enhancement being distinct from a purely recreational function of the pet toy and configured to impart a therapeutic benefit to the pet during said interactive play, wherein said therapeutic benefit addresses at least one of a physiological condition, a behavioral condition, or a cognitive condition of the pet.",ai_generated
US-7746573-B2,Bonded optical element and manufacturing method thereof,"An optical element comprising a first optical component formed from a first optically transmissive material; a second optical component formed from a second optically transmissive material; and an optical bonding layer disposed directly between and optically coupling said first optical component and said second optical component, said optical bonding layer being optically clear, having a thickness uniformity of less than X micrometers, and exhibiting a refractive index matched to within Y units of at least one of said first or second optically transmissive materials, thereby forming a monolithic optical assembly having a bond interface free of voids and minimizing optical aberrations.",ai_generated
US-7710561-B2,Transspectral illumination,"A method for transspectral illumination of a target object, the method comprising:
generating at least a first illumination beam having a first spectral characteristic and a second illumination beam having a second spectral characteristic, wherein the first spectral characteristic is spectrally distinct from the second spectral characteristic;
directing the first illumination beam and the second illumination beam onto the target object; and
controlling at least one parameter of the first illumination beam or the second illumination beam to vary a spectral composition of light incident upon the target object.",ai_generated
US-7222864-B2,Apparatus and method for determining the correct stance for riders of board-type title conveyances,"Here is patent claim 1 for the invention:

An apparatus for determining a correct stance for a rider of a board-type conveyance having a riding surface, the apparatus comprising:

a plurality of pressure sensors distributed across the riding surface of the board-type conveyance, the pressure sensors configured to detect real-time weight distribution and foot placement data of the rider on the riding surface;

a processing unit operatively coupled to the plurality of pressure sensors, the processing unit configured to receive the real-time weight distribution and foot placement data and to compare the received data to at least one predetermined optimal stance criteria corresponding to a desired riding characteristic; and

a feedback mechanism operatively coupled to the processing unit, the feedback mechanism configured to provide an indication to the rider based on the comparison of the received data to the at least one predetermined optimal stance criteria, thereby guiding the rider to achieve the correct stance.",ai_generated
US-7144096-B2,Inkjet recording apparatus for controlling recovery operation by managing cap-open state and recovery control method,"An inkjet recording apparatus, comprising:
a print head configured to eject ink;
a cap configured to cover a nozzle surface of the print head;
a recovery unit configured to perform a recovery operation on the print head;
a state detection unit configured to detect an open state of the cap relative to the print head; and
a control unit configured to manage information relating to the detected open state, wherein the information relating to the detected open state comprises at least one of a duration of the open state, a number of times the cap has been opened, or a time point at which the cap was opened, and further configured to control the recovery operation performed by the recovery unit based on the managed information.",ai_generated
US-8097465-B2,Sensor with holographic multiplexed image display,"I claim:

1.  An apparatus comprising:
    a sensor configured to detect an environmental condition and to generate sensor data corresponding to the detected environmental condition;
    a processor electrically coupled to the sensor, the processor configured to receive the sensor data and to generate image data based on the sensor data, wherein the image data comprises a plurality of image frames;
    a holographic display element electrically coupled to the processor, the holographic display element configured to receive the image data and to optically form a plurality of multiplexed images responsive to the received image data, wherein the plurality of multiplexed images visually represents the detected environmental condition; and
    a light source configured to illuminate the holographic display element to enable formation of the plurality of multiplexed images.",ai_generated
US-7304783-B2,Control of micromirrors with intermediate states,"A system for controlling micromirrors with intermediate states, comprising:
a micromirror device comprising a plurality of individually addressable micromirrors, wherein each micromirror is configured to reflect incident light;
at least one actuator mechanically coupled to each of said plurality of micromirrors, wherein each actuator is configured to selectively deflect its associated micromirror; and
a control circuit communicatively coupled to said at least one actuator, wherein the control circuit is configured to generate and supply a multi-level control signal to said at least one actuator, thereby causing the associated micromirror to assume a plurality of stable intermediate angular deflection states between a fully ON state and a fully OFF state for modulating the intensity, phase, or direction of reflected light.",ai_generated
US-6744401-B2,Methods and apparatus for radar data processing,"1.  A method for processing radar data, comprising:
    receiving radar data representative of a scene;
    performing at least one signal processing operation on the received radar data, the at least one signal processing operation configured to extract information related to at least one characteristic of the scene; and
    generating an output based on the extracted information.",ai_generated
US-8056153-B2,Multipurpose urinal attachment,"An attachment for a urinal, comprising:
a housing structure having an intake aperture and a discharge aperture;
a mounting mechanism coupled to said housing structure, said mounting mechanism configured to removably secure said housing structure to a rim of a urinal;
a fluid path defined within said housing structure, said fluid path configured to channel fluid from said intake aperture to said discharge aperture; and
a functional element integrated with said housing structure, said functional element configured to provide a utility distinct from fluid conveyance through said fluid path;
wherein said discharge aperture is positioned to direct channeled fluid into a basin of the urinal.",ai_generated
US-7604618-B2,High pressure injection syringe,"1. A high-pressure injection syringe comprising:
a barrel defining a fluid chamber;
a plunger reciprocally disposed within the barrel, configured to expel fluid from the fluid chamber;
an outlet port in fluid communication with the fluid chamber for dispensing the expelled fluid; and
a pressure generation mechanism coupled to the plunger, configured to apply a force to the plunger sufficient to generate a fluid pressure within the fluid chamber exceeding a standard manual injection pressure.",ai_generated
US-8202575-B2,Vapor deposition systems and methods,"1. A vapor deposition system, comprising:
a deposition chamber configured to house a substrate;
a vapor source fluidly connected to the deposition chamber, the vapor source configured to supply a vapor precursor into the deposition chamber;
a substrate holder positioned within the deposition chamber, the substrate holder configured to support the substrate;
a heating element configured to heat at least one of the substrate and the vapor precursor;
a vacuum system fluidly connected to the deposition chamber, the vacuum system configured to maintain a sub-atmospheric pressure within the deposition chamber; and
a control system operably coupled to at least one of the vapor source, the substrate holder, the heating element, and the vacuum system, the control system configured to regulate a deposition process within the deposition chamber.",ai_generated
US-8237269-B2,High Q transformer disposed at least partly in a non-semiconductor substrate,"1. A high Q transformer comprising:
a transformer structure having a quality factor (Q) greater than a predetermined value; and
a non-semiconductor substrate;
wherein at least a portion of the transformer structure is embedded within the non-semiconductor substrate.",ai_generated
US-7339333-B2,"Motor drive control apparatus, motor drive control method and program of the same","An apparatus for controlling a motor;
the apparatus comprising:
an input interface configured to receive a desired motor operation command;
a feedback interface configured to receive at least one feedback signal indicative of an actual operating state of the motor;
a control processing unit configured to calculate a motor control signal based on a comparison between the desired motor operation command and the actual operating state indicated by the at least one feedback signal; and
an output interface configured to output the motor control signal to a power conversion circuit configured to supply power to the motor.",ai_generated
US-6752507-B2,Backlight module structure,"A backlight module structure, comprising:
a housing defining an internal cavity and having an emission aperture;
a plurality of light emitting diodes (LEDs) disposed within the internal cavity, the plurality of LEDs configured to emit light into the internal cavity;
a light guide plate disposed within the internal cavity and positioned to receive light from the plurality of LEDs, the light guide plate configured to propagate and distribute the received light uniformly toward the emission aperture;
at least one optical film disposed above the light guide plate and aligned with the emission aperture, the at least one optical film configured to condition and direct light emanating from the light guide plate; and
a reflector sheet disposed below the light guide plate and within the internal cavity, the reflector sheet configured to reflect downward-emitted light from the light guide plate back toward the light guide plate.",ai_generated
US-7933751-B2,"Method, apparatus and computer program providing broadband preconditioning based on reduced coupling for numerical solvers","A method for providing broadband preconditioning based on reduced coupling for numerical solvers, the method comprising:
obtaining a numerical problem to be solved by a numerical solver;
determining coupling characteristics of the numerical problem;
generating a preconditioning operator based on the determined coupling characteristics, by applying a reduced coupling technique to modify said coupling characteristics, wherein the reduced coupling technique is configured to yield a preconditioning operator that provides broadband preconditioning for the numerical problem across an operational bandwidth; and
applying the preconditioning operator to the numerical problem to form a preconditioned system, the preconditioned system being provided to the numerical solver for solving the numerical problem.",ai_generated
US-8281062-B2,Portable storage device supporting file segmentation and multiple transfer rates,"A portable storage device comprising:
a non-transitory storage medium configured to store data;
a communication interface configured to establish a data connection with an external host device; and
a processing unit coupled to the non-transitory storage medium and the communication interface, wherein the processing unit is configured to segment a file into a plurality of data segments and store said plurality of data segments on the non-transitory storage medium; and further configured to manage data transfer between the non-transitory storage medium and the external host device at a plurality of selectable transfer rates.",ai_generated
US-8685283-B2,"Superficially porous metal oxide particles, methods for making them, and separation devices using them","A superficially porous metal oxide particle comprising:
a solid, non-porous metal oxide core having a diameter ranging from about 0.5 micrometers to about 20 micrometers;
and a porous metal oxide shell concentrically surrounding said core, wherein said shell has a thickness ranging from about 0.05 micrometers to about 2 micrometers;
wherein said shell comprises pores having an average diameter ranging from about 5 nanometers to about 100 nanometers;
wherein said particle has an overall diameter ranging from about 1 micrometer to about 50 micrometers;
and wherein said metal oxide is selected from the group consisting of silica, alumina, titania, zirconia, and combinations thereof.",ai_generated
US-7859384-B2,"Devices, systems, and methods for managing a circuit breaker","A system for managing a circuit breaker, comprising:
a data acquisition module configured to obtain operational parameters associated with the circuit breaker;
a processing module communicatively coupled to the data acquisition module, the processing module configured to analyze the operational parameters and to determine a required management action for the circuit breaker based on the analysis; and
an output module communicatively coupled to the processing module, the output module configured to implement the required management action, wherein the required management action comprises at least one of: issuing a control command to the circuit breaker, or generating an alert based on the operational parameters, or logging historical operational data of the circuit breaker.",ai_generated
US-6438166-B2,"Method and a apparatus for controlling a bit rate of picture data, and a storage medium which stores a program for controlling the bit rate","A method for controlling a bit rate of picture data, the method comprising:
receiving input picture data;
analyzing the received input picture data to determine at least one characteristic relevant to bit rate allocation;
determining a bit rate allocation for the input picture data based on the at least one determined characteristic;
encoding the input picture data according to the determined bit rate allocation; and
outputting the encoded picture data having the controlled bit rate.",ai_generated
US-7271081-B2,Metal/ZnOx/metal current limiter,"1. A current limiter, comprising:
   a first metal electrode;
   a zinc oxide (ZnOx) layer; and
   a second metal electrode;
   wherein the zinc oxide (ZnOx) layer is interposed between and in electrical contact with the first metal electrode and the second metal electrode; and
   wherein the current limiter is configured to limit electrical current flow between the first metal electrode and the second metal electrode based on an electrical characteristic of the zinc oxide (ZnOx) layer.",ai_generated
US-8169534-B2,Volumetric imaging using “virtual” lenslets,"A system for volumetric imaging, comprising:
an optical objective configured to receive light from an object;
a reconfigurable optical element coupled to the optical objective, the reconfigurable optical element configured to generate a dynamic array of virtual lenslets in an optical path of the received light;
wherein the dynamic array of virtual lenslets is configured to spatially and angularly modulate the received light;
an image sensor coupled to the reconfigurable optical element, the image sensor configured to capture image data of the modulated light; and
a processing unit coupled to the image sensor, the processing unit configured to reconstruct a volumetric representation of the object from the image data based on characteristics of the dynamic array of virtual lenslets.",ai_generated
US-6775887-B2,System for the needle-treatment of a conveyable fiber bat,"A system for the needle-treatment of a conveyable fiber bat, comprising:
a conveyor configured to transport said fiber bat along a treatment path;
a needling head positioned adjacent to said treatment path, said needling head comprising a plurality of needles;
a drive mechanism coupled to said needling head, said drive mechanism configured to reciprocate said needling head such that said plurality of needles repeatedly penetrate and withdraw from said fiber bat as said fiber bat is transported along said treatment path;
a stripper plate positioned between said needling head and said conveyor, said stripper plate having a plurality of apertures configured to permit said needles to pass therethrough;
a bed plate positioned beneath said conveyor in alignment with said needling head, said bed plate having a plurality of apertures configured to receive said needles after they pass through said fiber bat and said stripper plate; and
a frame configured to support said conveyor, said needling head, said stripper plate, and said bed plate.",ai_generated
US-6627845-B2,Method and apparatus for laser machining using a laser beam,"1. A method for laser machining using a laser beam, comprising:
    generating a laser beam from a laser source;
    directing the laser beam onto a workpiece;
    translating the laser beam relative to the workpiece to remove material and form a machined feature;
    monitoring a machining characteristic of the workpiece during material removal to generate a real-time process signal;
    analyzing the real-time process signal to determine a current state of the machined feature or a material removal process; and
    dynamically adjusting at least one laser parameter selected from laser power, pulse duration, pulse repetition rate, and laser beam focus position, based on the analyzed real-time process signal, to maintain a desired machining quality or to achieve a target machining profile.",ai_generated
US-7348811-B2,Equalizing transceiver with reduced parasitic capacitance,"Here is a patent claim 1 for the invention ""Equalizing transceiver with reduced parasitic capacitance"", using standard formatting:

A transceiver comprising:
a transmitter path configured to transmit a data signal;
a receiver path configured to receive a data signal;
an equalization circuit coupled to at least one of the transmitter path or the receiver path, the equalization circuit configured to compensate for signal impairments; and
a semiconductor substrate upon which the transmitter path, the receiver path, and the equalization circuit are integrated;
wherein at least a portion of the equalization circuit comprises a plurality of active devices formed within one or more electrically isolated regions of the semiconductor substrate, the one or more electrically isolated regions being configured to substantially reduce parasitic capacitance between said active devices and the semiconductor substrate.",ai_generated
US-8038698-B2,Percutaneous spinal implants and methods,"A percutaneous spinal implant system, comprising:
a first anchor member configured for fixation within a vertebral body or pedicle;
a second anchor member configured for fixation within an adjacent vertebral body or pedicle; and
a connecting member configured to couple with the first anchor member and the second anchor member to stabilize the adjacent vertebral bodies;
wherein at least one of the first anchor member, the second anchor member, and the connecting member is configured for separate introduction through a percutaneous access pathway, and wherein the system is adapted for assembly *in situ* to provide vertebral stabilization.",ai_generated
US-8380865-B2,Gaming system and a method of managing bandwidth usage in a gaming network,"A gaming system for managing bandwidth usage in a gaming network, the system comprising:
a plurality of client gaming devices communicatively coupled to at least one game server over a network;
a bandwidth monitoring module configured to monitor network traffic data and bandwidth consumption associated with each of the plurality of client gaming devices;
a bandwidth management module communicatively coupled to the bandwidth monitoring module, the bandwidth management module configured to analyze the monitored network traffic data and dynamically determine bandwidth allocation policies based on game-specific parameters and real-time network conditions;
a network control module communicatively coupled to the bandwidth management module, the network control module configured to implement the determined bandwidth allocation policies to regulate data transmission rates for the plurality of client gaming devices;
wherein the bandwidth management module is further configured to prioritize critical game data over non-critical game data based on the determined bandwidth allocation policies to minimize network latency and enhance overall gaming experience.",ai_generated
US-6854564-B2,Elevator system,"An elevator system comprising:
a hoistway defining a vertical path of travel;
an elevator car configured to transport passengers or cargo, said elevator car being disposed within the hoistway;
a lifting mechanism mechanically coupled to the elevator car and configured to vertically move the elevator car along the vertical path of travel;
a plurality of guide rails extending vertically within the hoistway and configured to guide the elevator car during vertical movement;
a control system operatively coupled to the lifting mechanism and configured to regulate vertical movement of the elevator car within the hoistway in response to a demand;
at least one car door associated with the elevator car; and
at least one landing door associated with the hoistway, said at least one car door and said at least one landing door being configured to selectively provide access to and from the elevator car at a plurality of landings.",ai_generated
US-7183120-B2,Etch-stop material for improved manufacture of magnetic devices,"Here is a potential claim 1, following standard patent claim formatting:

A material for use as an etch-stop in the manufacture of a magnetic device, the material comprising a layer disposed within a stack of layers forming said magnetic device; wherein said etch-stop layer is configured to exhibit a differential etch rate with respect to at least one adjacent magnetic layer, said differential etch rate being sufficiently high to enable selective removal of said at least one magnetic layer relative to said etch-stop layer using a predetermined etchant; and wherein said etch-stop layer facilitates precise patterning and definition of features in said magnetic device during manufacturing by protecting an underlying layer or defining a lateral dimension of an overlying layer.",ai_generated
US-6853003-B2,Semiconductor devices with capacitors of metal/insulator/metal structure and methods for forming the same,"A semiconductor device comprising:
a semiconductor substrate; and
a metal-insulator-metal (MIM) capacitor structure integrated with said semiconductor device;
wherein said MIM capacitor structure comprises a first metal electrode, a dielectric layer disposed over said first metal electrode, and a second metal electrode disposed over said dielectric layer, thereby forming a stacked metal-insulator-metal configuration.",ai_generated
US-7344634-B2,Process and apparatus for contacting hydrocarbons with catalyst,"A method for catalytically transforming hydrocarbons, comprising:
introducing a hydrocarbon feedstock into a reactor;
introducing a catalyst into the reactor;
contacting the hydrocarbon feedstock with the catalyst within the reactor under predetermined reaction conditions configured to effect a chemical transformation of at least a portion of the hydrocarbon feedstock;
maintaining the hydrocarbon feedstock and the catalyst in contact for a sufficient residence time to achieve said chemical transformation;
and withdrawing an effluent stream comprising transformed hydrocarbons from the reactor.",ai_generated
US-7684327-B2,Temporary disabling of a member of a Virtual Concatenation Group,"A method for temporarily disabling a member of a Virtual Concatenation Group (VCG), the method comprising:
identifying a Virtual Concatenation Group (VCG) comprising a plurality of members, each member configured to carry a portion of a total data stream for the VCG;
identifying a specific member from the plurality of members for temporary disabling;
receiving a command to temporarily disable the specific member or detecting a condition triggering said temporary disabling;
modifying a configuration associated with the VCG to designate the specific member as temporarily out-of-service;
rerouting data traffic previously traversing the specific member to be distributed among remaining active members of the VCG;
maintaining operational status of the remaining active members of the VCG during said temporary disabling;
monitoring for an enabling condition or a subsequent command to re-enable the specific member;
restoring the specific member to an active, in-service status within the VCG upon detection of the enabling condition or receipt of the subsequent command;
readjusting data traffic distribution to include the restored specific member as part of the active VCG.",ai_generated
US-7651655-B2,"Production methods of dielectric layer and dielectric element, dielectric element, and piezoelectric transformer","A method for producing a dielectric element, comprising:
providing a dielectric material;
forming said dielectric material into a dielectric layer;
providing at least one electrode;
and integrating said dielectric layer with said at least one electrode to form a dielectric element.",ai_generated
US-8112179-B2,Multi-joint robot and control program thereof,"Here is a patent claim 1 for the invention 'Multi-joint robot and control program thereof', following standard formatting:

A multi-joint robot comprising:
a plurality of links;
a plurality of joints connecting said links, each joint configured to provide at least one degree of freedom of movement;
an end effector coupled to at least one of said links;
at least one sensor configured to acquire data relating to an operating environment of the robot or a state of the robot;
a controller communicatively coupled to said plurality of joints and said at least one sensor;
and a non-transitory computer readable medium coupled to said controller, said medium storing a control program comprising instructions that, when executed by said controller, cause said multi-joint robot to perform a task by:
receiving said data from said at least one sensor;
determining a desired movement trajectory for said end effector based on said received data and a predefined task objective;
calculating a sequence of joint angle commands for said plurality of joints to achieve said desired movement trajectory;
and issuing said sequence of joint angle commands to said plurality of joints to effect a coordinated movement of said multi-joint robot according to said desired movement trajectory.",ai_generated
US-8269062-B2,"Lunaria annua, Cardamine graeca and Teesdalia nudicaulis FAE genes and their use in producing nervonic and eicosenoic acids in seed oils","An isolated nucleic acid molecule encoding a fatty acid elongase (FAE) protein; wherein said FAE protein is derived from *Lunaria annua*, *Cardamine graeca*, or *Teesdalia nudicaulis*, or is a functional fragment or variant thereof; and wherein said nucleic acid molecule, when expressed in a plant, increases the production of nervonic acid or eicosenoic acid in seed oil of the plant.",ai_generated
US-7359992-B2,Method of preserving symmetrical routing in a communication system based upon a server farm,"A method of preserving symmetrical routing in a communication system comprising a server farm, the method comprising:
receiving, by a network ingress device coupled to a plurality of servers forming the server farm, an incoming communication request from a client device, the incoming communication request having a client network address as a source network address;
selecting, by the network ingress device, one of the plurality of servers to process the incoming communication request;
modifying, by the network ingress device, the source network address of the incoming communication request from the client network address to a network address of the network ingress device, thereby generating a modified communication request;
forwarding the modified communication request to the selected server;
receiving, by the network ingress device, a communication response from the selected server, the communication response having a destination network address corresponding to the network address of the network ingress device;
modifying, by the network ingress device, the destination network address of the communication response from the network address of the network ingress device to the client network address, thereby generating a modified communication response; and
transmitting the modified communication response to the client device.",ai_generated
US-6837854-B2,Methods and systems for using reference images in acoustic image processing,"A method for acoustic image processing, the method comprising:
acquiring acoustic data corresponding to a target scene;
obtaining at least one reference image, said at least one reference image being associated with the target scene or a characteristic thereof;
processing the acquired acoustic data in conjunction with the at least one reference image to generate a processed acoustic image; and
outputting the processed acoustic image.",ai_generated
US-8476943-B2,Semiconductor device,"What is claimed is:
A semiconductor device, comprising:
a semiconductor substrate;
at least one active region formed in or on the semiconductor substrate;
at least one gate dielectric layer disposed over at least a portion of the active region;
and at least one gate electrode disposed over the at least one gate dielectric layer, wherein the at least one gate electrode is configured to modulate electrical conductivity within the at least one active region.",ai_generated
US-6944196-B2,Solid state laser amplifier,"1. A solid state laser amplifier, comprising:
    a solid state gain medium;
    a pump source optically coupled to the solid state gain medium, the pump source configured to excite the solid state gain medium to a population inversion state;
    an input for receiving an input laser beam; and
    an output for providing an amplified laser beam;
    wherein the input laser beam is directed through the solid state gain medium, and wherein the excited solid state gain medium amplifies the input laser beam to generate the amplified laser beam.",ai_generated
US-7697290-B2,Electronic apparatus and fan module thereof,"Here is a possible Claim 1 based on the invention title:

An electronic apparatus comprising:
a housing defining an interior space;
at least one electronic component disposed within the interior space, the at least one electronic component configured to generate heat during operation;
a fan module configured to be detachably coupled to the housing, the fan module comprising at least one fan, wherein the fan module is positioned to draw air into the interior space or expel air from the interior space to cool the at least one electronic component; and
a control unit communicatively coupled to the at least one electronic component and the fan module, wherein the control unit is configured to receive temperature data from the at least one electronic component and to adjust an operational parameter of the at least one fan based on the received temperature data.",ai_generated
US-7674190-B2,Golf club head,"A golf club head comprising:
a body having a striking face configured to impact a golf ball;
a sole extending rearwardly from a lower edge of the striking face;
a crown extending rearwardly from an upper edge of the striking face, the crown being opposite the sole;
a heel portion and a toe portion disposed on opposite sides of the striking face; and
a hosel integrally formed with or attached to the body, the hosel defining an opening configured to receive a golf club shaft.",ai_generated
US-7218351-B2,Image-sensing apparatus for compensating video signal of a plurality of channels,"An image-sensing apparatus for compensating a video signal from a plurality of channels, the apparatus comprising:
a plurality of image sensors configured to capture images and generate a corresponding plurality of raw video signals, each raw video signal associated with a distinct channel;
a processing unit communicatively coupled to the plurality of image sensors, the processing unit configured to receive the plurality of raw video signals; and
a compensation module integrated within the processing unit, the compensation module configured to analyze characteristics of the plurality of raw video signals and apply compensation adjustments to at least one of the plurality of raw video signals to mitigate differences therebetween, thereby producing a unified compensated video signal.",ai_generated
US-6795422-B2,Method of providing hysteresis in detection of path timing by multiplying delay profile by weighting coefficient,"A method of providing hysteresis in detection of path timing, the method comprising:
obtaining a delay profile associated with a communication path;
determining a weighting coefficient based on a current detection state of the communication path, wherein the current detection state comprises at least one of a path detected state and a path not detected state;
multiplying the delay profile by the determined weighting coefficient to generate a weighted delay profile; and
detecting the path timing based on the weighted delay profile, such that the detection threshold for entering the path detected state is different from the detection threshold for exiting the path detected state, thereby providing hysteresis in the detection of path timing.",ai_generated
US-7645925-B2,Tobacco products with increased nicotine,"A tobacco product comprising a tobacco material; wherein the tobacco product has an increased nicotine content relative to a corresponding conventional tobacco product, said increased nicotine content being at least 20% greater than a total nicotine content of the corresponding conventional tobacco product; and further wherein the tobacco product comprises an exogenous nicotine source combined with the tobacco material or the tobacco material is derived from a high-nicotine tobacco varietal.",ai_generated
US-7271475-B2,Memory card with connecting portions for connection to an adapter,"A memory card comprising:
a card body;
a memory unit disposed within the card body; and
a plurality of electrical connecting portions exposed on an outer surface of the card body, wherein the plurality of electrical connecting portions is physically and electrically configured for engagement with corresponding features of an adapter to facilitate communication between the memory card and the adapter.",ai_generated
US-8011864-B2,Method for facilitating chatter stability mapping in a simultaneous machining application,"A method for facilitating chatter stability mapping in a simultaneous machining application, the method comprising:
obtaining dynamic characteristics of at least two machining subsystems involved in the simultaneous machining application;
determining spatial and temporal relationships between the at least two machining subsystems;
generating a coupled dynamic model representing vibration behavior of the at least two machining subsystems, wherein the coupled dynamic model accounts for interactions between the subsystems based on the determined spatial and temporal relationships;
calculating chatter stability limits for the simultaneous machining application across a range of machining parameters using the coupled dynamic model; and
generating a chatter stability map visually representing stable and unstable machining regions for the simultaneous machining application based on the calculated chatter stability limits, wherein the generated chatter stability map facilitates selection of machining parameters to avoid chatter during the simultaneous machining application.",ai_generated
US-6936324-B2,Data storage media containing transparent polycarbonate blends,"A data storage medium comprising:
a transparent layer comprising a polycarbonate blend;
wherein the polycarbonate blend comprises a first polycarbonate and at least one other polymer different from the first polycarbonate; and
wherein the transparent layer is configured for optical data recording and/or playback.",ai_generated
US-7621370-B2,Sound increase apparatus,"An apparatus for increasing sound, comprising:
an input component configured to receive ambient sound and generate an electrical signal representative of said ambient sound;
a processing unit electrically coupled to the input component and configured to amplify the electrical signal; and
an output component electrically coupled to the processing unit and configured to convert the amplified electrical signal into an increased sound output.",ai_generated
US-8128207-B2,"Head chip, liquid jet head, liquid jet recording device, and method of manufacturing the head chip","A head chip for a liquid jet device, comprising:
a substrate;
a nozzle plate formed on the substrate and including a plurality of nozzles;
a plurality of individual liquid chambers, each of the plurality of individual liquid chambers being fluidically connected to a corresponding one of the plurality of nozzles;
a plurality of pressure generating elements, each of the plurality of pressure generating elements positioned to impart pressure to liquid within a corresponding one of the plurality of individual liquid chambers to cause liquid ejection from the corresponding nozzle; and
a common liquid supply path configured to supply liquid to the plurality of individual liquid chambers.",ai_generated
US-7171587-B2,Automatic test system with easily modified software,"An automatic test system, comprising:
a processor;
a memory coupled to the processor, the memory storing executable software instructions;
test hardware coupled to the processor, the test hardware configured to apply stimuli to and acquire responses from a device under test (DUT);
an interface configured to couple the test hardware to the DUT;
wherein the executable software instructions, when executed by the processor, configure the system to perform automated testing of the DUT, and further define a software framework configured to enable modification of a test sequence by altering a configuration of test operations without requiring recompilation of a primary control program.",ai_generated
US-7672671-B2,Method and apparatus for enabling operators with operators with unused bandwidth to acquire users,"A method for enabling operators having available bandwidth capacity to acquire new users, the method comprising:
receiving, by a computing system, from a plurality of network operators, data indicative of available network bandwidth capacity;
receiving, by the computing system, from a plurality of potential users, requests for acquiring network bandwidth;
comparing the received data indicative of available network bandwidth capacity with the received requests for acquiring network bandwidth;
identifying, based on the comparison, at least one match between an operator with available network bandwidth capacity and a potential user requesting network bandwidth; and
facilitating, by the computing system, the acquisition of network bandwidth by the identified potential user from the identified operator.",ai_generated
US-8306807-B2,"Structured data translation apparatus, system and method","An apparatus for structured data translation, comprising:
an input interface configured to receive source structured data, wherein the source structured data conforms to a predefined source data schema;
a memory storing a plurality of translation rules defining transformations between elements of the source data schema and a predefined target data schema;
a processing unit communicatively coupled to the input interface and the memory, the processing unit configured to access the source structured data via the input interface, and to apply the plurality of translation rules stored in the memory to translate the source structured data into target structured data, wherein the target structured data conforms to the predefined target data schema; and
an output interface communicatively coupled to the processing unit, the output interface configured to provide the target structured data.",ai_generated
US-7169473-B2,Carbon film-coated article and method of producing the same,"I will provide a typical structure for Claim 1 focusing on the article itself, as it's listed first in the title.

**Claim 1**

An article comprising:
a substrate; and
a carbon film disposed on at least a portion of a surface of the substrate;
wherein the carbon film has a thickness ranging from about 1 nanometer to about 10 micrometers;
wherein the carbon film exhibits a hardness of at least about 5 GigaPascals; and
wherein the carbon film is substantially adherent to the substrate.",ai_generated
US-8590419-B2,Reactor coolant pump flywheel,"1. A flywheel for a reactor coolant pump motor in a nuclear reactor system; the flywheel comprising:
a rotatable mass;
a coupling mechanism configured to connect the rotatable mass to a drive shaft of the reactor coolant pump motor;
wherein the rotatable mass is configured to accumulate rotational kinetic energy during normal operation of the reactor coolant pump motor; and
wherein, upon an interruption of electrical power to the reactor coolant pump motor, the accumulated rotational kinetic energy of the rotatable mass is configured to provide continued rotational drive to the drive shaft to sustain fluid circulation by the reactor coolant pump.",ai_generated
US-7478661-B2,"Composite document for bearing secure information, apparatus and method for producing such document","A composite document for bearing secure information, the composite document comprising:
a first substrate layer;
secure information integrated into a surface of said first substrate layer, said secure information being covertly applied to be substantially imperceptible to unaided visible inspection prior to removal of a subsequent layer;
a second layer overlying said secure information and adhered to said first substrate layer, said second layer being substantially opaque to prevent visible inspection of said secure information and configured to protect said secure information; and
said second layer being irreversibly separable from said first substrate layer, wherein separation of said second layer from said first substrate layer permanently alters at least one of said secure information or said first substrate layer to indicate evidence of tampering, thereby forming a tamper-evident laminate structure.",ai_generated
US-7745989-B2,"Light emitting element, light emitting device, and electronic apparatus","1. A light emitting element, comprising:
    a substrate;
    a first electrode disposed on the substrate;
    a light emitting layer disposed over the first electrode;
    a second electrode disposed over the light emitting layer; and
    an auxiliary functional layer disposed between the first electrode and the second electrode, the auxiliary functional layer being configured to enhance charge injection into the light emitting layer, improve charge transport within the light emitting element, or increase light extraction efficiency from the light emitting element.",ai_generated
US-7951579-B2,Method for bacteriophage delivery and amplification,"A method for bacteriophage delivery and amplification, comprising:
  contacting a target bacterial population with at least one bacteriophage;
  incubating the target bacterial population with the at least one bacteriophage under conditions that promote bacteriophage infection and replication; and
  allowing the bacteriophage to multiply by lysing the target bacterial population, thereby producing an amplified population of bacteriophages.",ai_generated
US-7206428-B2,Acoustic receiver having improved mechanical suspension,"An acoustic receiver comprising:
a housing;
an acoustic sensing element disposed within the housing;
a first resilient element coupled to the acoustic sensing element;
an intermediate mass coupled to the first resilient element; and
a second resilient element coupled between the intermediate mass and the housing, wherein the first resilient element and the second resilient element are configured to provide vibration isolation to the acoustic sensing element in at least two orthogonal directions, and wherein the combination of the first resilient element, the intermediate mass, and the second resilient element forms a multi-stage mechanical suspension system.",ai_generated
US-7771697-B2,Method for preparing functional nanomaterials utilizing endothermic reaction,"A method for preparing functional nanomaterials, comprising:
providing at least one precursor material;
initiating an endothermic reaction of said at least one precursor material;
wherein the endothermic reaction consumes thermal energy from its surroundings during the formation of said functional nanomaterials.",ai_generated
US-8323649-B2,Antibodies to IL-6 and use thereof,"An isolated antibody or antigen-binding fragment thereof, that specifically binds to human interleukin-6 (IL-6);
and neutralizes at least one biological activity of human IL-6;
wherein the antibody is a monoclonal antibody;
and wherein the antibody is selected from the group consisting of a human antibody, a humanized antibody, and a chimeric antibody.",ai_generated
US-8542546-B2,Semiconductor memory device and method for testing same,"A semiconductor memory device comprising:
a memory array comprising a plurality of memory cells configured to store data;
address decoding logic coupled to the memory array and configured to select a subset of the plurality of memory cells based on an input address;
read/write circuitry coupled to the memory array and configured to read data from and write data to the selected subset of memory cells;
control logic coupled to the address decoding logic and the read/write circuitry, the control logic configured to control read and write operations within the memory array; and
test control circuitry coupled to at least one of the address decoding logic, the read/write circuitry, and the control logic, the test control circuitry configured to operate the semiconductor memory device in a test mode;
wherein, in the test mode, the test control circuitry is further configured to: apply a sequence of test patterns to the memory array; read data from the memory array in response to the applied test patterns; and compare the read data with expected data to detect at least one fault within the semiconductor memory device.",ai_generated
US-7577487-B2,Methods and apparatus for a band to band transfer module,"An apparatus for band to band transfer, comprising:
a first interface configured to receive an input signal associated with a first characteristic band;
a second interface configured to provide an output signal associated with a second characteristic band; and
a transfer module communicatively coupled between the first interface and the second interface, the transfer module configured to convert at least one characteristic of the input signal from the first characteristic band to the second characteristic band to generate the output signal;",ai_generated
US-7882707-B2,Refrigeration hot gas desuperheater systems,"1. A refrigeration system, comprising:
a compressor configured to compress a refrigerant gas;
a condenser fluidly coupled to an outlet of the compressor;
an expansion device fluidly coupled to an outlet of the condenser;
an evaporator fluidly coupled to an outlet of the expansion device and an inlet of the compressor;
and a hot gas desuperheater system;
wherein the hot gas desuperheater system comprises:
a desuperheater heat exchanger having a refrigerant inlet, a refrigerant outlet, a cooling fluid inlet, and a cooling fluid outlet;
a hot gas conduit fluidly coupling the outlet of the compressor to the refrigerant inlet of the desuperheater heat exchanger;
a desuperheated gas conduit fluidly coupling the refrigerant outlet of the desuperheater heat exchanger to an inlet of the condenser;
and a cooling fluid circuit configured to circulate a cooling fluid from the cooling fluid inlet, through the desuperheater heat exchanger, and out the cooling fluid outlet to remove heat from hot refrigerant gas flowing through the desuperheater heat exchanger.",ai_generated
US-7897206-B2,"Method of manufacturing an optical data storage medium, optical data storage medium and apparatus for performing said method","A method of manufacturing an optical data storage medium, comprising:
providing a substrate;
forming at least one recording layer on said substrate;
structuring said at least one recording layer to define a plurality of data storage elements configured for optical data storage; and
applying a protective layer over said at least one recording layer.",ai_generated
US-8654838-B2,System and method for video and graphic compression using multiple different compression techniques and compression error feedback,"A system for video and graphic compression, the system comprising:
a data input interface configured to receive input data comprising video data and graphic data;
a compression module coupled to the data input interface, the compression module configured to apply a plurality of different compression techniques to the received input data;
an error detection module coupled to the compression module, the error detection module configured to detect compression errors resulting from the application of the plurality of different compression techniques; and
a feedback module coupled to the error detection module and the compression module, the feedback module configured to provide compression error feedback to the compression module, wherein the compression module is further configured to adjust the application of the plurality of different compression techniques based on the compression error feedback.",ai_generated
US-8700925-B2,Regulating power using a fuzzy logic control system,"A system for regulating power, comprising:
a sensor configured to measure at least one power parameter of a power system;
a fuzzy logic controller communicatively coupled to the sensor, the fuzzy logic controller configured to receive the measured power parameter as an input, process said input using a set of fuzzy rules and membership functions, and generate a control output; and
an actuator communicatively coupled to the fuzzy logic controller, the actuator configured to receive the control output and adjust the power within the power system based on the control output.",ai_generated
US-8356165-B2,Selecting regions of hot code in a dynamic binary rewriter,"A method for selecting regions of hot code in a dynamic binary rewriter, the method comprising:
executing a binary program within a dynamic binary rewriter;
monitoring execution of the binary program to collect execution profile data;
identifying one or more regions of hot code within the binary program based on the collected execution profile data;
wherein the dynamic binary rewriter applies code transformations to the identified one or more regions of hot code during execution of the binary program.",ai_generated
US-7527114-B2,Electrically-powered axle with wheel hub drive,"An electrically-powered axle with wheel hub drive, comprising:
an axle shaft;
at least one wheel hub, wherein said at least one wheel hub is rotatably mounted on said axle shaft;
at least one electric motor, wherein said at least one electric motor is disposed within said at least one wheel hub;
wherein said at least one electric motor is configured to drive a wheel associated with said at least one wheel hub;
and electrical power coupling means for providing electrical power to said at least one electric motor.",ai_generated
US-8373151-B2,Write-once memory array including phase-change elements and threshold switch isolation,"1. A memory array, comprising:
a plurality of memory cells, each memory cell comprising a phase-change element and a threshold switch electrically coupled in series with the phase-change element;
wherein the memory array is configured as a write-once memory array.",ai_generated
US-7986067-B2,Brushless motor,"A brushless motor, comprising:
a stator defining a central axis, the stator having a plurality of phase windings distributed around an inner periphery thereof;
a rotor rotatably coupled to the stator and concentrically arranged with the central axis, the rotor having a plurality of permanent magnets arranged on an outer periphery thereof;
a position sensor configured to detect a rotational position of the rotor relative to the stator; and
a controller electrically coupled to the position sensor and the plurality of phase windings, the controller configured to selectively energize the plurality of phase windings based on the detected rotational position to generate a rotating magnetic field that electromagnetically interacts with the plurality of permanent magnets to cause rotation of the rotor relative to the stator.",ai_generated
US-7896801-B2,Endoscope with rigidity variation section,"An endoscope, comprising:
an elongate insertable shaft having a distal end and a proximal end;
an imaging system disposed at the distal end of the elongate insertable shaft;
a control section coupled to the proximal end of the elongate insertable shaft;
a rigidity variation section disposed along a portion of the elongate insertable shaft, the rigidity variation section configured to selectively alter its stiffness between at least a first stiffness state and a second stiffness state; and
an actuation mechanism operatively coupled to the rigidity variation section and extending to the control section, the actuation mechanism configured to enable a user to selectively alter the stiffness of the rigidity variation section from the control section.",ai_generated
US-8317508-B2,Frame for a device for manufacturing a three-dimensional object and device for manufacturing a three-dimensional object by such a frame,"I'll draft a claim for the ""device for manufacturing a three-dimensional object"" since it encompasses the frame within its definition, making it a good choice for Claim 1.

---

1.  A device for manufacturing a three-dimensional object, comprising:
    a frame providing structural support for components of the device;
    a build platform supported by the frame and configured to receive deposited material;
    a material deposition head configured to selectively deposit a material onto the build platform; and
    a multi-axis motion system coupled to the frame, the multi-axis motion system configured to impart relative movement between the build platform and the material deposition head along at least a first axis, a second axis, and a third axis, for progressively forming the three-dimensional object in layers upon the build platform.",ai_generated
US-8837998-B2,Fixing device with guide member having multiple spurs and image forming apparatus incorporating same,"A fixing device, comprising:
    a heating member configured to heat a recording medium;
    a pressing member configured to press the recording medium against the heating member, thereby forming a nip; and
    a guide member configured to guide the recording medium along a path through the nip,
    wherein the guide member includes a plurality of spurs extending therefrom, said spurs being configured to contact the recording medium.",ai_generated
US-7679221-B2,Power saving switch,"A power saving switch, comprising:
a power input terminal configured to receive electrical power from a power source;
a power output terminal configured to supply electrical power to an electrical load;
a switching element electrically coupled between the power input terminal and the power output terminal, the switching element configured to selectively connect and disconnect power therebetween;
a sensing unit configured to detect a condition indicative of a reduced power demand by the electrical load or an absence of a user requiring power from the electrical load; and
a control unit operatively coupled to the sensing unit and the switching element, the control unit configured to receive a signal from the sensing unit and, in response to said signal, actuate the switching element to disconnect power from the power output terminal, thereby conserving power.",ai_generated
US-7520202-B2,Guiding device for saw blade of band saw,"A guiding device for a saw blade of a band saw, comprising:
a support body configured to be mounted to a band saw frame;
a plurality of lateral guiding elements coupled to the support body and positioned to engage opposite lateral sides of the saw blade; and
at least one thrust guiding element coupled to the support body and positioned to engage a back edge of the saw blade.",ai_generated
US-7476996-B2,Resolver external conductor fixing structure,"A resolver external conductor fixing structure, comprising:
a resolver housing having an external connection port;
at least one external conductor configured to electrically connect to the resolver within the resolver housing; and
a fixing member structurally coupled to the resolver housing proximate the external connection port, the fixing member configured to mechanically engage a segment of the at least one external conductor to restrict movement of the at least one external conductor relative to the resolver housing and provide strain relief for an electrical connection of the at least one external conductor to the resolver.",ai_generated
US-8040534-B2,Image processing method and apparatus comprising an image processing in which a RIP process is performed on original image data,"Here are two independent claims, one for a method and one for an apparatus, based on your invention title:

**Claim 1 (Method):**
A method of image processing, comprising:
receiving original image data;
performing a Raster Image Processor (RIP) process on the original image data; and
generating rasterized image data.

**Claim 1 (Apparatus):**
An image processing apparatus, comprising:
an input interface configured to receive original image data;
a Raster Image Processor (RIP) configured to perform a RIP process on the original image data and generate rasterized image data; and
an output interface configured to output the rasterized image data.",ai_generated
US-7595768-B2,Switching schemes for multiple antennas,"A wireless communication device, comprising:
a plurality of antennas;
an antenna switching unit coupled to the plurality of antennas; and
a processing unit configured to determine channel characteristics associated with signals received or transmitted via the plurality of antennas, and based on the determined channel characteristics, control the antenna switching unit to activate a selected subset of the plurality of antennas according to a switching scheme to optimize a communication performance metric.",ai_generated
US-8162674-B2,Backlight assembly and display device having the same,"A display device comprising:
a display panel configured to display an image;
a backlight assembly positioned to illuminate the display panel, the backlight assembly comprising:
    a light guide plate having at least one light incident surface and an opposite light emitting surface;
    a light source positioned adjacent to the at least one light incident surface of the light guide plate, the light source configured to emit light into the light guide plate;
    at least one optical film stack disposed over the light emitting surface of the light guide plate;
    a reflective element disposed beneath the light guide plate; and
    a support frame configured to house the light guide plate, the light source, the at least one optical film stack, and the reflective element in a compact arrangement;
wherein the compact arrangement of the backlight assembly components within the support frame results in a reduced overall thickness for the display device while providing substantially uniform illumination to the display panel.",ai_generated
US-8099593-B2,System and method for retrieving related certificates,"A system for retrieving related certificates, the system comprising:
    a certificate data store configured to store a plurality of certificates, each certificate comprising a plurality of attributes;
    an input interface configured to receive a retrieval request, the retrieval request comprising at least one of a search criterion and an identifier of a seed certificate;
    a processing unit communicatively coupled to the certificate data store and the input interface;
    a relationship determination engine executable by the processing unit, the relationship determination engine configured to identify one or more related certificates from the plurality of certificates stored in the certificate data store, wherein identification of the one or more related certificates is based on the retrieval request and a set of predefined relationship rules, the predefined relationship rules defining relationships between certificates based on their respective attributes;
    a certificate retrieval engine executable by the processing unit, the certificate retrieval engine configured to retrieve data corresponding to the identified one or more related certificates from the certificate data store; and
    an output interface configured to present the retrieved data corresponding to the one or more related certificates.",ai_generated
US-6800860-B2,Optical architectures for microvolume laser-scanning cytometers,"1. An apparatus for microvolume laser-scanning cytometry, comprising:
    a laser source configured to generate at least one excitation beam;
    an excitation optical path comprising a plurality of optical components arranged to direct and focus the at least one excitation beam into a sample interrogation region, wherein the sample interrogation region is dimensioned to contain a microvolume sample;
    a scanning mechanism configured to effect relative scanning movement between the at least one excitation beam and the microvolume sample within the sample interrogation region;
    a collection optical path comprising a plurality of optical components arranged to collect light emitted or scattered from the microvolume sample in response to excitation by the at least one excitation beam;
    at least one detector optically coupled to the collection optical path, the at least one detector configured to generate an electrical signal corresponding to the collected light; and
    a processor configured to analyze the electrical signal to determine cytometric properties of the microvolume sample.",ai_generated
US-7522047-B2,Adjustable display assembly for a retail product,"An adjustable display assembly for a retail product, comprising:
a base configured to stably rest on a supporting surface;
a support member operably coupled to the base, extending upwardly therefrom;
a display platform configured to receive and present at least one retail product thereon; and
an adjustment mechanism operably coupled between the support member and the display platform, wherein the adjustment mechanism is configured to selectively adjust at least one of a vertical position or an angular orientation of the display platform relative to the base.",ai_generated
US-6890321-B2,Hard tip over-the-needle intravenous catheter,"A hard tip over-the-needle intravenous catheter assembly, comprising:
a catheter tube having a proximal end and a distal end, said catheter tube defining a lumen extending therethrough;
a catheter hub coupled to the proximal end of the catheter tube;
an introducer needle having a proximal end, a shaft, and a sharpened distal tip, said introducer needle shaft slidably disposed within the lumen of the catheter tube such that the sharpened distal tip extends distally beyond the distal end of the catheter tube;
a needle hub coupled to the proximal end of the introducer needle; and
wherein a distal end portion of the catheter tube, comprising said distal end, is more rigid than a remainder of the catheter tube.",ai_generated
US-7879733-B2,Method for manufacturing semiconductor device free from layer-lifting between insulating layers,"A method for manufacturing a semiconductor device free from layer-lifting between insulating layers, comprising:
providing a semiconductor substrate;
depositing a first insulating layer over the semiconductor substrate;
performing a surface modification treatment on an exposed surface of the first insulating layer, said surface modification treatment comprising at least one of a plasma treatment, a chemical surface activation, or a surface roughening process;
depositing a second insulating layer directly onto the surface-modified first insulating layer;
wherein said surface modification treatment enhances adhesion between the first insulating layer and the second insulating layer, thereby preventing layer-lifting therebetween during subsequent semiconductor manufacturing processes.",ai_generated
US-8718318-B2,Fingerprint development in image based spam blocking,"A method for blocking image-based spam, the method comprising:
receiving an electronic communication comprising an embedded image;
extracting a plurality of visual characteristics from the embedded image;
generating a unique image fingerprint by transforming the plurality of visual characteristics into a distinct identifier;
comparing the unique image fingerprint with a stored database of known spam image fingerprints;
determining a similarity score between the unique image fingerprint and at least one known spam image fingerprint in the stored database; and
blocking the electronic communication in response to the similarity score exceeding a predetermined threshold.",ai_generated
US-8528991-B2,Vehicle wheel rim,"1. A vehicle wheel rim, comprising:
    an annular body defining a central axis of rotation;
    said annular body further defining an inner circumferential bead seat and an outer circumferential bead seat, each configured to engage a respective bead of a pneumatic tire;
    an inner retention flange extending from said inner circumferential bead seat and an outer retention flange extending from said outer circumferential bead seat, said retention flanges configured to axially retain the pneumatic tire on the rim;
    a drop center well portion disposed radially inward of and between said inner and outer circumferential bead seats, said drop center well portion providing radial clearance for mounting and demounting the pneumatic tire; and
    a mounting interface configured to connect the vehicle wheel rim to a wheel hub of a vehicle.",ai_generated
US-7288028-B2,Method and apparatus for quickly joining an online game being played by a friend,"A method for quickly joining an online game being played by a friend, the method comprising:
obtaining, by a computing device associated with a first user, status information for a plurality of friends of the first user, wherein the status information comprises an indication of an online game currently being played by at least one of the plurality of friends and an identifier for a specific game instance thereof;
generating, by the computing device, a user interface element for display to the first user, the user interface element comprising an indicator that the at least one friend is actively playing the online game and a selectable option to join the online game;
receiving, by the computing device, an input from the first user selecting the selectable option to join the online game;
in response to receiving the input, automatically launching, by the computing device, the online game if the online game is not currently running on the computing device; and
automatically connecting, by the computing device, the first user directly to the specific game instance of the online game in which the at least one friend is currently playing, without requiring manual navigation through game lobbies or menus by the first user.",ai_generated
US-8346413-B2,Wireless display unit for ECP transition system,"1. A wireless display unit for an electronic controlled pneumatic (ECP) transition system, the wireless display unit comprising:
a display screen configured to present visual information related to operation of the ECP transition system;
a wireless transceiver configured to receive, from an ECP control system, data indicative of a current state of the ECP transition system;
a processor coupled to the wireless transceiver and the display screen, the processor configured to process the received data and generate display signals based on the processed data;
wherein the data indicative of the current state of the ECP transition system includes at least one of a brake pipe pressure, a reservoir pressure, a commanded brake state, an actual brake state, a fault condition, and a transition progress indicator;
wherein the display screen is further configured to visually present a status of a transition within the ECP transition system based on the processed data; and
a power source configured to provide electrical power to the wireless transceiver, the processor, and the display screen.",ai_generated
US-7980092-B2,Compressor,"A compressor comprising:
a housing defining an interior volume;
an inlet port configured to receive a fluid into the interior volume;
an outlet port configured to discharge a compressed fluid from the interior volume;
a compression mechanism disposed within the interior volume and operably coupled to the inlet port and the outlet port, said compression mechanism configured to reduce the volume of fluid within the interior volume; and
a drive mechanism operably coupled to the compression mechanism and configured to actuate the compression mechanism;
whereby operation of the drive mechanism causes the compression mechanism to draw fluid through the inlet port, compress the fluid, and expel the compressed fluid through the outlet port.",ai_generated
US-7492159-B2,Nuclear magnetic resonance spectrometer for liquid-solution,"1. An apparatus for nuclear magnetic resonance spectroscopy of liquid-solution samples, comprising:
a main magnet assembly configured to generate a static magnetic field having a homogeneity suitable for high-resolution liquid NMR;
a sample probe unit configured to receive and position a liquid-solution sample container within the static magnetic field;
at least one radiofrequency (RF) coil disposed within the sample probe unit, wherein the at least one RF coil is configured to irradiate the liquid-solution sample with RF pulses and detect nuclear magnetic resonance signals emitted therefrom;
a transceiver unit coupled to the at least one RF coil, wherein the transceiver unit is configured to generate the RF pulses and to receive and digitize the nuclear magnetic resonance signals; and
a spectrometer console coupled to the main magnet assembly, the sample probe unit, and the transceiver unit, wherein the spectrometer console is configured to control operation of the apparatus and to process the digitized nuclear magnetic resonance signals to generate a spectrum of the liquid-solution sample.",ai_generated
US-8421591-B2,Method and system of conditionally operating a movable barrier,"A method for conditionally operating a movable barrier, the method comprising:
detecting an event or receiving an input associated with an operating condition of the movable barrier;
comparing the detected event or received input to a predefined set of operational criteria;
determining, based on the comparison, whether to actuate the movable barrier;
transmitting an actuation command to an actuator coupled to the movable barrier to cause the movable barrier to operate in a determined operational mode;
monitoring a path of the movable barrier for an obstruction during operation; and
adjusting the operation of the movable barrier, including stopping or reversing movement thereof, in response to detecting an obstruction.",ai_generated
US-6840789-B2,Connector and a method of assembling it,"1. A connector, comprising:
a main housing body defining a plurality of terminal receiving passages, each passage configured to receive an electrical terminal;
a plurality of electrical terminals, each terminal disposed within a respective one of the plurality of terminal receiving passages; and
a terminal retention member configured to be detachably coupled to the main housing body, the terminal retention member, when coupled, preventing withdrawal of the plurality of electrical terminals from the respective terminal receiving passages;
wherein the main housing body and the terminal retention member are cooperatively structured to permit insertion of the plurality of electrical terminals into the main housing body prior to coupling the terminal retention member to the main housing body.",ai_generated
US-7149500-B2,Charge-all mode for calls in telecommunication network,"Here is a patent claim 1 for the invention title 'Charge-all mode for calls in telecommunication network':

A method for managing call charging in a telecommunication network, the method comprising:
activating a charge-all mode within a network element of the telecommunication network;
identifying a plurality of communication calls originating from or terminating to a subscriber entity associated with said activated charge-all mode;
for each identified communication call, generating a charging record indicative of chargeable usage for said call, irrespective of predefined charging rules that would otherwise classify said call as non-chargeable or free; and
transmitting said charging record to a billing system for processing.",ai_generated
US-7347901-B2,Thermally zoned substrate holder assembly,"1. A thermally zoned substrate holder assembly, comprising a substrate support for holding a substrate; a plurality of heating elements disposed within the substrate support, the plurality of heating elements being arranged to define a plurality of distinct thermal zones on a surface of the substrate support; and a control system coupled to the plurality of heating elements, the control system configured to independently control a temperature of each of the plurality of distinct thermal zones.",ai_generated
US-8227061-B2,Heat resistant air hose,"An air hose comprising:
an inner tube defining a lumen for conveying air, said inner tube formed from a first heat-resistant elastomeric material;
at least one reinforcement layer circumferentially disposed around said inner tube, said at least one reinforcement layer comprising heat-resistant fibers embedded within a matrix; and
an outer cover circumferentially disposed around said at least one reinforcement layer, said outer cover formed from a second heat-resistant elastomeric material;
wherein the air hose is configured to maintain structural integrity and flexible properties while conveying air continuously at temperatures exceeding 100 degrees Celsius.",ai_generated
US-6286672-B2,Sleeve for storing a disc shaped object,"A sleeve for storing a disc-shaped object, comprising:
a body portion having an internal cavity dimensioned to receive the disc-shaped object;
said body portion defined by a front wall and a back wall;
at least one side wall connecting said front wall and said back wall, said walls collectively defining said internal cavity;
an opening communicating with said internal cavity, said opening configured to allow insertion and removal of the disc-shaped object; and
wherein said internal cavity is configured to substantially enclose the disc-shaped object upon full insertion, thereby storing the disc-shaped object.",ai_generated
US-8217937-B2,Isosurfacial three-dimensional imaging system and method,"A system for three-dimensional isosurficial imaging, the system comprising:
a data acquisition module configured to acquire a three-dimensional volumetric data set representing a physical property within a volume;
a processing unit communicatively coupled to the data acquisition module, the processing unit configured to receive a user-defined isovalue, and further configured to generate three-dimensional isosurface data by identifying, within the volumetric data set, data points corresponding to the received user-defined isovalue, and further configured to render the three-dimensional isosurface data into a visual representation; and
a display unit communicatively coupled to the processing unit, the display unit configured to present the visual representation of the three-dimensional isosurface data to a user.",ai_generated
US-8422859-B2,Audio-based chapter detection in multimedia stream,"A method for audio-based chapter detection in a multimedia stream, comprising:
receiving a multimedia stream;
extracting an audio component from the received multimedia stream;
analyzing the extracted audio component to identify at least one of an acoustic feature or an audio event indicative of a chapter transition;
determining a chapter boundary within the multimedia stream based on the identified at least one of an acoustic feature or an audio event; and
generating chapter metadata indicating the determined chapter boundary.",ai_generated
US-7043983-B2,Horizontal liquid level measuring device,"A horizontal liquid level measuring device, comprising:
a housing configured for horizontal installation within a liquid-containing vessel;
a float member disposed within the housing, said float member configured to float on a surface of a liquid;
a guide mechanism cooperating with the housing and the float member, said guide mechanism configured to constrain movement of the float member primarily along a horizontal axis within the housing in response to changes in liquid level;
a sensing element operatively coupled to the float member or the guide mechanism, said sensing element configured to generate a signal indicative of a horizontal position of the float member;
and an output interface electrically coupled to the sensing element, said output interface configured to provide said signal to an external system as a representation of the liquid level.",ai_generated
US-8267398-B2,Medium storing and advancing apparatus,"An apparatus comprising:
a storage unit configured to contain a medium;
an advancing mechanism operationally coupled to the storage unit and configured to advance the medium from the storage unit along a transport path; and
a controller coupled to the advancing mechanism and configured to control advancement of the medium along the transport path at a predetermined rate.",ai_generated
US-6914940-B2,Device for improving voice signal in quality,"An apparatus for improving voice signal quality, comprising:
an input module configured to receive an unprocessed voice signal;
a processing module coupled to the input module, said processing module configured to apply at least one voice signal enhancement algorithm to the unprocessed voice signal to generate an improved voice signal;
a controller coupled to the processing module, said controller configured to manage operation of the processing module; and
an output module coupled to the processing module, said output module configured to transmit the improved voice signal.",ai_generated
US-7205526-B2,Methods of fabricating layered lens structures,"A method of fabricating layered lens structures, comprising:
providing a substrate;
sequentially depositing a plurality of optical material layers onto the substrate, each optical material layer having a defined refractive index;
wherein at least two adjacent layers of the plurality of optical material layers have different refractive indices;
thereby forming a layered structure configured to refract light.",ai_generated
US-7728736-B2,Combustion instability detection,"A method for detecting combustion instability in a combustor, the method comprising:
obtaining a dynamic pressure signal from within the combustor;
analyzing said dynamic pressure signal to identify characteristics indicative of combustion instability; and
generating an output signal based on said identified characteristics, wherein said output signal indicates presence or absence of said combustion instability.",ai_generated
US-7694342-B2,Systems and methods for managing and protecting electronic content and applications,"A system for managing and protecting electronic content and applications, comprising:
processing circuitry;
memory storing instructions executable by the processing circuitry to perform operations for managing and protecting the electronic content and applications;
a content acquisition module configured to receive electronic content and applications from an external source;
a storage module configured to store the received electronic content and applications;
a management module configured to perform at least one management operation on the stored electronic content and applications, the at least one management operation comprising at least one of organizing, cataloging, versioning, and tracking usage of the stored electronic content and applications;
a protection module configured to apply at least one security policy to the stored electronic content and applications, the at least one security policy comprising at least one of encryption, decryption, access control, digital rights management (DRM) enforcement, and integrity verification; and
a distribution module configured to provide the managed and protected electronic content and applications to a requesting entity.",ai_generated
US-7057436-B2,Clock circuit for a microprocessor,"A clock circuit for a microprocessor, comprising:
an oscillator configured to generate a reference clock signal;
a frequency synthesizer coupled to the oscillator, the frequency synthesizer configured to generate at least one operational clock signal based on the reference clock signal;
a clock distribution network coupled to the frequency synthesizer, the clock distribution network configured to distribute the at least one operational clock signal to a plurality of functional blocks within the microprocessor; and
clock control logic coupled to the frequency synthesizer and the clock distribution network, the clock control logic configured to selectively enable or disable the at least one operational clock signal or modify a frequency of the at least one operational clock signal for power management or operational control of the plurality of functional blocks.",ai_generated
US-8335160-B2,Flow sampling with top talkers,"I. A method for network flow sampling with top talkers, the method comprising:
    receiving a plurality of network packets from a network interface;
    identifying a plurality of network flows from the received network packets, wherein each network flow is defined by a set of flow identifiers;
    monitoring characteristics of the plurality of network flows, the characteristics comprising at least one of packet count, byte count, or flow duration;
    identifying a subset of the plurality of network flows as top talker flows based on the monitored characteristics exceeding a predetermined threshold;
    applying a first sampling rate to the identified top talker flows;
    applying a second sampling rate to remaining network flows that are not identified as top talker flows, wherein the second sampling rate is different from the first sampling rate; and
    outputting sampled network flow data based on the applied sampling rates for further analysis.",ai_generated
US-7979524-B2,System and method for disclosing relations between entities in support of information technology system visualization and management,"A system, comprising:
a processor; and
a memory storing instructions that, when executed by the processor, cause the system to perform operations comprising:
acquiring data representative of an information technology (IT) system;
identifying a plurality of entities of the information technology system based on the acquired data;
determining one or more relationships between at least two of the identified entities based on the acquired data;
generating a representation of the identified entities and the determined one or more relationships; and
providing the generated representation for at least one of visualization or management of the information technology system.",ai_generated
US-7044419-B2,Rotating transfer tape dispenser,"A transfer tape dispenser comprising:
a housing;
a tape holder disposed within the housing and configured to rotatably receive a roll of transfer tape, the roll of transfer tape comprising an adhesive tape portion and a removable backing liner;
a tape advancement mechanism configured to draw the adhesive tape portion and the backing liner from the roll;
a liner separation mechanism configured to separate the removable backing liner from the adhesive tape portion; and
a rotatable applicator assembly coupled to the housing, the rotatable applicator assembly comprising an applicator member configured to apply the adhesive tape portion onto a substrate, wherein the rotatable applicator assembly is rotatable relative to the housing about an axis to facilitate application of the adhesive tape portion.",ai_generated
US-8318168-B2,Antigenic GM-CSF peptides and antibodies to GM-CSF,"1. An isolated antibody;
wherein the antibody specifically binds to human granulocyte-macrophage colony-stimulating factor (GM-CSF);
wherein the antibody is generated by immunization with an antigenic peptide comprising an amino acid sequence derived from human GM-CSF;
and wherein the antibody neutralizes GM-CSF activity.",ai_generated
US-6604750-B2,Commode and shower wheelchair,"1. A commode and shower wheelchair comprising:
    a frame;
    a plurality of wheels rotatably coupled to the frame;
    a seat supported by the frame, the seat defining an aperture;
    a backrest coupled to the frame;
    a commode receptacle removably disposed beneath the seat aperture;
    wherein the frame, the plurality of wheels, the seat, and the backrest are fabricated from materials resistant to water and corrosion; and
    wherein the seat and the backrest are structured to facilitate water drainage;",ai_generated
US-7947475-B2,Modified variant Bowman Birk protease inhibitors,A polypeptide comprising a Bowman-Birk protease inhibitor (BBI) variant; wherein said BBI variant comprises at least one amino acid modification relative to a wild-type Bowman-Birk protease inhibitor sequence; wherein said polypeptide maintains a Bowman-Birk structural scaffold; wherein said polypeptide comprises at least one protease reactive site loop; and wherein said polypeptide inhibits at least one protease activity.,ai_generated
US-7304683-B2,Method of automatically adjusting exposure in a shutterless digital camera,"A method of automatically adjusting exposure in a shutterless digital camera, the method comprising:
capturing, with an an image sensor of the shutterless digital camera, a first image frame during a first integration period;
analyzing image data of the first image frame to determine a current exposure level;
comparing the current exposure level to a target exposure level;
determining an exposure adjustment based on the comparison; and
adjusting at least one exposure parameter of the image sensor based on the determined exposure adjustment, wherein the at least one exposure parameter comprises an integration period for a subsequent image frame.",ai_generated
US-7216862-B2,Tool for securing clamp to object,"A tool for securing a clamp to an object, comprising:
A body;
a clamp interface portion coupled to the body, wherein the clamp interface portion is configured to mechanically engage a clamp; and
a securing actuation mechanism operatively associated with the body and the clamp interface portion, wherein the securing actuation mechanism is configured to impart at least one of force or motion to the clamp, via the clamp interface portion, to secure the clamp to the object.",ai_generated
US-7627841-B2,Efficient method to predict integrated circuit temperature and power maps,"A method for predicting integrated circuit temperature and power maps, comprising:
  obtaining integrated circuit design data;
  obtaining operational parameters for the integrated circuit;
  predicting a power map for the integrated circuit by applying a computationally efficient power estimation model to the integrated circuit design data and the operational parameters;
  predicting a temperature map for the integrated circuit by applying a computationally efficient thermal estimation model to the predicted power map and thermal characteristics of the integrated circuit; and
  outputting the predicted power map and temperature map.",ai_generated
US-8240806-B2,Printhead firing,"A printhead apparatus comprising:
at least one nozzle configured to eject fluid;
at least one fluid ejector coupled to the at least one nozzle, the fluid ejector configured to generate an ejection force for expelling fluid from the at least one nozzle;
a driver circuit coupled to the at least one fluid ejector, the driver circuit configured to provide an energy pulse to the at least one fluid ejector in response to a firing signal; and
a controller coupled to the driver circuit, the controller configured to generate the firing signal based on print data, wherein the firing signal causes the driver circuit to provide the energy pulse to the at least one fluid ejector, thereby causing ejection of fluid from the at least one nozzle.",ai_generated
US-7796261-B2,Spectrophotometer,"A spectrophotometer comprising:
a light source configured to emit electromagnetic radiation;
a wavelength selection unit configured to receive the emitted electromagnetic radiation and to direct selected radiation of at least one predetermined wavelength toward a sample;
a sample chamber configured to receive a sample for interaction with the selected radiation;
a detector configured to receive radiation after interaction with the sample and to generate an electrical signal corresponding to an intensity of the received radiation; and
a processing unit communicatively coupled to the detector, the processing unit configured to receive the electrical signal and to determine at least one optical characteristic of the sample based on the electrical signal.",ai_generated
US-6950897-B2,Method and apparatus for a dual mode PCI/PCI-X device,"1.  A dual mode PCI/PCI-X device, comprising:
    a bus interface circuit configured to connect to a host bus and to support both PCI and PCI-X signaling protocols;
    a mode detection circuit coupled to the bus interface circuit, the mode detection circuit configured to determine whether the host bus operates according to a PCI standard or a PCI-X standard;
    a configuration circuit coupled to the mode detection circuit, the configuration circuit configured to dynamically adjust device operating parameters to match the determined standard; and
    a bus transaction engine coupled to the bus interface circuit and the configuration circuit, the bus transaction engine configured to perform data transfers over the host bus in compliance with the adjusted operating parameters.",ai_generated
US-8262787-B2,Configuration of contacting zones in vapor liquid contacting apparatuses,"1.  A vapor-liquid contacting apparatus comprising:
    a vessel defining an internal volume;
    a vapor inlet configured to introduce vapor into said internal volume;
    a liquid inlet configured to introduce liquid into said internal volume;
    a vapor outlet configured to remove vapor from said internal volume;
    a liquid outlet configured to remove liquid from said internal volume;
    a plurality of distinct contacting zones disposed within said internal volume, each distinct contacting zone configured to promote mass and/or heat transfer between vapor and liquid;
    wherein said plurality of distinct contacting zones includes at least a first type of contacting zone and a second type of contacting zone, said first type of contacting zone having a first characteristic for vapor-liquid interaction, and said second type of contacting zone having a second characteristic for vapor-liquid interaction different from said first characteristic;
    and wherein said first type of contacting zone and said second type of contacting zone are arranged in a predetermined, non-uniform sequence along an axial direction of said internal volume, thereby defining a specific configuration for vapor-liquid contacting within said apparatus.",ai_generated
US-6974265-B2,Fiber optic modules with de-latching mechanisms having a pull-action,"A fiber optic module comprising:
a module housing;
an optical interface disposed on the module housing;
an electrical interface disposed on the module housing;
a latch configured to secure the module within a host receptacle; and
a de-latching mechanism operably coupled to the latch, the de-latching mechanism including a pull member extending from the module housing, wherein the pull member is configured to actuate the de-latching mechanism upon being pulled away from the module housing to disengage the latch from the host receptacle.",ai_generated
US-8616082-B2,"Control device for a gearbox, in particular for a motor-vehicle gearbox, with a system for identifying the engaged gear","A control device for a gearbox, comprising:
a control unit configured to control an operation of the gearbox;
a gear identification system configured to identify an engaged gear within the gearbox; and
wherein the control unit is configured to utilize information from the gear identification system to control the operation of the gearbox.",ai_generated
US-8500003-B2,Method and device for accessing microforms,"A device for accessing microforms, comprising:
a microform storage unit configured to store a plurality of microforms;
a retrieval mechanism coupled to the microform storage unit and configured to selectively retrieve a microform from the plurality of microforms;
an optical scanning unit positioned to receive a retrieved microform from the retrieval mechanism, the optical scanning unit configured to digitally capture an image from the received microform;
a processing unit coupled to the optical scanning unit, the processing unit configured to process the captured digital image; and
a display unit coupled to the processing unit, the display unit configured to present the processed digital image for user viewing.",ai_generated
US-6645409-B2,Process for the production of cellulosic fibres,"A process for the production of cellulosic fibres, comprising:
providing a cellulosic source material;
treating said cellulosic source material to isolate or solubilize cellulose;
preparing a fiber-forming composition comprising the isolated or solubilized cellulose;
shaping said fiber-forming composition into at least one filament; and
solidifying the at least one filament to yield cellulosic fibres.",ai_generated
US-7125604-B2,Insulated magnet wire,"An insulated magnet wire comprising:
an elongated, electrically conductive core; and
at least one insulating layer concentrically disposed around the elongated, electrically conductive core; wherein the at least one insulating layer electrically insulates the elongated, electrically conductive core from an external environment.",ai_generated
US-8613958-B2,Nitric oxide therapies,1. A method for treating a disease in a subject in need thereof; said method comprising administering a therapeutically effective amount of nitric oxide to the subject.,ai_generated
US-7345135-B2,"Crosslinkable aromatic resin having protonic acid group, and ion conductive polymer membrane, binder and fuel cell using the resin","A crosslinkable aromatic resin, comprising;
an aromatic moiety;
a protonic acid group; and
a crosslinkable group.",ai_generated
US-8089838-B2,Optical disc apparatus and tracking control method,"An optical disc apparatus, comprising:
a spindle motor configured to rotate an optical disc;
an optical pickup unit comprising a light source, an objective lens, and a photodetector, said optical pickup unit configured to emit a light beam onto said optical disc and detect a reflected light beam therefrom;
an actuator configured to move said objective lens radially relative to said optical disc; and
a control unit coupled to said photodetector and said actuator, said control unit configured to:
receive a detection signal from said photodetector corresponding to said reflected light beam;
generate a tracking error signal based on said detection signal, wherein said control unit is further configured to selectively process different spatial portions of said detection signal to improve signal-to-noise ratio of said tracking error signal, said tracking error signal indicating a radial deviation of said light beam from a target track on said optical disc;
generate a tracking control signal based on said tracking error signal; and
output said tracking control signal to said actuator to cause said actuator to adjust a radial position of said objective lens to minimize said radial deviation.",ai_generated
US-8082587-B2,Detecting content in files,"A system for detecting content in files, comprising:
a processor configured to execute instructions;
a memory storing instructions executable by the processor to perform operations comprising:
receiving a digital file;
analyzing content data within the received digital file to identify at least one content characteristic associated with a predefined content type within the content data;
generating a detection result indicating a presence or absence of the at least one content characteristic within the digital file;
and outputting the detection result.",ai_generated
US-8238915-B2,Systems and methods for locating communication terminals in cellular networks,"A system for locating communication terminals in a cellular network, the system comprising:
a plurality of communication terminals, each communication terminal configured to transmit a wireless signal within the cellular network;
a plurality of base stations deployed within the cellular network, each base station of the plurality of base stations configured to receive the wireless signal from at least one of the plurality of communication terminals;
wherein each base station of the plurality of base stations is further configured to generate measurement data indicative of characteristics of the received wireless signal;
a network controller configured to collect the measurement data from the plurality of base stations;
a location processor coupled to the network controller, the location processor configured to determine a geographical location of the at least one communication terminal based on the collected measurement data; and
an output interface configured to provide the determined geographical location of the at least one communication terminal.",ai_generated
US-7226290-B2,"Portable aesthetic component comparison system, decorator design tool, retaining stud, and method","I'm unable to provide legal advice or create official patent claims. Patent claims require highly specific language and often involve consultation with a registered patent attorney to ensure they adequately protect the invention and comply with all legal requirements.

However, I can offer a *hypothetical example* of what a broad claim 1 *might* look like, based on the provided title, focusing on the system aspect. This example is for illustrative purposes only and should not be used for any actual patent filing.

---

A portable aesthetic component comparison system, comprising:

a portable housing;
a display integrated within the portable housing, the display configured to present visual representations of aesthetic components and design environments;
a processor disposed within the portable housing;
a memory disposed within the portable housing and storing processor-executable instructions and aesthetic component data;
an input device integrated with the portable housing, the input device configured to receive user selections of aesthetic components and design parameters;
a communication interface disposed within the portable housing, the communication interface configured to access external sources of aesthetic component data;
a retaining stud selectively coupled to the portable housing, the retaining stud configured to temporarily secure a physical aesthetic component for digital capture or contextual viewing alongside a digitally rendered aesthetic component;
wherein the processor, when executing the instructions from the memory, is configured to:
access aesthetic component data from the memory or via the communication interface;
receive user input via the input device to select a plurality of aesthetic components for comparison;
generate a comparative visual presentation of the selected aesthetic components on the display;
and enable a user to interactively apply the selected aesthetic components to a rendered design environment presented on the display, thereby functioning as a decorator design tool to facilitate visualization of aesthetic compatibility and design options.",ai_generated
US-7891276-B2,System and method for controlling the length of a discrete segment of a continuous web of elastic material,"A system for controlling the length of a discrete segment of a continuous web of elastic material, the system comprising:
a web supply configured to provide a continuous web of elastic material;
a web advancing mechanism configured to draw the continuous web of elastic material from the web supply;
a tension control unit configured to apply a controlled tension to the continuous web of elastic material during advancement;
a length measurement unit configured to measure a length of the continuous web of elastic material as it is advanced under said controlled tension;
a severing unit configured to cut the continuous web of elastic material to form a discrete segment; and
a controller operatively coupled to the web advancing mechanism, the tension control unit, the length measurement unit, and the severing unit, the controller configured to receive length measurements from the length measurement unit, compare the received length measurements to a target segment length, and, based on said comparison, actuate the severing unit to cut the continuous web of elastic material when the measured length corresponds to the target segment length, thereby forming discrete segments of controlled length.",ai_generated
US-7804286-B2,Multiple output amplifiers and comparators,"An apparatus comprising:
a multiple output amplifier configured to generate a plurality of amplifier output signals; and
at least one comparator configured to receive a first comparator input signal and a second comparator input signal, and further configured to generate a comparator output signal based on a comparison of the first comparator input signal and the second comparator input signal;
wherein at least one of the first comparator input signal or the second comparator input signal is derived from at least one of the plurality of amplifier output signals.",ai_generated
US-6782024-B2,High power semiconductor laser diode,"A high power semiconductor laser diode comprising:
a semiconductor substrate;
a broad area active region disposed on the semiconductor substrate, the broad area active region configured to generate laser light;
a pair of cladding layers disposed adjacent to the broad area active region, the pair of cladding layers configured to confine optical radiation and charge carriers within the broad area active region;
a pair of electrical contacts electrically coupled to the broad area active region, the pair of electrical contacts configured to inject current into the broad area active region;
a resonant optical cavity defined by opposing facets of the semiconductor laser diode;
and a heat dissipation structure thermally coupled to the semiconductor laser diode, the heat dissipation structure configured to remove heat generated during operation.",ai_generated
US-6541188-B2,Developer for alkaline-developable lithographic printing plates,"1. A developer composition for alkaline-developable lithographic printing plates, comprising:
water;
at least one alkaline agent in an amount sufficient to impart an alkaline pH to the composition; and
at least one surfactant.",ai_generated
US-7170287-B2,Thin film magnetic sensor and method of manufacturing the same,"A thin film magnetic sensor, comprising:
a substrate;
a magnetic sensing element disposed on the substrate, the magnetic sensing element comprising at least one magnetic thin film layer;
wherein the magnetic sensing element is configured to exhibit a change in an electrical property in response to an external magnetic field; and
a plurality of electrical contacts electrically coupled to the magnetic sensing element, said plurality of electrical contacts configured to allow measurement of the change in the electrical property.",ai_generated
US-7457291-B2,Method and apparatus for generating preamble using chaotic sequence,"A method for generating a preamble, comprising:
generating a chaotic sequence;
forming a preamble signal based on the generated chaotic sequence; and
outputting the preamble signal for communication.",ai_generated
US-8464617-B2,Hold and drive tool with disengagement capability,"1. A hold and drive tool with disengagement capability, comprising:
   a tool body;
   a driving member rotatably supported by the tool body, the driving member configured to receive and transmit rotational force;
   a gripping member coupled to the driving member, the gripping member configured to engage and hold a workpiece for driving; and
   a disengagement mechanism operatively coupled to the gripping member, the disengagement mechanism configured to automatically release the gripping member from the workpiece upon a predetermined torque threshold being reached during a driving operation.",ai_generated
US-8715573-B2,Fluidic system for a flow cytometer with temporal processing,"A fluidic system for a flow cytometer, comprising:
a sample fluid inlet configured to receive a sample fluid comprising particles;
a sheath fluid inlet configured to receive a sheath fluid;
a plurality of fluidic channels fluidically coupled to the sample fluid inlet and the sheath fluid inlet;
a flow cell comprising an interrogation region, the flow cell configured to receive the sample fluid and the sheath fluid from the plurality of fluidic channels and to hydrodynamically focus the sample fluid into a core stream surrounded by the sheath fluid within the interrogation region;
a plurality of fluidic control elements operatively coupled to at least one of the plurality of fluidic channels, the fluidic control elements configured to modulate fluid flow within the at least one fluidic channel; and
a controller operatively coupled to the plurality of fluidic control elements, the controller configured to receive temporal information related to fluid flow or particle presence within the fluidic system; and further configured to process the temporal information to generate control signals for the plurality of fluidic control elements to thereby effectuate a temporally modulated sample delivery to the interrogation region.",ai_generated
US-6970826-B2,Method and system for order returns,"Here is a patent claim 1 for ""Method and system for order returns,"" structured as a method claim:

1.  A computer-implemented method for managing order returns, the method comprising:
    receiving, by a computing device, an electronic return request from a customer, the electronic return request associated with a previously placed order and including identifying information for at least one item from the order and a stated reason for return;
    determining, by the computing device, based on predefined return policies and the identifying information, whether the return request is authorized;
    in response to determining the return request is authorized, generating, by the computing device, electronic return instructions for the customer, the electronic return instructions including a unique return authorization number and a shipping label for returning the at least one item to a designated return facility;
    tracking, by the computing device, a status of the returned at least one item using the unique return authorization number;
    receiving, by the computing device, an electronic confirmation of receipt of the returned at least one item at the designated return facility;
    in response to the electronic confirmation, verifying, by the computing device, a condition of the returned at least one item against predetermined criteria; and
    based on the verification, initiating, by the computing device, a financial transaction corresponding to a refund or credit for the returned at least one item and updating an inventory record for the at least one item.",ai_generated
US-7125371-B2,Adjustable bodyweight exercise apparatus,"An adjustable bodyweight exercise apparatus comprising:
a main support frame configured to rest on a surface or be mounted to a structure;
at least one user engagement element configured to be grasped, supported, or engaged by a user to bear a portion or all of the user's body weight during a bodyweight exercise;
an adjustment mechanism mechanically coupled to the main support frame and the at least one user engagement element, wherein the adjustment mechanism is configured to selectively alter a spatial position and/or an angular orientation of the at least one user engagement element relative to the main support frame.",ai_generated
US-8570878-B2,Packet decoding method and apparatus for digital broadcast system,"A method for packet decoding in a digital broadcast system, the method comprising:
receiving a digital broadcast transport stream comprising a plurality of packets;
identifying a packet type associated with each of said plurality of packets;
extracting payload data from at least one identified packet based on its packet type;
performing error detection or correction on the extracted payload data;
decoding the error-corrected payload data to obtain decoded information; and
outputting the decoded information.",ai_generated
US-7947341-B2,Optical laminated body,"1. An optical laminated body comprising:
    a first optical layer having a first set of optical properties;
    a second optical layer having a second set of optical properties; and
    an optically transparent adhesive layer positioned between and bonding the first optical layer to the second optical layer,
    wherein the first optical layer, the second optical layer, and the optically transparent adhesive layer are laminated together to form a unitary body configured to transmit or modify light incident thereon.",ai_generated
US-7808389-B2,Data transmission method and a RFID reader provided with a coil and a control circuit for field quenching outside of a communication area,"Here is a patent claim 1 for the given invention title:

A data transmission method, comprising:
generating an electromagnetic field using a coil of an RFID reader;
determining whether an RFID tag is located outside of a communication area associated with the RFID reader;
quenching the electromagnetic field based on the determination that the RFID tag is located outside of the communication area; and
transmitting data to and/or receiving data from an RFID tag when the RFID tag is located within the communication area.",ai_generated
US-8365871-B2,Electronic device and method for monitoring an elevator,"An electronic device for monitoring an elevator, comprising:
at least one sensor configured to acquire data indicative of an operational parameter of the elevator;
a processing unit communicatively coupled to the at least one sensor, the processing unit configured to analyze the acquired data to determine an operational status of the elevator; and
a communication interface communicatively coupled to the processing unit, the communication interface configured to transmit monitoring information based on the determined operational status of the elevator.",ai_generated
US-8314543-B2,White-light emitting device and preparation method and application of the same,"A white-light emitting device, comprising a primary light source configured to emit light; and at least one phosphor material configured to absorb at least a portion of the light emitted by the primary light source and re-emit light of a different wavelength; wherein the combination of the light emitted by the primary light source and the light re-emitted by the at least one phosphor material produces white light.",ai_generated
US-6663704-B2,"Pearlescent inks, writing instruments, and methods","A pearlescent ink composition comprising:
a liquid vehicle;
a plurality of pearlescent pigment particles dispersed in the liquid vehicle;
a colorant providing a non-pearlescent color to the composition;
a dispersant for maintaining dispersion of the plurality of pearlescent pigment particles within the liquid vehicle; and
wherein the pearlescent ink composition has a viscosity suitable for dispensing through a writing tip of a writing instrument.",ai_generated
US-7719516-B2,Actuator having an inputting function,"1. An actuator having an inputting function, the actuator comprising:
a housing;
a motive element disposed within the housing and configured to generate mechanical output, the mechanical output comprising at least one of force and motion;
an output member mechanically coupled to the motive element and extending from the housing, the output member configured to apply the mechanical output to an external environment; and
an input sensing arrangement coupled to the output member, the input sensing arrangement configured to detect a physical interaction applied to the output member and to generate an input signal based on the detected physical interaction, wherein the input signal is usable to control an operation of the actuator or a connected system.",ai_generated
US-8293092-B2,Alkaline electroplating bath having a filtration membrane,"1. An electroplating system comprising:
an alkaline electroplating bath; and
a filtration membrane fluidly coupled to the alkaline electroplating bath.",ai_generated
US-6989605-B2,"Electronic component and semiconductor device, method of fabricating the same, circuit board mounted with the same, and electronic appliance comprising the circuit board","1. An electronic component comprising:
    a semiconductor die having at least one active device formed within a semiconductor material;
    at least one electrical terminal electrically connected to the at least one active device of the semiconductor die; and
    a package encapsulating the semiconductor die and at least a portion of the at least one electrical terminal, wherein the package defines an outer form factor configured for attachment to a circuit board and for providing external electrical connections via the at least one electrical terminal.",ai_generated
US-7163517-B2,Electro-stimulation feet acupuncture channel physiotherapy shoe,"An electro-stimulation physiotherapy shoe, comprising:
a footwear article configured to be worn on a user's foot, the footwear article comprising an inner surface and an outer surface;
a plurality of electrodes disposed on the inner surface of the footwear article, the plurality of electrodes being strategically positioned to target a plurality of acupuncture channels and/or points on the user's foot;
electrical conductors electrically coupled to the plurality of electrodes;
an electrical stimulation unit electrically coupled to the electrical conductors, the electrical stimulation unit configured to generate and deliver controlled electrical impulses to the plurality of electrodes; and
a power source electrically coupled to the electrical stimulation unit, wherein at least a portion of the electrical stimulation unit and the power source are integrated within the footwear article or externally couplable thereto.",ai_generated
US-7299376-B2,"Apparatus, system, and method for verifying backup data","A system for verifying backup data, comprising:
a data storage interface configured to retrieve backup data from a data storage device;
a processing unit coupled to the data storage interface; and
a memory coupled to the processing unit, the memory storing computer-executable instructions that, when executed by the processing unit, cause the system to perform operations comprising:
accessing a designated set of backup data via the data storage interface;
executing a verification procedure on the accessed designated set of backup data to ascertain a verification status of the backup data; and
generating an output indicative of the ascertained verification status.",ai_generated
US-7575525-B2,Golf club head,"A golf club head comprising:
a body having a front portion, a rear portion, a top portion, a bottom portion, a heel portion, and a toe portion;
a striking face formed on the front portion of the body, the striking face defining an impact surface configured to strike a golf ball;
a sole surface forming the bottom portion of the body;
a hosel extending from the body, the hosel configured to receive an end of a golf club shaft; and
a weight distribution system integrated within the body, the weight distribution system configured to adjust a center of gravity of the golf club head.",ai_generated
US-9255259-B2,Targeted genomic modification with partially single-stranded donor molecules,"A method for targeted genomic modification of a target locus in a genome of a cell, the method comprising:
introducing into the cell a targeted nuclease capable of creating a break at the target locus;
introducing into the cell a partially single-stranded donor molecule, wherein the partially single-stranded donor molecule comprises at least one single-stranded region and at least one double-stranded region, and wherein the partially single-stranded donor molecule further comprises a region homologous to the target locus and a desired modification; and
wherein the partially single-stranded donor molecule facilitates homology-directed repair at the break, thereby incorporating the desired modification into the genome of the cell.",ai_generated
US-6794709-B2,Structure and method for dual gate oxide thicknesses,"A semiconductor device comprising:
a semiconductor substrate;
a first gate electrode disposed over a first region of the semiconductor substrate;
a second gate electrode disposed over a second region of the semiconductor substrate;
a first gate dielectric layer interposed between the first gate electrode and the first region of the semiconductor substrate, the first gate dielectric layer having a first thickness; and
a second gate dielectric layer interposed between the second gate electrode and the second region of the semiconductor substrate, the second gate dielectric layer having a second thickness, wherein the first thickness is different from the second thickness.",ai_generated
US-8603608-B2,Graphene laminate and method of preparing the same,"Here is a possible Claim 1 for the invention title ""Graphene laminate and method of preparing the same,"" focusing on the product:

1.  A graphene laminate comprising a plurality of graphene layers; wherein each graphene layer comprises one to ten atomic layers of carbon atoms; and wherein said plurality of graphene layers are stacked one upon another such that adjacent graphene layers are in direct contact.",ai_generated
US-7250606-B2,"Buried object evaluating method, underground resources evaluating method, underground waste evaluating method, underground preserved object evaluating method, stratum structure evaluating method and building interior monitoring method, all using hard X-rays or γ-rays","A method for evaluating or monitoring a target object or a target region within a subterranean environment or a building interior, the method comprising:
irradiating the target object or target region with hard X-rays or γ-rays;
detecting hard X-rays or γ-rays that have interacted with the target object or target region;
and evaluating or monitoring characteristics of the target object or target region based on an analysis of the detected hard X-rays or γ-rays.",ai_generated
US-7289950-B2,Extended finite state grammar for speech recognition systems,"A system for speech recognition, comprising:
a processor; and
a memory coupled to the processor, storing instructions executable by the processor;
wherein the instructions, when executed by the processor, configure the system to:
    store an extended finite state grammar, the extended finite state grammar comprising:
        a plurality of states;
        a plurality of transitions between states, each transition associated with one or more grammar symbols; and
        at least one extension mechanism selected from the group consisting of:
            a mechanism for associating a semantic action with a state or a transition thereof;
            a mechanism for incorporating a contextual constraint that modifies subsequent valid transitions based on previously recognized speech tokens; and
            a mechanism for defining a dynamically selectable grammar component based on an external parameter or a prior recognition result;
    receive an acoustic input corresponding to speech; and
    process the acoustic input using an acoustic model and the extended finite state grammar to identify a recognized word sequence.",ai_generated
US-8051022-B2,Embedded programmable intelligent search memory (PRISM) that simultaneously performs regular expression based search and signature pattern based search,"1. An embedded programmable intelligent search memory (PRISM) apparatus, comprising:
   a memory storage element configured to store a plurality of data items;
   a search processing unit communicatively coupled to the memory storage element, the search processing unit configured to simultaneously perform a regular expression based search of the plurality of data items for at least one regular expression and a signature pattern based search of the plurality of data items for at least one signature pattern;
   a programming interface configured to receive search parameters, the search parameters comprising the at least one regular expression and the at least one signature pattern; and
   a control logic unit coupled to the programming interface and the search processing unit, the control logic unit configured to program the search processing unit based on the received search parameters for the simultaneous searches.",ai_generated
US-8282551-B2,"Ultrasonic diagnostic apparatus, data analysis method, and data analysis program","Here is an example of patent claim 1, drafted based on the provided title and standard formatting:

An ultrasonic diagnostic apparatus, comprising:
    an ultrasonic transducer configured to emit ultrasonic waves into a subject and receive reflected ultrasonic echoes from the subject;
    a data acquisition unit communicatively coupled to the ultrasonic transducer, configured to convert said received ultrasonic echoes into raw ultrasonic data;
    a processor communicatively coupled to the data acquisition unit, configured to:
        process said raw ultrasonic data to generate diagnostic image data; and
        analyze said diagnostic image data to extract diagnostic information related to a medical condition of the subject based on a predefined analysis algorithm; and
    an output unit communicatively coupled to the processor, configured to present said diagnostic information to a user.",ai_generated
US-7066853-B2,Method for manufacturing an inflatable ball and a ball made with the method,"A method for manufacturing an inflatable ball, the method comprising:
forming an inflatable bladder configured to retain a gas;
forming an outer cover configured to encase the inflatable bladder;
assembling the inflatable bladder within the outer cover;
securing the outer cover to encapsulate the inflatable bladder; and
providing an inflation valve in fluid communication with the inflatable bladder, the inflation valve being accessible from an exterior of the outer cover.",ai_generated
US-8083393-B2,Substantially inseparable LED lamp assembly,"An LED lamp assembly comprising:
a light emitting diode (LED) package;
a heat sink thermally coupled to the LED package;
an optical element positioned to receive light emitted from the LED package;
a housing enclosing the LED package, the heat sink, and at least a portion of the optical element;
driver circuitry electrically coupled to the LED package for controlling power thereto;
an electrical base configured for electrical connection of the LED lamp assembly to an external power source;
wherein the heat sink is permanently affixed to the housing such that the heat sink is not readily detachable from the housing without permanent deformation or destruction of at least one of the heat sink and the housing;
wherein the optical element is permanently affixed to the housing such that the optical element is not readily detachable from the housing without permanent deformation or destruction of at least one of the optical element and the housing; and
wherein the electrical base is permanently affixed to the housing such that the electrical base is not readily detachable from the housing without permanent deformation or destruction of at least one of the electrical base and the housing.",ai_generated
US-6683841-B2,Anti-fluttering transmission apparatus for CD-RW drive head,"A transmission apparatus for a CD-RW drive head, configured to prevent fluttering of the CD-RW drive head, comprising:
a guide rail for guiding the CD-RW drive head;
a movable carriage configured to support the CD-RW drive head, said movable carriage translatable along said guide rail;
a drive mechanism connected to said movable carriage for translating said movable carriage along said guide rail; and
a dampening assembly cooperatively engaged with said movable carriage and said guide rail, said dampening assembly configured to exert a controlled force to suppress vibrations and maintain stable movement of said movable carriage along said guide rail during operation of the CD-RW drive head.",ai_generated
US-8751433-B2,Efficient probabilistic reasoning over semantic data,"A system for efficient probabilistic reasoning over semantic data, comprising:
a data ingestion module configured to receive semantic data, wherein the semantic data comprises a plurality of entities, relationships, and attributes represented in a structured knowledge graph;
a probabilistic model generation module configured to construct a probabilistic model based on the received semantic data, wherein the probabilistic model captures uncertain relationships and properties within the knowledge graph;
a probabilistic inference engine coupled to the probabilistic model generation module, configured to perform probabilistic reasoning over the constructed probabilistic model to derive probabilistic conclusions regarding the semantic data; and
an efficiency optimization module coupled to the probabilistic inference engine, configured to adaptively apply at least one optimization technique during the probabilistic reasoning, wherein the optimization technique leverages structural properties and semantic constraints of the knowledge graph to reduce computational resource utilization and inference time for generating the probabilistic conclusions.",ai_generated
US-8544998-B2,Solid inks containing ketone waxes and branched amides,1. A solid ink comprising at least one colorant; at least one ketone wax; and at least one branched amide.,ai_generated
US-8348612-B2,Turbine blade tip shroud,"A turbine blade tip shroud, comprising:
a main body;
an attachment feature configured to secure said main body to a tip of a turbine blade;
an outer platform surface extending from said main body; and
a sealing feature extending from said outer platform surface.",ai_generated
US-6999954-B2,Modular instruction using cognitive constructs,"A method comprising:
    determining a set of cognitive constructs relevant to achieving a learning objective;
    designing a plurality of instructional modules, wherein each instructional module is structured to target and develop one or more of the determined cognitive constructs;
    providing the plurality of instructional modules to a learner; and
    facilitating learning by the learner through engagement with the instructional modules.",ai_generated
US-7677229-B2,Adaptive oil separator,"An adaptive oil separator comprising:
a housing defining a separation chamber;
an inlet configured to introduce an oil-fluid mixture into the separation chamber;
a first outlet configured to discharge separated oil from the separation chamber;
a second outlet configured to discharge separated fluid from the separation chamber;
a separation mechanism positioned within the separation chamber, said separation mechanism configured to facilitate separation of oil from the fluid; and
a control system communicatively coupled to at least one sensor and at least one actuator, wherein the at least one sensor is configured to detect a characteristic related to the oil-fluid mixture or a separation condition within the separation chamber, and wherein the control system is configured to process data from the at least one sensor and responsively adjust an operational parameter of the separation mechanism or a fluid pathway within the separation chamber via the at least one actuator to adaptively control separation performance.",ai_generated
US-7887685-B2,Multilayer gas sensor having dual heating zones,"A multilayer gas sensor comprising:
a substrate layer;
a gas sensing layer disposed on the substrate layer;
at least two electrodes in electrical communication with the gas sensing layer;
a first heating zone comprising a first resistive heating element configured to generate heat;
a second heating zone comprising a second resistive heating element configured to generate heat;
at least one dielectric layer separating at least one of the first heating element and the second heating element from the gas sensing layer; and
wherein the first resistive heating element and the second resistive heating element are independently controllable to heat distinct regions of the gas sensing layer, and wherein the substrate layer, the gas sensing layer, the at least two electrodes, the first heating zone, the second heating zone, and the at least one dielectric layer are vertically stacked to form a multilayer structure.",ai_generated
US-6559443-B2,Ionization apparatus and ionization method for mass spectrometry,"Here is a potential Patent Claim 1 for the invention:

An ionization apparatus for mass spectrometry, comprising:
a sample inlet configured to receive a sample;
an ionization region fluidically coupled to the sample inlet, wherein the sample inlet is configured to introduce the received sample into the ionization region;
an ionization source positioned to generate an ionizing agent within the ionization region, wherein the ionizing agent is configured to interact with the introduced sample to produce ions;
an ion extraction assembly configured to extract the produced ions from the ionization region; and
an ion transfer pathway configured to direct the extracted ions from the ionization region to an inlet of a mass spectrometer.",ai_generated
US-6861766-B2,Hydro-electric generating system,"1. A hydro-electric generating system, comprising:
a water intake means configured to capture water from a water source;
a conduit fluidly coupled to the water intake means, said conduit configured to direct pressurized water flow;
a turbine rotatably disposed to receive said pressurized water flow from the conduit, said turbine configured to convert hydraulic energy into mechanical rotational energy;
an electrical generator mechanically coupled to said turbine, said electrical generator configured to convert said mechanical rotational energy into electrical energy; and
a power transmission means electrically coupled to said electrical generator, said power transmission means configured to output said electrical energy.",ai_generated
US-8847941-B2,Display device and display control device,"1. A display device comprising:
a display panel configured to present visual information;
an input module configured to receive input data, the input data related to at least one of content, user interaction, or environmental conditions; and
a display control unit communicatively coupled to the display panel and the input module, the display control unit configured to generate display signals for the display panel based on the received input data and further configured to dynamically adjust at least one operational characteristic of the display panel, wherein said at least one operational characteristic is selected from the group consisting of brightness, contrast, refresh rate, and color temperature, and wherein said dynamic adjustment is based on a contextual analysis of the input data.",ai_generated
US-8686669-B2,Method and apparatus for controlling a linear motion system,"1. An apparatus for controlling a linear motion system, comprising:
    a linear actuator configured to impart linear motion to a movable element;
    at least one sensor configured to detect a physical characteristic of the movable element selected from position, velocity, and acceleration, and to generate a feedback signal representative of the detected physical characteristic;
    a controller operatively coupled to the at least one sensor and the linear actuator, said controller configured to receive the feedback signal, to compare the feedback signal to a predetermined target profile, to determine a control command based on a difference between the feedback signal and the predetermined target profile, and to transmit the control command to the linear actuator to modify the linear motion of the movable element, thereby causing the linear motion system to operate according to the predetermined target profile.",ai_generated
US-9045950-B2,Laser alignment device for use with a drill rig,"1. An apparatus for providing laser alignment for a drill rig, comprising:
a housing configured to be detachably mounted to a drill rig;
a laser emitter disposed within the housing, the laser emitter configured to generate and project a laser beam along a longitudinal axis;
wherein the projected laser beam is configured to indicate an alignment direction for a drill bit of the drill rig;
and an adjustment mechanism mechanically coupled to the laser emitter, the adjustment mechanism configured to selectively orient the longitudinal axis of the projected laser beam relative to the drill rig.",ai_generated
US-8859936-B2,Method of controlling welding,"1.  A method of controlling welding, comprising:
    establishing a set of desired welding parameters for a welding operation;
    monitoring at least one actual welding parameter during the welding operation;
    comparing the at least one actual welding parameter to a corresponding desired welding parameter from the set of desired welding parameters; and
    adjusting at least one welding input based on the comparison to maintain the at least one actual welding parameter within a predetermined tolerance of the corresponding desired welding parameter.",ai_generated
US-9080554-B2,"Floating, anchored installation for energy production","1. An anchored, floating installation for energy production, comprising:
    a buoyant platform configured to float on a body of water;
    an anchoring system coupled to the buoyant platform and configured to secure the buoyant platform to a seabed; and
    an energy production system supported by the buoyant platform and configured to generate energy.",ai_generated
US-9283976-B2,Restraining belt for children in a shopping cart,"1. A restraining belt for children in a shopping cart, comprising:
a flexible belt strap configured to encircle a child's torso;
a fastening mechanism for adjustably securing the flexible belt strap around the child; and
at least one attachment member coupled to the flexible belt strap, said at least one attachment member configured to removably engage a structural portion of a shopping cart, thereby securing the child within the shopping cart.",ai_generated
US-8821828-B2,Method for generating nitric oxide,"1. A method for generating nitric oxide, comprising providing a reaction mixture comprising a nitrogen-containing compound and an oxygen-containing compound; and subjecting the reaction mixture to conditions sufficient to produce nitric oxide.",ai_generated
US-9432818-B2,Controlling communication devices,"A method for controlling communication devices, comprising:
receiving a control input associated with at least one communication device;
identifying a target communication device based on the control input;
determining at least one control action to be performed by the target communication device, based on the control input;
generating at least one control signal corresponding to the at least one control action; and
transmitting the at least one control signal to the target communication device to initiate performance of the at least one control action.",ai_generated
US-8479060-B2,Memory with self-test function and method for testing the same,"A memory apparatus comprising:
a memory array configured to store and retrieve data;
and test control logic integrated within the memory apparatus, wherein the test control logic is configured to, upon initiation of a self-test mode, generate a plurality of test patterns, apply the plurality of test patterns to the memory array, read a plurality of response data from the memory array corresponding to the applied test patterns, compare the plurality of response data with a plurality of expected data, and generate a test status output indicative of a functional state of the memory array.",ai_generated
US-8797723-B2,Providing additional electrical functionality to a node,"Here is a patent claim 1 for the invention title ""Providing additional electrical functionality to a node,"" using standard formatting:

A system for providing additional electrical functionality to a node, comprising:
    an electronic node, comprising a processor and memory, said electronic node configured to execute an initial set of electrical functionalities;
    a functionality module, electrically coupled to said electronic node via an interface, said functionality module configured to provide one or more additional electrical functionalities;
    wherein said processor of said electronic node is configured to:
        detect the presence of said functionality module through said interface;
        identify said one or more additional electrical functionalities provided by said functionality module; and
        integrate said identified one or more additional electrical functionalities with said initial set of electrical functionalities to generate an expanded set of electrical capabilities for said electronic node.",ai_generated
US-9097661-B2,Electrochemical sulfur sensor and the method of making the same,"An electrochemical sulfur sensor comprising:
a working electrode comprising a sulfur-sensitive material;
a reference electrode;
a counter electrode;
an electrolyte in electrochemical communication with the working electrode, the reference electrode, and the counter electrode;
a housing enclosing at least a portion of the working electrode, the reference electrode, the counter electrode, and the electrolyte; and
an electrical measurement circuit configured to measure an electrical signal generated between at least two of the working electrode, the reference electrode, and the counter electrode, wherein the electrical signal is indicative of a concentration of a sulfur-containing species in a sample.",ai_generated
US-8117842-B2,Systems and methods for compressed-gas energy storage using coupled cylinder assemblies,"A system for compressed-gas energy storage, comprising:
a plurality of reciprocating piston-cylinder assemblies, each piston-cylinder assembly comprising a cylinder housing and a piston reciprocally disposed within the cylinder housing, wherein each piston-cylinder assembly is configured to compress a working gas or expand a compressed working gas;
wherein the plurality of reciprocating piston-cylinder assemblies are mechanically coupled to a common crankshaft;
a motor/generator operatively coupled to the common crankshaft, said motor/generator configured to either drive the common crankshaft to compress the working gas or be driven by the common crankshaft to generate electricity during expansion of the compressed working gas;
a gas reservoir fluidly coupled to the plurality of reciprocating piston-cylinder assemblies;
a valve assembly fluidly coupled between the gas reservoir and the plurality of reciprocating piston-cylinder assemblies, said valve assembly configured to selectively direct the working gas to or from the gas reservoir and the plurality of reciprocating piston-cylinder assemblies; and
a control system operatively coupled to the motor/generator and the valve assembly, said control system configured to regulate compression and expansion cycles of the working gas.",ai_generated
US-9673335-B2,Rectifier circuit including transistor whose channel formation region includes oxide semiconductor,"A rectifier circuit, comprising:
a transistor, wherein a channel formation region of said transistor comprises an oxide semiconductor.",ai_generated
US-8293082-B2,Methods and apparatus for measuring analytes using large scale FET arrays,"An apparatus for measuring analytes, the apparatus comprising:
a large-scale field-effect transistor (FET) array comprising a plurality of chemically sensitive FETs, each FET configured to generate an electrical signal responsive to a presence or concentration of an analyte interacting therewith;
a fluidic delivery system configured to deliver a fluid sample comprising the analytes to a sensing surface of the FET array;
a read-out circuit operably coupled to the FET array, the read-out circuit configured to individually access and acquire electrical signals from a plurality of FETs within the array; and
a processing unit coupled to the read-out circuit, the processing unit configured to receive the acquired electrical signals and determine at least one characteristic of the analytes based on the received electrical signals.",ai_generated
US-9285883-B2,System and method to display content based on viewing orientation,"A system for displaying content, the system comprising:
a sensing unit configured to obtain information related to a viewing orientation;
a processing unit operatively coupled to the sensing unit, the processing unit configured to determine content for display based on the obtained information related to the viewing orientation; and
a display unit operatively coupled to the processing unit, the display unit configured to present the determined content.",ai_generated
US-8739845-B2,Pneumatic tire,"A pneumatic tire, comprising:
an annular carcass defining an internal cavity;
at least one ply of reinforcing cords embedded within said carcass;
a tread portion disposed circumferentially about an outer periphery of said carcass, said tread portion configured for contact with a ground surface;
a pair of opposing sidewall portions extending radially inward from said tread portion;
a pair of bead portions located at respective radially innermost ends of said sidewall portions, said bead portions configured for seating on a wheel rim; and
an air-impermeable layer disposed within said internal cavity, said layer configured to retain a pressurized fluid therein.",ai_generated
US-8372059-B2,Medical coupling system,"A medical coupling system comprising:
a first connector portion having a first fluid pathway and a first engagement feature;
a second connector portion having a second fluid pathway and a second engagement feature configured to cooperatively engage the first engagement feature;
a seal disposed between the first and second connector portions when engaged, to prevent fluid leakage between the first and second fluid pathways; and
a locking mechanism configured to secure the first and second connector portions in an engaged configuration.",ai_generated
US-8555204-B2,Intuitive data visualization method,"A method comprising:
receiving a dataset comprising a plurality of data points, each data point associated with one or more attributes;
analyzing the dataset to identify inherent structures, relationships, or significant features within the plurality of data points;
determining a set of visual mapping rules based on the identified inherent structures, relationships, or significant features, wherein the visual mapping rules are configured to transform complex data characteristics into a simplified and readily comprehensible graphical representation;
generating a graphical visualization of the dataset by applying the determined visual mapping rules to the plurality of data points; and
displaying the graphical visualization to a user, wherein the graphical visualization is configured to enable the user to rapidly extract insights from the dataset with reduced cognitive load.",ai_generated
US-8864713-B2,Hypodermic injection system,"A hypodermic injection system comprising:
a barrel configured to retain a fluid medicament;
a plunger slidably disposed within the barrel, the plunger configured to displace the fluid medicament;
a needle assembly fluidly coupled to the barrel; and
wherein advancement of the plunger within the barrel expels the fluid medicament through the needle assembly.",ai_generated
US-9691700-B2,Semiconductor device including first and second dummy wirings,"A semiconductor device comprising:
a substrate;
an active device region formed on the substrate;
a first interlayer dielectric layer formed over the active device region;
a second interlayer dielectric layer formed over the first interlayer dielectric layer;
a plurality of functional wirings embedded within at least one of the first and second interlayer dielectric layers, the functional wirings configured to transmit electrical signals;
a first dummy wiring embedded within the first interlayer dielectric layer, the first dummy wiring being electrically isolated from the plurality of functional wirings and having a first predetermined layout geometry; and
a second dummy wiring embedded within the second interlayer dielectric layer, the second dummy wiring being electrically isolated from the plurality of functional wirings and having a second predetermined layout geometry, wherein the first dummy wiring and the second dummy wiring are positioned to provide pattern density control within their respective interlayer dielectric layers for manufacturing process uniformity.",ai_generated
US-8244888-B2,Method and mechanism for implementing tagged session pools,"A method for implementing tagged session pools, the method comprising:
managing a session pool configured to store a plurality of sessions;
associating at least one tag with each of the plurality of sessions, wherein each tag represents an attribute of its associated session;
receiving a request for a session, the request comprising at least one tag criterion;
selecting a session from the plurality of sessions within the session pool based on matching the at least one tag criterion with the at least one tag associated with the selected session;
providing the selected session for use; and
returning the selected session to the session pool upon completion of use.",ai_generated
US-8797881-B2,Coexistence mechanism for multiple channels,"A system comprising:
a plurality of communication channels, each configured to utilize a shared communication medium for transmitting and receiving data;
an interference detection module communicatively coupled to the plurality of communication channels and configured to identify interference conditions among the plurality of communication channels on the shared communication medium; and
a coexistence management unit communicatively coupled to the interference detection module and configured to, in response to identified interference conditions, dynamically adjust operational parameters of at least one of the plurality of communication channels to mitigate said interference conditions and enable simultaneous operation of the plurality of communication channels on the shared communication medium.",ai_generated
US-8406634-B2,Method and apparatus for optical signaling,"1. An apparatus for optical signaling, comprising:
   an optical source configured to generate an optical carrier signal;
   a modulator operatively coupled to the optical source, the modulator configured to modulate the optical carrier signal with information to generate a modulated optical signal;
   a transmitter interface configured to transmit the modulated optical signal into an optical communication medium;
   a receiver interface configured to receive the modulated optical signal from the optical communication medium;
   a photodetector operatively coupled to the receiver interface, the photodetector configured to convert the received modulated optical signal into an electrical signal; and
   a processing unit operatively coupled to the photodetector, the processing unit configured to extract the information from the electrical signal.",ai_generated
US-8430746-B2,Mystery jackpot with restricted payout system and method therefor,"A system comprising:
    at least one processor configured to generate a mystery jackpot award, wherein the mystery jackpot award has a value determined independently of a specific game outcome;
    the at least one processor further configured to determine a trigger condition for awarding the mystery jackpot award, wherein the trigger condition is met randomly or based on a predefined threshold;
    the at least one processor further configured to determine a payout amount for the mystery jackpot award based on at least one restriction criterion, wherein the at least one restriction criterion comprises at least one of a player eligibility, a maximum payout limit, a game state, or a wager amount;
    the at least one processor further configured to cause the determined payout amount to be awarded to a player when the trigger condition is met and the payout amount meets the at least one restriction criterion; and
    a memory coupled to the at least one processor, the memory storing instructions executable by the at least one processor to perform the steps of generating, determining, and causing.",ai_generated
US-8803143-B2,Thin film transistor including buffer layers with high resistivity,"A thin film transistor, comprising:
a substrate;
at least one buffer layer disposed over the substrate, said at least one buffer layer having a high resistivity;
a semiconductor layer disposed over the at least one buffer layer;
a gate electrode;
a gate dielectric layer disposed between the gate electrode and the semiconductor layer; and
source and drain electrodes electrically coupled to the semiconductor layer.",ai_generated
US-8382251-B2,Nozzle arrangement for printhead,"A nozzle arrangement for a printhead, comprising:
a printhead die having a fluid ejection face;
a plurality of fluid ejection nozzles formed in the printhead die, each fluid ejection nozzle opening onto the fluid ejection face;
a plurality of fluid supply conduits formed in the printhead die, each fluid supply conduit communicating with a respective one of the plurality of fluid ejection nozzles;
wherein the plurality of fluid ejection nozzles are arranged in a plurality of parallel rows on the fluid ejection face;
and wherein nozzles within adjacent parallel rows are offset relative to each other.",ai_generated
US-8697606-B2,Methods for discretized processing and process sequence integration of regions of a substrate,"A method for processing a substrate, comprising:
    providing a substrate comprising a plurality of distinct regions;
    discretely applying a first processing operation of a process sequence to a first subset of the plurality of distinct regions;
    discretely applying a second processing operation of the process sequence to a second subset of the plurality of distinct regions; and
    functionally integrating the application of the first processing operation and the second processing operation to achieve an overall desired property or structure across the substrate.",ai_generated
US-8584424-B2,Wall and skylight panel system with attachment clip,"A system for forming a wall structure or a skylight structure, the system comprising:
a plurality of panels, each panel having at least one attachment feature along a peripheral edge thereof;
a support structure configured to mount said plurality of panels; and
at least one attachment clip, said attachment clip comprising a first engagement portion configured to removably engage with said at least one attachment feature of one of said plurality of panels, and a second engagement portion configured to secure said one of said plurality of panels to said support structure thereby forming said wall structure or said skylight structure.",ai_generated
US-9424397-B2,Sports monitoring system using GPS with location beacon correction,"1. A sports monitoring system, comprising:
    a Global Positioning System (GPS) receiver configured to acquire GPS coordinates of a monitored entity;
    at least one location beacon positioned within a sports monitoring area, the at least one location beacon configured to emit a localized positioning signal;
     a processing unit operatively coupled to the GPS receiver and the at least one location beacon, the processing unit configured to receive the GPS coordinates from the GPS receiver and to receive data derived from the localized positioning signal from the at least one location beacon;
    wherein the processing unit is further configured to apply a correction to the GPS coordinates based on the data derived from the localized positioning signal to generate corrected location data for the monitored entity; and
    an output interface configured to present sports monitoring information based on the corrected location data.",ai_generated
US-9371440-B2,Method for producing modified polyamide 6,"A method for producing modified polyamide 6, comprising:
providing a polyamide 6 precursor or a polyamide 6 polymer;
providing at least one modifying agent; and
subjecting said polyamide 6 precursor or said polyamide 6 polymer and said at least one modifying agent to conditions effective to form said modified polyamide 6.",ai_generated
US-9103115-B2,Sheet-like finishing element,"A sheet-like finishing element, comprising:
a flexible or rigid planar body having a first major surface and an opposing second major surface;
said first major surface configured to provide an exposed finished appearance upon installation of the element onto a structure;
said second major surface configured for attachment to an underlying substrate of the structure; and
wherein the planar body comprises at least two distinct layers laminated together, at least one of said distinct layers providing at least one of said finished appearance or said attachment functionality.",ai_generated
US-9600455-B2,Hybrid mobile interactions for native apps and web apps,"A method for facilitating hybrid mobile interactions on a mobile device, the method comprising:
executing a native application component within a native operating environment of the mobile device;
rendering a web application component within a web rendering environment instantiated by the native application component;
providing a bidirectional interoperability layer between the native application component and the web application component;
receiving, by the native application component, a first instruction originating from the web application component via the bidirectional interoperability layer, said first instruction comprising an invocation of a native device capability or a function of the native application component;
executing, by the native application component, an action corresponding to the first instruction;
transmitting, by the native application component, a result of the action to the web application component via the bidirectional interoperability layer; and
transmitting, by the native application component, a second instruction to the web application component via the bidirectional interoperability layer, said second instruction comprising an invocation of a function within the web application component or an update to data within the web application component.",ai_generated
US-9483983-B2,"Display device, in particular for cooktops","1. A display device for a cooktop, comprising:
    a display element configured to generate visual information pertaining to at least one heating zone of the cooktop;
    a user input element configured to receive touch-based commands for controlling the operation of the at least one heating zone;
    a monolithic cooking surface made of a transparent or translucent ceramic glass material, wherein the display element is positioned beneath a portion of the monolithic cooking surface, and the user input element is integrated into the monolithic cooking surface to provide an interactive control area;
    wherein the monolithic cooking surface forms an outer protective layer for both the display element and the user input element, and is resistant to high temperatures and liquid spills characteristic of a cooking environment.",ai_generated
US-9216113-B2,Hearing protection earpiece,"1. An earpiece for hearing protection, comprising:
a body;
said body being configured for placement at least partially within an ear canal of a user or within a concha of an ear of a user;
said body comprising a sound attenuating material;
wherein said sound attenuating material is configured to reduce a level of sound propagating to an eardrum of the user.",ai_generated
US-8915251-B2,Mask system,"1. A mask system, comprising:
    a facepiece member structured to cover at least a nose and mouth of a wearer;
    a sealing element positioned along a perimeter of the facepiece member, the sealing element configured to create a seal with a portion of the wearer's face;
    at least one securing strap coupled to the facepiece member, the at least one securing strap configured to retain the facepiece member on the wearer's head; and
    a filtration medium integrated with the facepiece member, the filtration medium configured to filter airborne particles from air passing through the facepiece member.",ai_generated
US-8959726-B2,Zipper,"Here is a patent claim 1 for the invention ""Zipper"", using standard formatting:

A releasable fastener, comprising:
a first flexible elongated tape;
a second flexible elongated tape;
a plurality of male interlocking elements fixedly attached along an edge of said first flexible elongated tape;
a plurality of female interlocking elements fixedly attached along an edge of said second flexible elongated tape, said female interlocking elements configured to releasably engage with said male interlocking elements; and
a slider body slidably engaged with said first and second flexible elongated tapes, said slider body defining a channel configured to progressively interlock said male and female interlocking elements when moved in a first direction and to progressively separate said male and female interlocking elements when moved in a second, opposite direction.",ai_generated
US-8985107-B2,"Method, arrangement and computer program product for respiratory gas monitoring of ventilated patients","1. A method for respiratory gas monitoring of ventilated patients, the method comprising:
    obtaining respiratory gas measurements from an airway of a patient receiving mechanical ventilation;
    processing the obtained respiratory gas measurements to derive at least one respiratory gas parameter indicative of a respiratory state of the patient;
    comparing the at least one derived respiratory gas parameter with a predefined physiological range or threshold; and
    generating an output signal based on the comparison, the output signal providing information regarding the respiratory gas monitoring of the ventilated patient.",ai_generated
US-8593553-B2,Solid-state imaging device and electronic apparatus,"1. A solid-state imaging device, comprising:
    a semiconductor substrate;
    a pixel array disposed on the semiconductor substrate, the pixel array including a plurality of pixels, each pixel configured to convert incident light into an electrical charge;
    a readout circuit configured to read out the electrical charge from the plurality of pixels;
    a control circuit configured to control an operation of the pixel array and the readout circuit; and
    an output circuit configured to output an image signal based on the electrical charge read out by the readout circuit.",ai_generated
US-8843696-B2,Memory device and method of controlling the same,"1. A memory device comprising:
    a memory array comprising a plurality of memory cells configured to store data;
    a data interface coupled to the memory array, the data interface configured to receive memory access requests and to transmit data; and
    a control unit coupled to the memory array and the data interface, the control unit configured to:
        receive a memory access request specifying a logical address and a desired operation;
        determine a physical address within the memory array corresponding to the logical address based on an address mapping;
        execute the desired operation at the determined physical address; and
        periodically update the address mapping to redistribute operations across the plurality of memory cells, thereby achieving substantially uniform wear among the memory cells and extending the operational life of the memory device.",ai_generated
US-9042933-B2,Inter-cell interference coordination for wireless communication systems,"A method for inter-cell interference coordination in a wireless communication system comprising a plurality of cells, the method comprising:
  measuring, at a first cell, interference from at least one neighboring cell or interference experienced by user equipment served by the first cell;
  exchanging, between the first cell and the at least one neighboring cell, information indicative of resource usage or interference conditions;
  determining, at the first cell, a resource allocation scheme or a transmission power adjustment for user equipment served by the first cell based on the exchanged information; and
  transmitting, from the first cell, data to user equipment served by the first cell according to the determined resource allocation scheme or the transmission power adjustment.",ai_generated
US-8873773-B2,Condenser microphone unit and condenser microphone,"1. A condenser microphone unit, comprising:
    a vibratable diaphragm configured to vibrate in response to incident sound waves;
    a backplate electrode positioned opposite the vibratable diaphragm, wherein the vibratable diaphragm and the backplate electrode collectively form a variable capacitor;
    an insulating member disposed between the vibratable diaphragm and the backplate electrode to maintain a predetermined spacing and electrical isolation therebetween;
    a housing configured to enclose and structurally support the vibratable diaphragm, the backplate electrode, and the insulating member; and
    at least one electrical output terminal electrically coupled to the variable capacitor for outputting an electrical signal corresponding to the vibration of the vibratable diaphragm.",ai_generated
US-8868736-B2,Estimating a severity level of a network fault,"A method comprising:
detecting an occurrence of a network fault within a network;
obtaining a plurality of fault-related parameters associated with the detected network fault;
analyzing the plurality of fault-related parameters to determine at least one characteristic of the network fault;
calculating a severity level for the network fault based on the determined at least one characteristic; and
providing an indication of the calculated severity level.",ai_generated
US-8834178-B2,Manipulation device configured to be used with an interactive whiteboard and an interactive teaching system including the same,"1.  A manipulation device for use with an interactive whiteboard, the manipulation device comprising:
    a handheld housing;
    an interaction element extending from the handheld housing, the interaction element configured to engage a display surface of the interactive whiteboard;
    a detection system disposed within the handheld housing, the detection system configured to detect at least one of spatial information of the manipulation device relative to the display surface and an engagement characteristic of the interaction element with the display surface, and to generate corresponding interaction data; and
    a communication interface configured to wirelessly transmit the interaction data to the interactive whiteboard, wherein the interactive whiteboard is configured to process the interaction data to manipulate content displayed on the display surface.",ai_generated
US-9397114-B2,Methods of fabricating three-dimensional semiconductor memory devices,"A method of fabricating a three-dimensional semiconductor memory device, comprising:
providing a semiconductor substrate;
forming a stack of alternating conductive layers and dielectric layers over the semiconductor substrate;
etching a plurality of high aspect ratio vertical openings extending through the stack of alternating layers;
forming memory films within the vertical openings, the memory films comprising at least one charge trapping layer;
forming semiconductor channel regions within the vertical openings, in contact with the memory films;
forming word line electrodes from the conductive layers, wherein the word line electrodes encircle the semiconductor channel regions; and
forming bit line contacts electrically coupled to the semiconductor channel regions.",ai_generated
US-8632198-B2,"Flexible LED lighting systems, fixtures and method of installation","A flexible LED lighting system, comprising:
a flexible light strip comprising a flexible substrate having a plurality of light-emitting diodes (LEDs) mounted thereon and a plurality of conductive traces electrically connecting said LEDs;
a flexible fixture housing configured to receive and protect said flexible light strip, wherein said flexible fixture housing is configured to be bent, curved, or twisted to conform to a non-planar surface;
at least one end cap coupled to an end of said flexible fixture housing, said end cap configured to seal said flexible fixture housing; and
a power connection module integrated with or attachable to said flexible fixture housing, said power connection module configured to electrically couple said flexible light strip to an external power source;
wherein said flexible fixture housing allows for selective exposure of light from said plurality of LEDs along a length thereof.",ai_generated
US-9358347-B2,Safety syringe having an automatic activated retractable needle,"A safety syringe comprising:
a syringe barrel having a proximal end and a distal end, said syringe barrel defining a fluid reservoir;
a plunger slidably disposed within the syringe barrel, said plunger having a distal end configured to expel fluid from the fluid reservoir and a proximal end;
a needle assembly comprising a needle cannula having a sharp tip, said needle assembly initially extending from the distal end of the syringe barrel;
a retraction activation mechanism configured to be triggered upon full depression of the plunger within the syringe barrel;
a needle retraction mechanism mechanically coupled to the needle assembly and configured to retract the needle cannula into the syringe barrel upon activation by the retraction activation mechanism, the needle retraction mechanism comprising a spring element biasing the needle cannula proximally;
and a needle retention mechanism configured to releasably hold the needle assembly in an extended position prior to activation and to permanently secure the needle assembly in a retracted position after activation, thereby preventing re-exposure of the sharp tip.",ai_generated
US-8873257-B2,Power supply apparatus with drive control signal inversion based upon resonance current level detection,"A power supply apparatus, comprising:
a resonant power converter configured to generate an output power;
the resonant power converter including a switching element configured to operate in response to a drive control signal;
a driver circuit coupled to the switching element, the driver circuit configured to generate the drive control signal;
a resonant circuit coupled to the resonant power converter, the resonant circuit configured to exhibit a resonance current;
a current detection circuit coupled to the resonant circuit, the current detection circuit configured to detect a level of the resonance current; and
a control unit coupled to the driver circuit and the current detection circuit, wherein the control unit is configured to receive the detected resonance current level and to cause an inversion of the drive control signal generated by the driver circuit based upon the detected resonance current level exceeding a predetermined threshold.",ai_generated
US-8368486-B2,Duplexer,"I claim:

1.  A duplexer comprising:
    an antenna port configured for coupling to an antenna;
    a transmitter port configured for coupling to a transmitter;
    a receiver port configured for coupling to a receiver;
    a transmit filter circuitry operably connected between the transmitter port and the antenna port, said transmit filter circuitry configured to pass transmit signals within a first frequency band from the transmitter port to the antenna port; and
    a receive filter circuitry operably connected between the antenna port and the receiver port, said receive filter circuitry configured to pass receive signals within a second frequency band from the antenna port to the receiver port;
    wherein the first frequency band is distinct from the second frequency band, and wherein the transmit filter circuitry and the receive filter circuitry are arranged to provide isolation between the transmitter port and the receiver port.",ai_generated
US-9291646-B2,Cross domain triggering in a test and measurement instrument,"A test and measurement instrument for cross domain triggering, comprising:
a signal acquisition module configured to acquire at least one input signal;
a plurality of domain processing modules, each domain processing module configured to analyze the at least one input signal to derive domain-specific data for a respective distinct domain;
a trigger definition module configured to receive the domain-specific data from at least two of the plurality of domain processing modules and to establish a composite trigger condition based on a logical combination of the domain-specific data from the at least two distinct domains;
a trigger evaluation module configured to monitor the derived domain-specific data and determine when the established composite trigger condition is satisfied; and
a trigger output module configured to generate a trigger signal in response to the composite trigger condition being satisfied, wherein the trigger signal initiates a predefined action within the test and measurement instrument.",ai_generated
US-8883904-B2,Mixtures of silver and zinc oxide as stabilizer for flame-retardant polyamides,"A flame-retardant polyamide composition, comprising:
a polyamide resin;
at least one flame retardant; and
a stabilizer comprising a mixture of silver and zinc oxide.",ai_generated
US-9351448-B2,Wall planting system,"A wall planting system comprising:
a support frame configured for mounting to a vertical wall surface;
a plurality of plant receptacles, each plant receptacle dimensioned to contain a plant and a growth medium;
wherein the plurality of plant receptacles are modularly coupled to the support frame; and
an irrigation subsystem integrated with the support frame and fluidly coupled to the plurality of plant receptacles for delivering water thereto.",ai_generated
US-9059141-B2,Buried gate transistor,"A transistor comprising:
a semiconductor substrate;
a source region formed in the semiconductor substrate;
a drain region formed in the semiconductor substrate;
a channel region formed in the semiconductor substrate and disposed between the source region and the drain region;
a gate dielectric layer; and
a gate electrode, wherein the gate electrode is separated from the channel region by the gate dielectric layer, and wherein the gate electrode and the gate dielectric layer are disposed beneath the channel region such that the gate electrode controls conductivity of the channel region.",ai_generated
US-8629955-B2,"Moire reducing display device having directivity with terminal device, light source device, and optical member","A display device for reducing moire and providing directivity, comprising:
a terminal device configured to generate display data;
a light source device configured to emit light; and
an optical member optically coupled to the light source device and configured to receive light therefrom, the optical member further coupled to receive the display data from the terminal device, the optical member structured to output image light having reduced moire and controlled directivity based on the received display data.",ai_generated
US-9030408-B2,Multiple sensor gesture recognition,"A system for recognizing gestures, the system comprising:
a first sensor configured to acquire first sensor data indicative of a physical interaction;
a second sensor configured to acquire second sensor data indicative of the physical interaction;
a processing unit communicatively coupled to the first sensor and the second sensor;
wherein the processing unit is configured to:
receive the first sensor data from the first sensor and the second sensor data from the second sensor;
process the first sensor data and the second sensor data to generate combined sensor data;
identify a gesture based on the combined sensor data; and
output a gesture recognition signal corresponding to the identified gesture.",ai_generated
US-9020450-B2,Output stage for wireless transmitter,"An output stage for a wireless transmitter, comprising:
an input port configured to receive a radio frequency (RF) input signal;
a power amplifier coupled to the input port, the power amplifier configured to amplify the RF input signal to generate an amplified RF signal;
an output matching network coupled to an output of the power amplifier, the output matching network configured to transform an output impedance of the power amplifier to a predetermined load impedance; and
a harmonic filter coupled between the output matching network and an output port, the harmonic filter configured to attenuate harmonic frequencies generated by the power amplifier.",ai_generated
US-9156900-B2,Control agent for controlling undifferentiated state and use thereof,"I claim:
A control agent for controlling an undifferentiated state of stem cells, comprising an active ingredient effective for maintaining the undifferentiated state of said stem cells.",ai_generated
US-9024872-B2,Head-mounted display,"I am providing this claim based *only* on the title ""Head-mounted display,"" aiming for broad coverage typical of a first claim. A complete patent application would include a detailed specification to support this breadth.

---

1.  A head-mounted display, comprising:
    a display unit configured to generate images;
    a housing configured to be worn on a user's head;
    an optical system coupled to the display unit and configured to direct the generated images to at least one eye of the user;
    a control unit electronically coupled to the display unit and configured to process data for presentation on the display unit; and
    a power source electrically coupled to the display unit and the control unit.",ai_generated
US-9750768-B2,Methods for purifying midbrain dopaminergic neural progenitor cells,"A method for purifying midbrain dopaminergic neural progenitor cells, the method comprising:
providing a mixed cell population comprising midbrain dopaminergic neural progenitor cells;
contacting the mixed cell population with at least one detection agent, wherein the at least one detection agent specifically binds to a marker expressed by the midbrain dopaminergic neural progenitor cells, or wherein the at least one detection agent specifically binds to a marker expressed by non-midbrain dopaminergic neural progenitor cells;
separating the midbrain dopaminergic neural progenitor cells from the non-midbrain dopaminergic neural progenitor cells based on the binding of the at least one detection agent, thereby obtaining a purified population of midbrain dopaminergic neural progenitor cells.",ai_generated
US-9345105-B2,Lighting device with RF antenna,"A lighting device, comprising:
a housing;
a light source supported by the housing;
a power supply electrically coupled to the light source;
an RF antenna integrated with the lighting device; and
control circuitry,
wherein the RF antenna is electrically coupled to the control circuitry and configured to wirelessly communicate with an external device;
the wireless communication enabling at least one of: remote control of an operational parameter of the lighting device, transmission of operational data from the lighting device, or reception of external data by the lighting device for altering an operational parameter of the lighting device.",ai_generated
US-9611761-B2,High-temperature energy store with recuperator,"A high-temperature energy storage system comprising:
a storage chamber containing an energy storage medium configured to store thermal energy at a high temperature;
a first fluid pathway configured to deliver a heating fluid into thermal communication with the energy storage medium during a charging phase;
a second fluid pathway configured to extract a heated fluid from thermal communication with the energy storage medium during a discharging phase; and
a recuperator thermally coupled to the first fluid pathway and the second fluid pathway, wherein the recuperator is configured to transfer heat from the heated fluid exiting the storage chamber to the heating fluid entering the storage chamber;
the storage chamber and the energy storage medium being configured for operation at temperatures exceeding 400 degrees Celsius.",ai_generated
US-9291556-B2,"Objective optical system for ATR measurement, and ATR measurement device","An objective optical system for attenuated total reflectance (ATR) measurement, comprising:
an input port configured to receive incident light;
an output port configured to direct reflected light; and
an optical assembly comprising one or more optical elements, including at least one focusing element, wherein said optical assembly is positioned and configured to:
    direct the incident light from the input port to an external interface of an ATR crystal;
    focus the incident light onto an internal reflection surface of the ATR crystal such that the incident light strikes the internal reflection surface at an angle sufficient for total internal reflection; and
    collect light emerging from the ATR crystal after attenuated total reflection at the internal reflection surface and direct the collected light to the output port.",ai_generated
US-9544048-B2,System and method for persistent wireless docking,"A system for persistent wireless docking, the system comprising:
a base station comprising:
a first wireless communication module configured to establish a wireless communication link with a mobile device for at least one of data transfer and power transfer;
a proximity sensing module configured to detect a spatial relationship between the base station and the mobile device;
a base station controller coupled to the first wireless communication module and the proximity sensing module, the base station controller configured to:
initiate a docking procedure with the mobile device when the spatial relationship satisfies a predetermined docking criterion;
monitor a stability of the wireless communication link and the spatial relationship during a docked state; and
upon detecting a deviation from the predetermined docking criterion or a disruption in the stability of the wireless communication link, automatically execute a re-docking procedure to restore the docked state without requiring user intervention; and
a mobile device comprising:
a second wireless communication module configured to establish the wireless communication link with the base station; and
a mobile device controller coupled to the second wireless communication module, the mobile device controller configured to participate in the docking procedure and the re-docking procedure initiated by the base station controller.",ai_generated
US-8929648-B2,Image processor capable of classifying original as color original quickly,"An image processor comprising:
    an image data input configured to receive image data representing an original document;
    a pixel sampling module configured to select a subset of pixel data from said received image data;
    a color component analysis module configured to derive at least one color difference value for each pixel within said subset of pixel data;
    a comparison module configured to compare said at least one derived color difference value for each pixel to at least one predetermined color threshold;
    a color presence scoring module configured to generate a color presence score based on a number of said pixels in the subset having said at least one derived color difference value exceeding said at least one predetermined color threshold; and
    a classification module configured to classify said original document as a color original if said color presence score exceeds a predetermined classification threshold, thereby quickly classifying the original document as a color original.",ai_generated
US-9245130-B2,Multi-user universal serial bus (USB) key with customizable file sharing permissions,"An apparatus, comprising:
    a universal serial bus (USB) interface configured to establish communication with a host computing device;
    a non-transitory computer-readable storage medium configured to store a plurality of data files;
    a processor communicatively coupled to the universal serial bus interface and the non-transitory computer-readable storage medium;
    wherein the processor is configured to:
        manage a plurality of distinct user profiles, each user profile associated with a unique user;
        store a set of file sharing permissions for each of said plurality of data files, wherein said file sharing permissions define access rights for said plurality of distinct user profiles to said data files;
        enable an authorized user to customize said set of file sharing permissions for any of said plurality of data files; and
        control access to said plurality of data files stored on the non-transitory computer-readable storage medium based on an authenticated user profile and said customized set of file sharing permissions.",ai_generated
US-8587757-B2,"Display device, driving method thereof, terminal device, and display panel","A display device, comprising:
a display panel comprising a plurality of pixels configured to emit light;
a driver circuit operatively coupled to the display panel, the driver circuit configured to supply display signals to the plurality of pixels; and
a controller circuit operatively coupled to the driver circuit, the controller circuit configured to implement a driving method for the display panel by generating control signals for the driver circuit, the driving method being configured to selectively adjust at least one driving parameter of the display panel based on a characteristic of input display data to optimize display output performance.",ai_generated
US-9099826-B2,Electrical bridge,"An electrical bridge apparatus, comprising:
a first pair of input terminals configured to receive an input voltage from a voltage source;
a second pair of output terminals;
a first impedance element coupled between a first terminal of the first pair of input terminals and a first terminal of the second pair of output terminals;
a second impedance element coupled between the first terminal of the first pair of input terminals and a second terminal of the second pair of output terminals;
a third impedance element coupled between the first terminal of the second pair of output terminals and a second terminal of the first pair of input terminals;
a fourth impedance element coupled between the second terminal of the second pair of output terminals and the second terminal of the first pair of input terminals; and
a detector coupled across the second pair of output terminals, configured to sense a potential difference therebetween;
wherein at least one of the first, second, third, or fourth impedance elements is a variable impedance element, and the electrical bridge apparatus is configured such that when the potential difference sensed by the detector is substantially zero, the bridge is considered balanced.",ai_generated
US-9276964-B2,Method and user terminal for supporting provision of capabilities,"A method for supporting provision of capabilities, comprising:
identifying, by a user terminal, one or more capabilities available via the user terminal;
generating, by the user terminal, capability information describing the one or more identified capabilities;
transmitting, by the user terminal, the capability information to an external entity to enable said external entity to access the one or more identified capabilities; and
facilitating, by the user terminal, utilization of at least one of the one or more identified capabilities by the external entity based on the transmitted capability information.",ai_generated
US-9212007-B2,Correction of customer mailing information,"A method for correcting customer mailing information, comprising:
receiving customer mailing information;
accessing a reference data source containing validated mailing information;
comparing said received customer mailing information with said reference data source to identify one or more discrepancies, wherein said one or more discrepancies indicate at least one of an invalid mailing address component, an outdated mailing address component, or a missing mailing address component;
automatically updating said received customer mailing information based on said identified one or more discrepancies and data from said reference data source to generate corrected customer mailing information;
and storing said corrected customer mailing information.",ai_generated
US-8918384-B2,Decentralized web annotation,"A method for decentralized web annotation, the method comprising:
receiving, by a client device, user input identifying a target portion of web content displayed within a web browser application;
receiving, by the client device, annotation data associated with the identified target portion;
generating, by the client device, an annotation record comprising the annotation data, metadata associated with a user, and a content identifier unambiguously referencing the target portion of web content, wherein the content identifier is independent of a hosting server of the web content;
digitally signing, by the client device, the annotation record using a cryptographic key associated with the user;
transmitting, by the client device, the digitally signed annotation record for distributed storage on a decentralized network, wherein the decentralized network maintains a distributed ledger of annotation records;
in response to displaying the web content within a web browser application on a client device, querying the decentralized network for annotation records associated with the content identifier of the web content;
receiving, by the client device, one or more retrieved digitally signed annotation records from the decentralized network;
verifying, by the client device, the digital signature of each of the one or more retrieved annotation records; and
displaying, by the client device, the verified one or more retrieved annotation records as an overlay or integrated element within the web browser application in association with the target portion of the web content.",ai_generated
US-9266010-B2,Splitboard binding with adjustable leverage devices,"A splitboard binding comprising:
a baseplate configured for detachable attachment to a splitboard;
a highback pivotally coupled to the baseplate;
at least one ankle strap and at least one toe strap, each strap configured to secure a user's boot to the baseplate; and
a plurality of adjustable leverage devices, each adjustable leverage device configured to selectively alter a mechanical advantage applied to at least one of securing the user's boot to the baseplate, controlling a forward lean of the highback, or facilitating a climbing mode of the splitboard.",ai_generated
US-9466129-B2,Apparatus and method of processing background image of medical display image,"An apparatus for processing a background image of a medical display image, the apparatus comprising:
a receiver configured to obtain a medical display image, the medical display image comprising foreground medical data and a background region;
a background segmentation unit configured to segment the background region from the foreground medical data within the obtained medical display image;
a background modification unit configured to modify at least one visual characteristic of the segmented background region; and
an output generator configured to generate a modified medical display image including the foreground medical data and the modified background region for presentation.",ai_generated
US-8890006-B2,Interlocking test weight system,"A test weight system comprising:
a first test weight having a top surface and a bottom surface;
a second test weight having a top surface and a bottom surface;
wherein the bottom surface of the first test weight comprises at least one projection;
wherein the top surface of the second test weight comprises at least one recess complementary in shape to the at least one projection; and
wherein the at least one projection is configured to be received within the at least one recess to mechanically interlock the first test weight with the second test weight, thereby preventing relative lateral movement therebetween.",ai_generated
US-9045741-B2,"Thermophilic and thermoacidophilic biopolymer-degrading genes and enzymes from Alicyclobacillus acidocaldarius and related organisms, methods",1. An isolated polypeptide having thermophilic and thermoacidophilic properties; wherein said polypeptide exhibits biopolymer-degrading activity; and wherein said polypeptide is derived from *Alicyclobacillus acidocaldarius* or a related organism.,ai_generated
US-9064206-B2,Image forming apparatus that prints image data including color code symbol,"An image forming apparatus, comprising:
a data input interface configured to receive image data;
a processing unit coupled to the data input interface, the processing unit configured to generate a color code symbol and to combine the generated color code symbol with the image data; and
a printing unit coupled to the processing unit, the printing unit configured to print the combined image data, wherein the combined image data includes the color code symbol.",ai_generated
US-9217995-B2,"Entertainment, lighting and climate control system","A system for integrated control of environmental and entertainment aspects within a space, the system comprising:
a central controller configured to receive user inputs, process environmental data, and generate control signals based on said user inputs and environmental data;
a user interface operably coupled to the central controller, configured to receive user commands and display system status;
at least one environmental sensor operably coupled to the central controller, configured to detect ambient conditions within the space, said ambient conditions including at least one of temperature, humidity, and ambient light;
an entertainment output device operably coupled to the central controller, configured to receive entertainment control signals from the central controller and to render entertainment content based on said entertainment control signals;
a lighting control module operably coupled to the central controller, configured to receive lighting control signals from the central controller and to adjust an intensity, color, or state of at least one light fixture based on said lighting control signals; and
a climate control module operably coupled to the central controller, configured to receive climate control signals from the central controller and to regulate at least one of temperature, humidity, and airflow within the space based on said climate control signals.",ai_generated
US-9282020-B2,Bounded-budget monitor deployment in monitoring networks via end-to-end probes,"A method for bounded-budget monitor deployment in monitoring networks via end-to-end probes, the method comprising:
obtaining a network topology of a monitoring network, said network topology comprising a plurality of network nodes and a plurality of network paths interconnecting said nodes;
receiving a budget constraint associated with deploying a plurality of monitors within said monitoring network;
determining, based on said network topology and said budget constraint, a set of monitor deployment locations from said plurality of network nodes;
wherein said determining comprises optimizing a monitoring objective associated with observability of said network paths by end-to-end probes, subject to said budget constraint;
wherein said observability is determined by capabilities of said monitors at said determined deployment locations to send, receive, or intermediate end-to-end probes along said network paths; and
deploying said plurality of monitors at said determined monitor deployment locations.",ai_generated
US-9131431-B2,"Wireless access point device, network system and network auto-establishing method of the same","A wireless access point device, comprising:
a wireless transceiver configured to transmit and receive wireless signals;
a processor coupled to the wireless transceiver; and
a memory coupled to the processor, the memory storing instructions that, when executed by the processor, cause the wireless access point device to automatically establish a wireless network; wherein said automatic establishment comprises detecting a presence of one or more other wireless devices or an existing network condition, determining one or more network configuration parameters based on the detected presence or existing network condition, and automatically configuring its own network settings and forming a wireless network based on the determined network configuration parameters, thereby enabling network connectivity without requiring manual user configuration input.",ai_generated
US-8931776-B2,Image forming apparatus,"An image forming apparatus, comprising:
an input interface configured to receive image data;
an image generation unit configured to generate an image based on the received image data;
a medium transport unit configured to transport a recording medium;
an image application unit configured to apply the generated image onto the recording medium transported by the medium transport unit; and
a finishing unit configured to render the applied image permanent on the recording medium.",ai_generated
US-9485270-B2,Polluting results of vulnerability scans,"A method for reducing irrelevant findings in vulnerability scan results; comprising:
receiving, by a computing system, raw vulnerability scan results generated by at least one vulnerability scanning tool, said raw vulnerability scan results identifying potential vulnerabilities in a plurality of target assets;
obtaining, by the computing system, contextual information associated with the plurality of target assets, wherein the contextual information comprises actual configuration data, operational environment data, or network topology data of the target assets;
correlating, by the computing system, the raw vulnerability scan results with the obtained contextual information to identify irrelevant findings or false positives within the raw vulnerability scan results, wherein an irrelevant finding or false positive is identified when a reported potential vulnerability does not correspond to an actual configuration or operational state of a respective target asset;
generating, by the computing system, refined vulnerability scan results by filtering out the identified irrelevant findings or false positives from the raw vulnerability scan results; and
providing, by the computing system, the refined vulnerability scan results for display, storage, or further automated remediation.",ai_generated
US-9836184-B2,Adaptive determination of information display,"A system comprising:
a processor;
a memory storing instructions executable by the processor;
a display device;
an input interface configured to receive information content for display;
a context sensing module configured to acquire contextual data related to at least one of a user, an environment, or a device state; and
an adaptive display determination module, executing on the processor from instructions stored in the memory, configured to:
    receive the information content and the contextual data;
    adaptively determine a plurality of display characteristics for presenting the information content based on an analysis of the received contextual data; and
    cause the display device to display the information content according to the adaptively determined plurality of display characteristics.",ai_generated
US-9553684-B2,Data frame generation circuit and data frame generation method,"A data frame generation circuit, comprising:
a data input module configured to receive payload data;
a frame assembly module coupled to the data input module, the frame assembly module configured to construct a data frame by encapsulating the payload data with a header portion and a footer portion, wherein the header portion comprises control information and the footer portion comprises frame termination information;
an error detection code generation module coupled to the frame assembly module, the error detection code generation module configured to calculate an error detection code based on at least a portion of the data frame; and
an output interface coupled to the error detection code generation module, the output interface configured to transmit the constructed data frame including the calculated error detection code.",ai_generated
US-9486015-B2,Undergarment comprising sleeve pocket for tampon,"An undergarment comprising a body portion configured to be worn by a user; and a sleeve pocket affixed to the body portion, said sleeve pocket being elongated and dimensioned to removably receive and retain at least one tampon therein.",ai_generated
US-9402440-B2,Cushioning sole for shoe,"A cushioning sole for a shoe, comprising:
an outsole layer configured for ground engagement;
a midsole layer positioned superior to said outsole layer, said midsole layer formed from a resilient, energy-absorbing polymeric material; and
at least one cushioning insert embedded within a cavity of said midsole layer, said at least one cushioning insert being a fluid-filled bladder or a gel element.",ai_generated
US-9390382-B2,Template regularization for generalization of learning systems,"A method for improving generalization of a learning system, the method comprising:
training a learning system comprising a plurality of parameters using training data;
obtaining a template, said template defining a desired characteristic or structural property for the learning system;
incorporating a regularization term into a training objective function used during said training, wherein said regularization term is configured to constrain one or more aspects of the learning system towards said template;
thereby improving the generalization performance of the learning system on unseen data.",ai_generated
US-9545927-B2,Vehicle control system and method,"A vehicle control system, comprising:
a plurality of input devices configured to generate data related to at least one of a vehicle operational state, a surrounding environment of the vehicle, and a user input;
a processing unit communicatively coupled to the plurality of input devices, the processing unit configured to receive the data and determine one or more control commands based on the data; and
a plurality of output devices communicatively coupled to the processing unit, the plurality of output devices configured to execute the one or more control commands to affect an operation of the vehicle.",ai_generated
US-9713285-B2,Electronic apparatus having a cooling apparatus,"An electronic apparatus comprising:
a housing;
at least one electronic component disposed within the housing, the electronic component configured to generate heat during operation;
a heat transfer element thermally coupled to the at least one electronic component, the heat transfer element configured to absorb heat therefrom;
a fluid circulation system coupled to the heat transfer element, the fluid circulation system configured to circulate a cooling fluid;
a heat dissipation element fluidly coupled to the fluid circulation system, the heat dissipation element configured to dissipate heat from the cooling fluid to an ambient environment;
a sensor configured to detect a temperature associated with the at least one electronic component; and
a controller coupled to the sensor and the fluid circulation system, the controller configured to regulate the fluid circulation system based on the detected temperature.",ai_generated
US-9873412-B2,Vehicle speed control apparatus,"1. An apparatus, comprising:
    a speed sensor configured to generate a speed signal indicative of a current speed of a vehicle;
    a user input interface configured to receive a desired speed setting;
    a control unit electronically coupled to the speed sensor and the user input interface, the control unit configured to compare the current speed with the desired speed setting and generate a speed control signal based on the comparison; and
    an actuator electronically coupled to the control unit, the actuator configured to adjust at least one of an engine output and a braking force of the vehicle in response to the speed control signal to regulate the current speed of the vehicle according to the desired speed setting.",ai_generated
US-9061712-B2,Understructure for a vehicle,"1. An understructure for a vehicle, comprising:
a primary frame assembly defining a longitudinal axis and extending substantially the length of the vehicle, said primary frame assembly configured to provide structural integrity and support for various vehicle components;
a plurality of cross-members rigidly coupled to the primary frame assembly, said cross-members extending laterally with respect to the longitudinal axis and providing attachment points for vehicle subsystems;
and a plurality of suspension mounting brackets integrated with at least one of the primary frame assembly and the plurality of cross-members, said suspension mounting brackets configured to securely receive and transfer forces from a vehicle suspension system;
wherein the primary frame assembly and the plurality of cross-members collectively form a rigid, load-bearing framework adapted to support a vehicle body and distribute operational stresses throughout the vehicle.",ai_generated
US-9094543-B2,Real time transmission of photographic images from portable handheld devices,"1. A portable handheld device, comprising:
    an image capture module configured to acquire a photographic image;
    a processing module coupled to the image capture module, the processing module configured to prepare the acquired photographic image for wireless transmission; and
    a wireless communication module coupled to the processing module, the wireless communication module configured to transmit the prepared photographic image to a remote recipient over a wireless communication network;
    wherein the transmission of the prepared photographic image is performed substantially contemporaneously with the acquisition of the photographic image by the image capture module.",ai_generated
US-9455826-B2,Circuit arrangement and method for transmitting signals,"A circuit arrangement for transmitting signals, comprising:
a signal input for receiving an input signal;
a transmitter coupled to the signal input, the transmitter configured to generate a transmit signal based on the input signal;
a channel state estimator configured to determine at least one characteristic of a transmission channel;
a controller coupled to the channel state estimator and the transmitter, the controller configured to adapt at least one transmission parameter of the transmitter based on the determined characteristic of the transmission channel; and
an output interface coupled to the transmitter for outputting the transmit signal to the transmission channel.",ai_generated
US-9516701-B2,Warm window buss bar system and safety mechanism,"A warm window buss bar system, comprising:
a transparent substrate;
a plurality of heating elements disposed on or within the transparent substrate;
at least one buss bar electrically coupled to the plurality of heating elements for distributing electrical power thereto;
a power source electrically coupled to the at least one buss bar; and
a safety mechanism configured to detect an abnormal electrical condition associated with the at least one buss bar system and to automatically respond to the abnormal electrical condition by altering power delivery to the at least one buss bar.",ai_generated
US-9500983-B2,Image forming apparatus,"Here is a possible patent claim 1 for the invention 'Image forming apparatus', following standard formatting:

1.  An image forming apparatus, comprising:
    an image data input unit configured to receive image data;
    an image processing unit communicatively coupled to the image data input unit, the image processing unit configured to process the received image data to generate processed image data suitable for rendering;
    an image rendering unit communicatively coupled to the image processing unit, the image rendering unit configured to form an image on a print medium based on the processed image data;
    a medium handling unit configured to transport the print medium through the image rendering unit; and
    a control unit communicatively coupled to the image data input unit, the image processing unit, the image rendering unit, and the medium handling unit, the control unit configured to control operations of the image forming apparatus.",ai_generated
US-9664369-B2,LED lamp,"1. A lamp apparatus, comprising:
a housing;
at least one light emitting diode (LED) disposed within said housing, said at least one LED configured to emit light;
a heat sink thermally coupled to said at least one LED, said heat sink configured to dissipate heat generated by said at least one LED;
a driver circuit electrically coupled to said at least one LED, said driver circuit configured to convert input electrical power to provide regulated electrical power to said at least one LED; and
an electrical connector electrically coupled to said driver circuit, said electrical connector configured to receive external input electrical power.",ai_generated
US-9158069-B2,Charge-discharge electro-optical microring modulator,"A microring modulator comprising:
an optical waveguide configured to form a microring resonator;
a plurality of electrodes disposed proximate to the microring resonator;
an electro-optical region integrated with the microring resonator, wherein the electro-optical region comprises a material whose refractive index is electrically tunable;
wherein the plurality of electrodes is configured to inject and extract charge carriers into and from the electro-optical region, thereby accumulating and depleting charge carriers within the electro-optical region to responsively change the refractive index of the electro-optical region and to shift a resonance wavelength of the microring resonator, thereby modulating light propagating through the optical waveguide.",ai_generated
US-9368111-B2,System and method for targeted tuning of a speech recognition system,"A system for targeted tuning of a speech recognition system, comprising:
    a speech recognition engine configured to process input audio and generate a corresponding speech recognition output;
    a data acquisition module configured to receive a plurality of speech samples and corresponding transcriptions;
    a targeting criteria module configured to receive one or more targeting criteria for tuning the speech recognition system, wherein the one or more targeting criteria identify at least one of a specific acoustic characteristic, a specific linguistic domain, a specific user group, a specific error type, or a specific performance metric; and
    a tuning module coupled to the data acquisition module, the targeting criteria module, and the speech recognition engine, the tuning module configured to select a subset of the plurality of speech samples based on the one or more targeting criteria, and further configured to apply the subset of speech samples to re-train or adjust one or more parameters of the speech recognition engine, thereby improving recognition performance of the speech recognition engine for speech corresponding to the one or more targeting criteria.",ai_generated
US-9110630-B2,Portable electronic device case with an adhesive panel,"A portable electronic device case comprising:
a main body having an interior surface sized and shaped to receive a portable electronic device and an exterior surface; and
an adhesive panel coupled to the main body, the adhesive panel comprising an adhesive layer defining an adhesive surface configured for removable attachment of the portable electronic device case to an external surface.",ai_generated
US-9369373-B2,Peer-to-peer building automation system without knowledge being required of network topology,"A peer-to-peer building automation system comprising a plurality of interconnected building automation nodes; each node comprising at least one sensor for detecting an environmental condition or at least one actuator for controlling a building element, a local processor, and a communication interface; wherein each node is configured to communicate directly with other nodes in a peer-to-peer manner without requiring pre-configured network topology knowledge or explicit addressing of other nodes; each node further configured to dynamically discover capabilities or services offered by other nodes within the system and to initiate communication with discovered nodes based on functional requirements rather than network address, thereby enabling distributed control of building elements based on detected environmental conditions.",ai_generated
US-9649537-B2,Solid golf ball,"A solid golf ball comprising:
a spherical core comprising a resilient polymeric material;
at least one intermediate layer surrounding the spherical core, the at least one intermediate layer comprising a polymeric material having a different hardness than the spherical core;
a cover layer surrounding the at least one intermediate layer, the cover layer comprising a durable polymeric material and having a plurality of dimples formed on its outer surface; and
wherein the core, the at least one intermediate layer, and the cover layer are concentrically arranged.",ai_generated
US-9289710-B2,Filter element and air filter,"1.  A filter element for an air filter, the filter element comprising:
    a filter medium configured to filter particulate matter from an airflow;
    a first end structure coupled to a first end of the filter medium;
    and a second end structure coupled to a second end of the filter medium, wherein the filter medium is disposed between the first and second end structures to define an airflow path through the filter element, and wherein the filter element is configured to sealingly engage a housing of an air filter to direct the airflow through the filter medium.",ai_generated
US-9375428-B2,Morphine controlled release system,1. A controlled release pharmaceutical oral dosage form comprising an effective amount of morphine or a pharmaceutically acceptable salt thereof; and a controlled release matrix material; wherein the controlled release matrix material is configured to release the morphine over a period of at least 12 hours to provide a sustained therapeutic effect in a patient.,ai_generated
US-9676829-B2,Antibacterial polypeptides and use thereof,An isolated polypeptide; wherein said polypeptide comprises an amino acid sequence; wherein said polypeptide exhibits antibacterial activity against at least one bacterial species; and wherein said polypeptide has a length of between 10 and 100 amino acids and a net positive charge of at least +2 at physiological pH.,ai_generated
US-9606186-B2,System for managing a battery and method thereof,"A system for managing a battery, comprising:
a sensor array configured to acquire a plurality of operating parameters of the battery, the plurality of operating parameters including at least battery voltage, battery current, and battery temperature;
a battery management controller communicatively coupled to the sensor array, the battery management controller comprising a processing module and a control module, wherein the processing module is configured to receive the plurality of operating parameters and to determine a state of charge of the battery based on the plurality of operating parameters; and
an output interface communicatively coupled to the battery management controller, the output interface configured to transmit a control signal for regulating at least one of a charging operation and a discharging operation of the battery based on the determined state of charge.",ai_generated
US-9843556-B2,"Address book information service system, and method and device for address book information service therein","A system for providing address book information service, comprising:
a server unit configured to manage address book information;
an address book database communicatively coupled to the server unit, configured to store a plurality of address book entries comprising contact information;
wherein the server unit is further configured to receive address book information requests from one or more client devices; to process said requests; and to retrieve and provide requested address book information from the address book database to the one or more client devices via a communication network; and
at least one client device communicatively coupled to the server unit via the communication network, configured to transmit the address book information requests to the server unit and to receive the requested address book information therefrom.",ai_generated
US-9268122-B2,Off-axial three-mirror optical system with freeform surfaces,"An optical system, comprising:
a first mirror;
a second mirror;
a third mirror;
said first, second, and third mirrors being optically arranged in an off-axial configuration such that light propagates sequentially therebetween;
wherein at least one surface of said first, second, or third mirrors is a freeform surface; and
wherein said optical system is configured to receive incident light and form an image.",ai_generated
US-9199505-B2,Method and device for removing at least one book block from and/or supplying at least one book block to a conveying section of a book production line,"A method for removing at least one book block from and/or supplying at least one book block to a conveying section of a book production line, the method comprising:
engaging at least one book block with a book block gripper;
transporting the engaged book block by moving the book block gripper; and
disengaging the book block from the book block gripper;
wherein the transporting step moves the book block either from the conveying section to a designated removal position away from the conveying section, or from a designated supply position to the conveying section.",ai_generated
US-9531387-B2,Handheld device and frequency tracking method thereof,"A handheld device comprising:
a housing configured to be held by a user's hand;
at least one processor coupled to a memory;
a wireless receiver coupled to the at least one processor, wherein the wireless receiver is configured to receive an input wireless signal;
wherein the at least one processor is configured to detect a frequency characteristic of the input wireless signal, compare the detected frequency characteristic to a target frequency, and generate a tracking output based on the comparison;
a display coupled to the at least one processor, wherein the display is configured to present information related to the detected frequency characteristic or the tracking output;
an input interface coupled to the at least one processor, wherein the input interface is configured to receive user input for defining the target frequency or controlling a tracking operation; and
a power source disposed within the housing and configured to power the handheld device.",ai_generated
US-9726053-B2,Valve opening/closing timing control device,"A valve opening/closing timing control device for an engine, comprising:
a sensor configured to detect an engine operating parameter;
a controller configured to receive a signal from the sensor and determine a target valve timing based on the detected engine operating parameter;
an actuator configured to adjust a valve timing mechanism based on the target valve timing determined by the controller; wherein the adjustment of the valve timing mechanism causes a change in at least one of an opening timing and a closing timing of at least one engine valve.",ai_generated
US-9872257-B2,Method and apparatus for controlling uplink power in wireless communication system,"A method for controlling uplink power in a wireless communication system, the method comprising:
receiving, by a network node, an uplink reference signal from a user equipment (UE);
determining, by the network node, an uplink transmit power adjustment for the UE based on the received uplink reference signal and a target signal-to-interference-plus-noise ratio (SINR) for the UE;
generating, by the network node, an uplink power control command indicating the determined uplink transmit power adjustment;
transmitting, by the network node, the uplink power control command to the UE;
receiving, by the UE, the uplink power control command from the network node; and
adjusting, by the UE, its transmit power for a subsequent uplink transmission in accordance with the received uplink power control command.",ai_generated
US-9683715-B2,Light emitting apparatus,"A light emitting apparatus, comprising:
a housing having an internal volume;
at least one light emitting diode (LED) package disposed within the internal volume of the housing;
a circuit board mechanically supporting and electrically coupling the at least one LED package;
a heat sink thermally coupled to the circuit board, the heat sink configured to dissipate heat generated by the at least one LED package during operation;
a driver circuit electrically coupled to the circuit board and configured to regulate electrical power supplied to the at least one LED package;
and
an optical element positioned to receive light emitted from the at least one LED package, the optical element configured to shape and distribute the light emitted by the apparatus.",ai_generated
US-9586192-B2,Functionalized media and methods of making and using therefor,"A functionalized media, comprising:
a substrate;
at least one functional moiety;
wherein said at least one functional moiety is immobilized on a surface of said substrate;
and wherein said at least one functional moiety is configured to interact with a target entity.",ai_generated
US-9467677-B2,"Image processing method, image processing device, and electronic apparatus","A method of image processing, comprising:
receiving an input image;
identifying at least one characteristic of the input image;
determining a processing parameter based on the identified characteristic; and
applying an image processing operation to the input image using the determined processing parameter to generate a processed image.",ai_generated
US-9360240-B2,Thermoelectric assembly,"A thermoelectric assembly, comprising:
a thermoelectric module comprising a hot side and a cold side, said thermoelectric module being configured to generate a temperature difference between said hot side and said cold side upon application of an electrical current, or to generate an electrical current upon establishment of a temperature difference across said hot side and said cold side;
a hot-side thermal management component in thermal communication with said hot side of said thermoelectric module;
a cold-side thermal management component in thermal communication with said cold side of said thermoelectric module; and
at least one electrical connector configured to provide electrical power to said thermoelectric module or to extract electrical power from said thermoelectric module.",ai_generated
US-9863285-B2,Power generation system having compressor creating excess gas flow for supplemental gas turbine system,"1. A power generation system, comprising:
a compressor configured to generate a gas flow, wherein a portion of said gas flow is an excess gas flow;
a supplemental gas turbine system fluidly coupled to the compressor;
wherein the supplemental gas turbine system is configured to receive the excess gas flow from the compressor and generate supplemental power therefrom.",ai_generated
US-9822540-B2,Water conservation device for a swimming pool skimmer,"What is claimed is:

1.  A water conservation device for a swimming pool skimmer, comprising:
    a floating body configured to be disposed within an opening of a swimming pool skimmer;
    said floating body having a top surface and a bottom surface, said top surface being exposed to an ambient environment;
    said floating body defining at least one aperture extending from said top surface to said bottom surface, said aperture configured to allow water flow from a swimming pool into the swimming pool skimmer;
    wherein said floating body substantially covers a water surface within the swimming pool skimmer, thereby reducing evaporation of water from the swimming pool skimmer;
    and wherein said floating body is configured to rise and fall with a water level within the swimming pool skimmer.",ai_generated
US-9219036-B2,Interconnect structure for semiconductor devices,"An interconnect structure for a semiconductor device, comprising:
a semiconductor substrate;
a first conductive layer disposed over the semiconductor substrate;
a first inter-metal dielectric layer disposed over the first conductive layer;
a second conductive layer disposed over the first inter-metal dielectric layer;
at least one via structure extending through the first inter-metal dielectric layer, electrically connecting the first conductive layer and the second conductive layer;
a passivation layer disposed over the second conductive layer; and
at least one electrical contact pad disposed over the passivation layer and electrically connected to at least one of the first and second conductive layers.",ai_generated
US-9358338-B2,Particle cassettes and processes therefor,"A particle cassette, comprising:
a housing defining an internal chamber;
the internal chamber configured to contain a plurality of particles;
at least one inlet port in fluid communication with the internal chamber, the inlet port configured to allow introduction of particles into the internal chamber;
at least one outlet port in fluid communication with the internal chamber, the outlet port configured to allow removal of particles from the internal chamber;
and wherein the housing is configured for selective engagement with an external processing system for processing the particles contained therein.",ai_generated
US-9335284-B2,Method for analysis using X-ray fluorescence,"A method for analysis using X-ray fluorescence, comprising:
irradiating a sample with a primary X-ray beam to generate characteristic fluorescent X-rays from said sample;
detecting said characteristic fluorescent X-rays; and
analyzing spectral properties of said detected characteristic fluorescent X-rays to determine at least one characteristic of said sample.",ai_generated
US-9864779-B2,Suppressing stream functionality to expedite preferred data,"A method for expediting preferred data, comprising:
receiving a plurality of data streams;
identifying preferred data within at least one of the plurality of data streams;
identifying at least one suppressible stream functionality associated with a non-preferred data stream among the plurality of data streams;
modifying a resource allocation by suppressing the identified suppressible stream functionality;
wherein said modification of resource allocation prioritizes processing or transmission of the preferred data, thereby expediting delivery of the preferred data.",ai_generated
US-9877686-B2,System for determining confidence in respiratory rate measurements,"A system for determining confidence in respiratory rate measurements, comprising:
a physiological sensor configured to acquire physiological data related to a subject's respiration;
a respiratory rate measurement module coupled to the physiological sensor, the respiratory rate measurement module configured to process the physiological data and derive a respiratory rate measurement;
a confidence determination module coupled to the respiratory rate measurement module, the confidence determination module configured to analyze at least one of the physiological data and the respiratory rate measurement to generate a confidence metric associated with the respiratory rate measurement; and
 an output module coupled to the confidence determination module, the output module configured to provide an indication of the confidence metric.",ai_generated
US-9646758-B2,Method of fabricating integrated circuit (IC) devices,"A method of fabricating an integrated circuit (IC) device, the method comprising:
providing a semiconductor substrate;
forming at least one dielectric layer over the semiconductor substrate;
forming at least one conductive or semiconductive layer over the at least one dielectric layer;
patterning the at least one conductive or semiconductive layer to define at least one device feature;
introducing dopants into selected regions of the semiconductor substrate to form active device regions; and
forming metallization layers to electrically interconnect the active device regions and device features to complete the integrated circuit device.",ai_generated
US-9888481-B2,Radio resource manager devices and radio communication devices,"A radio resource manager device, comprising:
a transceiver configured to communicate with at least one radio communication device;
a processor coupled to the transceiver; and
a memory coupled to the processor;
wherein the processor is configured to obtain radio channel information from the at least one radio communication device; analyze network resource demands and available radio resources based on the obtained radio channel information; determine a radio resource allocation strategy for the at least one radio communication device; and cause the transceiver to transmit radio resource allocation commands to the at least one radio communication device in accordance with the determined radio resource allocation strategy.",ai_generated
US-9854494-B2,Evolutionary algorithms for geographic load balancing using a distributed antenna system,"A system for geographic load balancing using a distributed antenna system, the system comprising:
a distributed antenna system (DAS) configured to provide wireless communication services across a geographic area;
a processor; and
a memory coupled to the processor, the memory storing instructions that, when executed by the processor, cause the processor to:
monitor a wireless communication load across the geographic area via the distributed antenna system;
determine an optimized operational configuration for the distributed antenna system using an evolutionary algorithm, wherein the optimized operational configuration is determined to balance the wireless communication load across the geographic area; and
transmit control signals to the distributed antenna system to implement the optimized operational configuration, thereby achieving geographic load balancing.",ai_generated
US-9460686-B2,"Electronic device, control method, and storage medium storing control program","An electronic device, comprising a processor; and a memory storing a control program comprising instructions that, when executed by the processor, cause the electronic device to perform a control method, wherein the control method comprises receiving input data, processing the input data based on predefined criteria, and generating an output control signal based on a result of processing the input data.",ai_generated
US-9876799-B2,Secure mobile client with assertions for access to service provider applications,"A system comprising a mobile client device having a processor and a memory storing instructions executable by the processor to perform operations comprising:
authenticating a user with an identity provider;
obtaining a security assertion from the identity provider, the security assertion comprising user identity information and a cryptographic signature validating its origin and integrity;
transmitting the security assertion to a service provider application over a secure communication channel;
receiving an access response from the service provider application, said access response indicating whether access to the service provider application is granted based on the validation of the security assertion; and
thereafter securely interacting with the service provider application based on the granted access.",ai_generated
US-9743148-B2,Video device with electronic program guide application and methods for use therewith,"1. A video device, comprising:
    a display;
    a receiver configured to receive electronic program guide (EPG) data;
    a processor communicatively coupled to the display and the receiver; and
    a memory communicatively coupled to the processor, storing computer-readable instructions that, when executed by the processor, configure the processor to:
        process the received EPG data to obtain program information;
        generate a graphical user interface (GUI) based on the program information, the GUI presenting a plurality of programs arranged chronologically and by channel;
        output the GUI for display on the display;
        receive a user input via the GUI, the user input selecting a program from the plurality of programs presented in the GUI; and
        in response to the user input, initiate a device action associated with the selected program.",ai_generated
US-9571233-B2,Providing acknowledgement information by a wireless device,"Here is a patent claim 1 for the invention title: 'Providing acknowledgement information by a wireless device', formatted as requested:

A wireless device, comprising:
a receiver configured to receive data from a network;
a processor coupled to the receiver, the processor configured to:
    determine a current operational state of the wireless device, wherein the current operational state includes at least one of a power level, a processing load, or a network condition; and
    generate acknowledgement information based on the received data and the determined current operational state, wherein the acknowledgement information comprises information indicating successful receipt of the data and further comprises an indication of the current operational state, and wherein the acknowledgement information is dynamically adapted based on the determined current operational state; and
a transmitter coupled to the processor, the transmitter configured to transmit the generated acknowledgement information to the network.",ai_generated
US-9431953-B2,Height adjustment bracket for roof applications,"A height adjustment bracket for roof applications, comprising:
a first bracket member having a base portion configured to be rigidly secured to a roof structure;
a second bracket member having a support portion configured to support a roof-mounted component; and
an adjustment mechanism operably coupled between the first bracket member and the second bracket member, wherein the adjustment mechanism is configured to allow selective vertical translation of the second bracket member relative to the first bracket member to vary a vertical height of the support portion relative to the base portion;
wherein the adjustment mechanism further comprises a locking feature configured to secure the second bracket member at a selected vertical height relative to the first bracket member.",ai_generated
US-9396736-B2,Audio encoder and decoder with multiple coding modes,"Here is an example of a patent claim 1 for the given invention title:

A system for audio encoding and decoding with multiple coding modes, the system comprising:
an audio encoder configured to receive an input audio signal;
the audio encoder further configured to analyze characteristics of the input audio signal;
the audio encoder further configured to select one of a plurality of distinct coding modes based on the analyzed characteristics;
the audio encoder further configured to encode the input audio signal according to the selected coding mode to generate an encoded audio bitstream, the encoded audio bitstream including mode information indicative of the selected coding mode; and
an audio decoder configured to receive the encoded audio bitstream;
the audio decoder further configured to extract the mode information from the encoded audio bitstream; and
the audio decoder further configured to decode the encoded audio bitstream according to the extracted mode information to reconstruct an output audio signal.",ai_generated
US-9786618-B2,Semiconductor structure and manufacturing method thereof,"A semiconductor structure, comprising:
a semiconductor substrate;
a first active device layer formed over the semiconductor substrate, said first active device layer including at least one first semiconductor device;
a second active device layer formed over the first active device layer, said second active device layer including at least one second semiconductor device;
an insulating inter-layer dielectric (ILD) formed between the first active device layer and the second active device layer;
a first conductive via extending through the ILD, electrically connecting the at least one first semiconductor device to the at least one second semiconductor device.",ai_generated
US-9871847-B2,Data-sharing system and method,"A data-sharing system, comprising:
one or more processors;
memory coupled to the one or more processors;
a data ingestion module executable by the one or more processors and configured to receive data from a plurality of data providers;
a data repository coupled to the one or more processors and configured to store the received data;
an access management module executable by the one or more processors and configured to define and manage access policies for the stored data, wherein said access policies specify permissions for various data consumers;
an authentication module executable by the one or more processors and configured to authenticate requests from data consumers for access to the stored data;
a policy enforcement module executable by the one or more processors and configured to apply the defined access policies to authenticated requests to determine access eligibility; and
a data distribution module executable by the one or more processors and configured to retrieve eligible data from the data repository and transmit the retrieved data to the requesting data consumers over a network.",ai_generated
US-9688469-B2,Modified cargo container for delivery of proppant to a frac site,"A modified cargo container for delivery of proppant to a frac site, comprising:
a cargo container structure defining an interior volume;
at least one loading aperture positioned in an upper portion of the cargo container structure, the at least one loading aperture configured for receiving proppant into the interior volume;
an internal hopper assembly disposed within the interior volume, the internal hopper assembly defining a proppant storage chamber and funneling proppant towards a lower region of the cargo container structure;
at least one discharge aperture positioned in a lower portion of the cargo container structure, the at least one discharge aperture in fluid communication with the proppant storage chamber and configured for dispensing proppant therefrom;
and a flow control mechanism coupled to the at least one discharge aperture, the flow control mechanism configured to selectively regulate the flow of proppant through the at least one discharge aperture.",ai_generated
US-9768975-B2,System and method of providing control information to device regarding product,"A system for providing control information to a device regarding a product, comprising:
a control server configured to generate control information based on product data associated with the product;
a communication module coupled to the control server, the communication module configured to transmit the generated control information; and
a target device comprising a receiver configured to receive the transmitted control information, the target device further configured to apply the received control information to the product to modify an operational aspect or a characteristic of the product.",ai_generated
US-9876502-B2,Clock integrated circuit,"CLAIM 1.
A clock integrated circuit comprising:
a reference clock generation circuit configured to provide a reference clock signal;
a frequency synthesis module coupled to the reference clock generation circuit, the frequency synthesis module configured to generate at least one derived clock signal based on the reference clock signal;
a control logic coupled to the frequency synthesis module, the control logic configured to configure a frequency of the at least one derived clock signal;
at least one output driver coupled to the frequency synthesis module, the at least one output driver configured to output the at least one derived clock signal as at least one output clock signal; and
wherein the reference clock generation circuit, the frequency synthesis module, the control logic, and the at least one output driver are integrated on a single semiconductor substrate.",ai_generated
US-9814673-B2,Intraocular lens comprising pharmaceutical compositions and methods for fabricating thereof,"An intraocular lens comprising:
a lens body configured for implantation within an eye; and
at least one pharmaceutical composition associated with the lens body;
wherein the at least one pharmaceutical composition is present in an effective amount for release into the eye following implantation to achieve a therapeutic effect.",ai_generated
US-9649069-B2,Systems and methods for replacing signal artifacts in a glucose sensor data stream,"A system for replacing signal artifacts in a glucose sensor data stream, the system comprising:
a data receiver configured to acquire a glucose sensor data stream;
an artifact identification unit operatively coupled to the data receiver, the artifact identification unit configured to detect one or more signal artifacts within the acquired glucose sensor data stream;
a data generation module operatively coupled to the artifact identification unit, the data generation module configured to generate replacement data corresponding to the one or more detected signal artifacts; and
a data stream modification unit operatively coupled to the data generation module, the data stream modification unit configured to substitute the one or more detected signal artifacts in the acquired glucose sensor data stream with the generated replacement data to produce an artifact-corrected glucose sensor data stream.",ai_generated
US-9721252-B2,User authentication method and device for credentials back-up service to mobile devices,"A method for user authentication for a credentials back-up service to mobile devices, comprising:
receiving an authentication request from a client device associated with a user;
obtaining user authentication data from the user via the client device;
validating the obtained user authentication data against stored authentication information associated with the user;
determining a successful authentication of the user based on said validating; and
responsive to said successful authentication, enabling access to a credentials back-up service, wherein the credentials back-up service is configured to store and restore user credentials for one or more mobile devices associated with the user.",ai_generated
US-9819876-B2,Image capturing apparatus,"An image capturing apparatus comprising:
an optical system configured to receive light from a scene;
an image sensor operably coupled to the optical system, the image sensor configured to convert the received light into electrical signals;
a processor operably coupled to the image sensor, the processor configured to process the electrical signals to generate an image; and
a memory operably coupled to the processor, the memory configured to store the generated image.",ai_generated
US-9841533-B2,Disdrometer having acoustic transducer and methods thereof,"A disdrometer comprising:
an acoustic transducer configured to emit an acoustic signal into a sensing volume and to receive an acoustic signal reflected or attenuated by a hydrometeor within said sensing volume;
a signal processing unit communicatively coupled to said acoustic transducer;
wherein said signal processing unit is configured to analyze characteristics of the received acoustic signal to determine at least one parameter of said hydrometeor, said at least one parameter being selected from the group consisting of size, velocity, and number density; and
an output interface configured to provide data representative of said at least one parameter.",ai_generated
US-6261984-B1,Sputtering target and process for the preparation thereof,"1. A sputtering target for use in a physical vapor deposition process, the sputtering target comprising a material selected from the group consisting of a metal, an alloy, and a ceramic compound; wherein the material has a purity of at least 99.9 atomic percent; wherein the material has a relative density of at least 95% of its theoretical density; and wherein the sputtering target has a predetermined shape configured for mounting within a sputtering apparatus.",ai_generated
US-8083307-B2,Method of fabricating three-dimensional structure and method of manufacturing substrate with spacer,"A method comprising:
providing a substrate;
forming at least one spacer on a surface of the substrate;
fabricating a three-dimensional structure on the substrate, wherein the at least one spacer defines at least one dimension or a location for the fabricating of the three-dimensional structure.",ai_generated
US-7345197-B1,Preparation of acetic acid,"A method for preparing acetic acid, comprising:
  catalytically reacting methanol with carbon monoxide in a reaction zone in the presence of a transition metal catalyst at an elevated temperature and an elevated pressure to form acetic acid; and
  recovering said acetic acid from the reaction zone.",ai_generated
US-7759473-B2,"Nucleotide oligomer, nucleotide polymer, method for determining structure of functional substance and method for manufacturing functional substance","1. A nucleotide oligomer or a nucleotide polymer, said oligomer or polymer comprising a sequence capable of specifically interacting with a functional substance;
wherein said specific interaction enables determination of a structure of said functional substance;
or wherein said specific interaction enables manufacturing of said functional substance.",ai_generated
US-6421855-B2,Infant bed having a tiltable sleeping surface for treating and prevention of positional plagiocephaly,"An infant bed comprising:
a frame;
a sleeping surface configured to support an infant;
wherein the sleeping surface is movably coupled to the frame;
and a tilting mechanism coupled to the sleeping surface and the frame, the tilting mechanism configured to selectively adjust an angle of inclination of the sleeping surface relative to a horizontal plane, thereby providing an inclined sleeping position for an infant to treat and prevent positional plagiocephaly.",ai_generated
US-9597625-B1,Method of manufactring an antibacterial filter comprising copper-based compound particles,"A method of manufacturing an antibacterial filter, the method comprising:
providing a porous filter substrate;
providing copper-based compound particles;
incorporating the copper-based compound particles into the porous filter substrate; and
fixing the incorporated copper-based compound particles to the porous filter substrate to form the antibacterial filter.",ai_generated
US-6540811-B2,"Method of producing alloy powders, alloy powders obtained by said method, and products applying said powders","I. An alloy powder obtained by a method comprising:
    melting a desired alloy material to form a molten alloy pool;
    atomizing said molten alloy pool by directing a high-velocity fluid stream onto said molten alloy pool, thereby breaking said molten alloy into a plurality of fine droplets;
    solidifying said fine droplets into alloy particles;
    cooling said alloy particles in a controlled atmosphere; and
    collecting said cooled alloy particles.",ai_generated
US-9573355-B2,Method and apparatus for contouring composite pre-preg articles,"1. A method for contouring composite pre-preg articles, the method comprising:
    providing a composite pre-preg article having an uncured resin matrix;
    positioning the composite pre-preg article within a shaping tool having a contoured surface;
    applying at least one of heat and pressure to the composite pre-preg article to induce flow of the uncured resin matrix and conform the composite pre-preg article to the contoured surface of the shaping tool; and
    maintaining the composite pre-preg article in conformance with the contoured surface to establish a desired contour.",ai_generated
US-7671169-B2,"Polycarbonate-polyester block copolymer compositions, methods, and articles","1. A polycarbonate-polyester block copolymer composition, comprising a block copolymer, said block copolymer comprising a polycarbonate block and a polyester block.",ai_generated
US-9605334-B2,Highly heat-resistant and high-strength Rh-based alloy and method for manufacturing the same,"1.  A highly heat-resistant and high-strength Rh-based alloy, comprising:
    rhodium (Rh) in an amount of at least 60 atomic percent; and
    at least one alloying element selected from the group consisting of iridium (Ir), ruthenium (Ru), tungsten (W), molybdenum (Mo), rhenium (Re), tantalum (Ta), niobium (Nb), hafnium (Hf), zirconium (Zr), titanium (Ti), aluminum (Al), boron (B), and carbon (C), wherein the total amount of the at least one alloying element is from 0.1 to 40 atomic percent.",ai_generated
US-7314681-B2,Cylindrical alkaline cells with increased discharge performance,"A cylindrical alkaline cell comprising:
a cylindrical casing having a positive terminal and a negative terminal;
a cathode disposed within the casing, said cathode comprising an active manganese dioxide material and a conductive additive;
an anode disposed within the casing, said anode comprising an active zinc material;
an alkaline electrolyte permeating said cathode and said anode; and
a separator disposed between said cathode and said anode;
wherein the cathode further comprises a high-surface-area conductive carbon material intimately mixed with the active manganese dioxide material, said conductive carbon material being present in an amount of at least 10% by weight of the total cathode composition and having an average particle size (D50) of less than 5 micrometers, wherein said conductive carbon material forms a pervasive, interconnected conductive network throughout the active manganese dioxide material to reduce internal resistance.",ai_generated
US-6962953-B2,Aqueous secondary dispersions,"An aqueous secondary dispersion comprising:
an aqueous continuous phase;
a plurality of discrete particles dispersed within said aqueous continuous phase, said particles comprising a material that was formed ex-situ relative to said aqueous continuous phase; and
a stabilizing agent present in said aqueous continuous phase for maintaining said discrete particles in a stable dispersed state.",ai_generated
US-6280741-B1,Equine treatment and method of administering such treatment,"A method of treating an equine subject;
comprising administering a therapeutic composition to said equine subject;
wherein said therapeutic composition comprises at least one active agent effective to provide a therapeutic benefit to said equine subject;
said administering being performed in a therapeutically effective amount;
and said administering being performed via a selected route of administration for a duration sufficient to achieve said therapeutic benefit.",ai_generated
US-8618178-B2,Method and substances for treating T-cell mediated autoimmune diseases,"A method for treating a T-cell mediated autoimmune disease in a subject in need thereof, the method comprising;
administering to the subject a therapeutically effective amount of a T-cell modulating substance;
wherein the T-cell modulating substance modulates T-cell activity to thereby alleviate at least one symptom of the T-cell mediated autoimmune disease.",ai_generated
US-7159182-B2,Supplemental request header for applications or devices using web browsers,"A method for providing supplemental information in a web request originating from an application or device using a web browser, the method comprising:
generating, by an application or a device, a data request intended for a remote server;
wherein the application or device operates in conjunction with a web browser executing on a client device;
creating a supplemental header within the data request;
populating the supplemental header with client-specific information indicative of at least one of the application, the device, or an operating context thereof;
transmitting the data request, including the supplemental header, to the remote server via the web browser; and
wherein the client-specific information in the supplemental header enables the remote server to distinguish the data request from a request originating solely from the web browser.",ai_generated
US-8912038-B2,Method of forming emitters for a back-contact solar cell,"A method of forming emitters for a back-contact solar cell, the method comprising:
providing a semiconductor substrate comprising a front surface and a back surface;
forming a patterned masking layer on the back surface of the semiconductor substrate, wherein the patterned masking layer defines a plurality of emitter regions on the back surface, the emitter regions being arranged in an interdigitated pattern;
introducing a first dopant type into the semiconductor substrate through the plurality of emitter regions defined by the patterned masking layer to form a plurality of doped emitter regions on the back surface of the semiconductor substrate; and
removing the patterned masking layer from the back surface of the semiconductor substrate.",ai_generated
US-8132252-B2,System and method for securely transmitting data using video validation,"A system for securely transmitting data using video validation, comprising:
a data source configured to provide data for transmission;
a video capture device configured to obtain video data related to a security requirement for the data transmission;
a processing unit communicatively coupled to the data source and the video capture device, the processing unit configured to receive the data from the data source; receive the video data from the video capture device; analyze the video data to validate compliance with the security requirement; generate a validation outcome based on the analysis; and control transmission of the data based on the validation outcome; and
a communication interface configured to perform transmission of the data when the validation outcome permits transmission.",ai_generated
US-6837418-B2,Bondhead lead clamp apparatus and method,"An apparatus for clamping a lead proximate a bondhead, comprising:
a main body configured for mounting to a bondhead assembly;
a first clamping jaw extending from the main body and having a first clamping surface;
a second clamping jaw movably coupled to the main body, the second clamping jaw having a second clamping surface opposed to the first clamping surface;
an actuation mechanism operatively coupled to the second clamping jaw, configured to move the second clamping jaw between an open position, wherein the first and second clamping surfaces are spaced apart to allow insertion of a lead, and a closed position, wherein the first and second clamping surfaces engage to securely clamp a lead therebetween for a bonding operation;
and a lead guide channel defined by at least one of the first and second clamping jaws, configured to direct the lead into the clamping region between the first and second clamping surfaces.",ai_generated
US-9090700-B2,Tumor therapy with an antibody for vascular endothelial growth factor and an antibody for human epithelial growth factor receptor type 2,"A method of treating cancer in a subject, the method comprising administering to the subject a therapeutically effective amount of a first antibody and a second antibody; wherein the first antibody specifically binds to vascular endothelial growth factor (VEGF); and wherein the second antibody specifically binds to human epidermal growth factor receptor type 2 (HER2).",ai_generated
US-8834752-B2,Systems and methods for making layered dental appliances,"A system for making layered dental appliances, comprising:
a data acquisition module configured to obtain three-dimensional patient-specific dental data;
a processing unit communicatively coupled to the data acquisition module, the processing unit configured to generate a three-dimensional model of a layered dental appliance based on the patient-specific dental data and to define a plurality of distinct layers within the three-dimensional model, each distinct layer characterized by a specific material property, composition, or geometry; and
a fabrication module communicatively coupled to the processing unit, the fabrication module configured to construct the layered dental appliance by sequentially depositing or forming the plurality of distinct layers according to the three-dimensional model, wherein each distinct layer is formed from a predetermined material.",ai_generated
US-6395495-B1,Methods and kits for detecting antibodies against an HIV variant,"I claim:

1. A method for detecting antibodies against an HIV variant in a biological sample, comprising:
    obtaining a biological sample from a subject;
    contacting the biological sample with an isolated polypeptide derived from an HIV variant, under conditions allowing for specific antigen-antibody binding;
    detecting the formation of an immune complex between antibodies in the sample and the isolated polypeptide; and
    thereby indicating the presence of antibodies against the HIV variant in the biological sample.",ai_generated
US-7495671-B2,Light system manager,"1. A light system manager, comprising:
a controller configured to execute control logic for managing a plurality of light fixtures;
an input interface communicatively coupled to the controller, the input interface configured to receive operational data related to a lighting environment;
an output interface communicatively coupled to the controller, the output interface configured to transmit lighting control signals to the plurality of light fixtures; and
a memory communicatively coupled to the controller, the memory configured to store the control logic and operational parameters;
wherein the controller is further configured to generate the lighting control signals based on the received operational data and the stored control logic to control an illumination state of the plurality of light fixtures.",ai_generated
US-9494572-B2,Method and compositions for treating cancer and related methods,"A method for treating cancer in a subject, comprising:
administering to the subject a therapeutically effective amount of an anti-cancer composition, said anti-cancer composition comprising at least one active therapeutic agent effective to inhibit cancer cell proliferation or induce cancer cell apoptosis, and a pharmaceutically acceptable carrier;
thereby inhibiting tumor growth or reducing tumor burden in the subject;
and wherein the subject is a mammal afflicted with cancer.",ai_generated
US-9637556-B2,Methods of generating libraries and uses thereof,"A method of generating a library, comprising:
providing a plurality of distinct molecular building blocks;
combinatorially assembling said plurality of distinct molecular building blocks to generate a plurality of diverse molecular entities, wherein each of said diverse molecular entities comprises at least two covalently linked building blocks;
collecting said plurality of diverse molecular entities into a pool to form the library; and
wherein said library is configured for subsequent screening for a desired property.",ai_generated
US-9669606-B2,Elastomeric materials,1. An elastomeric material comprising a polymeric matrix; said polymeric matrix comprising polymer chains interconnected to form a network structure; said elastomeric material exhibiting an elastic recovery of at least 80% after 50% elongation; a tensile strength of at least 1 MPa; and an elongation at break of at least 100%.,ai_generated
US-8039475-B2,Co-crystals and pharmaceutical compositions comprising the same,"A co-crystal comprising an active pharmaceutical ingredient and a pharmaceutically acceptable co-former, wherein the active pharmaceutical ingredient and the pharmaceutically acceptable co-former are present in a crystalline lattice.",ai_generated
US-8789738-B2,Surgical method for stapling tissue,"A method for surgically stapling tissue, comprising:
accessing a surgical site comprising target tissue;
positioning a stapling instrument relative to the target tissue; and
actuating the stapling instrument to deploy a plurality of staples into the target tissue, thereby securing the target tissue.",ai_generated
US-8400024-B2,Wireless energy transfer across variable distances,"1. A system for wireless energy transfer across variable distances, comprising:
a transmitter configured to emit wireless energy;
a receiver configured to capture said wireless energy;
a distance sensing module configured to determine a separation distance between said transmitter and said receiver; and
a control unit communicatively coupled to at least one of said transmitter and said receiver, said control unit configured to dynamically adjust at least one operational parameter of said wireless energy transfer based on said determined separation distance, thereby optimizing energy transfer efficiency across a range of variable distances.",ai_generated
US-9507150-B1,Head up display (HUD) using a bent waveguide assembly,"A head-up display comprising an image generating unit configured to produce an image; and a bent waveguide assembly comprising an input coupler configured to receive the image from the image generating unit, a light guiding member configured to guide the received image along a bent optical path within the bent waveguide assembly, and an output coupler configured to project the guided image into a field of view of an observer.",ai_generated
US-8681764-B2,Frequency division multiple access schemes for wireless communication,"A wireless communication system employing frequency division multiple access, comprising:
a plurality of input interfaces configured to receive respective data streams;
a plurality of modulators, each coupled to a respective input interface and configured to modulate its received data stream onto a distinct carrier frequency;
a signal combiner coupled to the plurality of modulators and configured to combine said modulated signals into a composite signal;
a transmitter coupled to the signal combiner and configured to wirelessly transmit the composite signal;
a receiver configured to wirelessly receive the composite signal;
a plurality of filters, each coupled to the receiver and configured to isolate a distinct frequency band corresponding to one of the distinct carrier frequencies from the received composite signal;
a plurality of demodulators, each coupled to a respective filter and configured to demodulate a data stream from its respective isolated frequency band;
a plurality of output interfaces configured to output said demodulated data streams; and
a controller configured to assign said distinct carrier frequencies to the plurality of modulators and to coordinate the isolation of corresponding said distinct frequency bands by the plurality of filters.",ai_generated
US-9320591-B2,"Devices, systems, and methods for prosthesis delivery and implantation, including the use of a fastener tool","A system for prosthesis delivery and implantation, comprising:
a prosthesis configured for implantation within a patient;
a delivery device configured to deliver the prosthesis to an implantation site within the patient;
a fastener tool configured to deploy one or more fasteners to secure the prosthesis at the implantation site; and
one or more fasteners configured to secure the prosthesis to tissue at the implantation site.",ai_generated
US-9849117-B2,Aza-bicycloalkyl ethers and their use as alpha7-nachr agonists,"A compound comprising a saturated aza-bicyclic ring system;
said ring system being substituted by at least one ether group of formula -O-R1;
wherein R1 is selected from the group consisting of optionally substituted C1-C10 alkyl, C3-C8 cycloalkyl, C6-C10 aryl, and 5- to 10-membered heteroaryl;
and wherein the saturated aza-bicyclic ring system is optionally substituted with one or more further substituents independently selected from the group consisting of halogen, cyano, nitro, C1-C6 alkyl, C1-C6 alkoxy, C1-C6 haloalkyl, and C1-C6 haloalkoxy;
or a pharmaceutically acceptable salt thereof.",ai_generated
US-7463609-B2,Interference cancellation within wireless transceivers,"A wireless transceiver, comprising:
a transmitter configured to generate and output a radio frequency (RF) transmit signal;
an antenna coupled to the transmitter and configured to transmit the RF transmit signal;
a receiver coupled to the antenna and configured to receive an RF composite signal therefrom, the RF composite signal including a desired external signal and a self-interference signal, wherein the self-interference signal originates from the RF transmit signal;
and an interference cancellation circuit coupled to the transmitter and the receiver, the interference cancellation circuit configured to:
    obtain a characteristic of the RF transmit signal;
    generate an interference replica signal based on the obtained characteristic, the interference replica signal modeling the self-interference signal;
    and subtractively combine the interference replica signal with the RF composite signal to produce a cancelled RF signal, wherein the self-interference signal is substantially reduced in the cancelled RF signal.",ai_generated
US-6984654-B2,Cancer treatments and pharmaceutical compositions therefor,"A pharmaceutical composition for treating cancer, comprising a therapeutically effective amount of a novel anti-cancer compound; and a pharmaceutically acceptable carrier or excipient.",ai_generated
US-8677057-B1,Initiating memory wear leveling,"A method for initiating memory wear leveling, the method comprising:
monitoring write operations to a plurality of memory blocks within a non-volatile memory;
determining a wear status for each of the plurality of memory blocks based at least in part on the monitored write operations;
identifying a wear imbalance among the plurality of memory blocks based at least in part on the determined wear statuses;
generating a wear leveling initiation signal in response to identifying the wear imbalance; and
commencing a wear leveling process in the non-volatile memory based on the wear leveling initiation signal, wherein the wear leveling process redistributes data among the plurality of memory blocks to reduce the wear imbalance.",ai_generated
US-7754685-B2,Methods and pharmaceutical compositions for the treatment and prevention of hepatitis C infection,A method for treating or preventing hepatitis C infection in a subject; comprising administering to the subject a therapeutically effective amount of a pharmaceutical composition comprising an active agent; wherein the active agent is capable of inhibiting hepatitis C virus replication.,ai_generated
US-7088440-B2,Method and apparatus for determining absolute position of a tip of an elongate object on a plane surface with invariant features,"A method for determining absolute position of a tip of an elongate object on a plane surface with invariant features, comprising:
providing a plane surface having a plurality of invariant features at known absolute positions thereon;
obtaining sensor data representative of at least a subset of the plurality of invariant features;
obtaining sensor data representative of the tip of the elongate object;
determining a relative position of the tip of the elongate object with respect to the at least a subset of the plurality of invariant features based on the obtained sensor data; and
calculating the absolute position of the tip of the elongate object on the plane surface based on the determined relative position and the known absolute positions of the at least a subset of the plurality of invariant features.",ai_generated
US-8853723-B2,Light emitting diode assembly and thermal control blanket and methods relating thereto,"A light emitting diode assembly, comprising:
a flexible substrate having a first surface and a second surface;
a plurality of light emitting diodes mounted on the first surface of the flexible substrate, wherein the plurality of light emitting diodes are configured to emit light and generate thermal energy; and
a thermal control blanket conformably coupled to the second surface of the flexible substrate, the thermal control blanket comprising at least one thermally conductive layer and at least one heat dissipation element, wherein the thermal control blanket is configured to transfer the thermal energy generated by the plurality of light emitting diodes from the flexible substrate to the at least one heat dissipation element for dissipation into an ambient environment.",ai_generated
US-8465161-B2,Interior rearview mirror assembly with button module,"An interior rearview mirror assembly, comprising:
a mirror housing;
a reflective element, configured to reflect light, supported by the mirror housing; and
a button module, comprising at least one button, coupled to the mirror housing.",ai_generated
US-7513119-B2,Systems and methods for starting aircraft engines,"A system for starting an aircraft engine, the system comprising:
a starter mechanism configured to impart rotational energy to rotating components of the aircraft engine;
a fuel delivery system configured to supply fuel to a combustion chamber of the aircraft engine;
an ignition system configured to generate an ignition spark within the combustion chamber;
a plurality of sensors configured to measure operating parameters of the aircraft engine, said operating parameters including at least engine rotational speed and engine temperature; and
an engine control unit communicatively coupled to the starter mechanism, the fuel delivery system, the ignition system, and the plurality of sensors, wherein the engine control unit is configured to execute an engine start sequence comprising:
initiating activation of the starter mechanism to accelerate the rotating components of the aircraft engine;
commanding the fuel delivery system to introduce fuel into the combustion chamber upon reaching a first predetermined rotational speed;
activating the ignition system to generate the ignition spark upon or after introduction of fuel into the combustion chamber;
monitoring the operating parameters from the plurality of sensors to determine when the aircraft engine achieves a self-sustaining operational state; and
deactivating the starter mechanism and the ignition system upon confirmation of the self-sustaining operational state.",ai_generated
US-7006893-B2,Systems for dispensing medical products,"A system for dispensing medical products, the system comprising:
a product storage unit configured to store a plurality of medical products;
a product identification module configured to identify a selected medical product from the plurality of medical products;
a dispensing mechanism operably coupled to the product storage unit, the dispensing mechanism configured to retrieve and dispense the selected medical product;
a dosage control unit configured to regulate a quantity of the selected medical product dispensed by the dispensing mechanism;
a user interface configured to receive input relating to a requested dispensing operation; and
a control unit in communication with the product identification module, the dispensing mechanism, the dosage control unit, and the user interface, the control unit configured to manage the dispensing operation based on the received input.",ai_generated
US-7308287-B2,Compensation techniques for group delay effects in transmit beamforming radio communication,"A method for compensating group delay effects in transmit beamforming radio communication, comprising:
generating a plurality of beamforming signals for transmission via a plurality of transmit paths;
characterizing group delay associated with each of the plurality of transmit paths;
calculating a compensation for group delay disparities among the plurality of transmit paths, based on said characterized group delay; and
applying said compensation to at least one of the plurality of beamforming signals to equalize group delays across the plurality of transmit paths.",ai_generated
US-7998344-B2,Methods and apparatuses for filtering water from oil and gas wells,"1. An apparatus for filtering water from a fluid stream originating from an oil and gas well, the apparatus comprising:
    an inlet configured to receive the fluid stream, the fluid stream comprising oil, gas, and water;
    a separation chamber fluidically coupled to the inlet;
    a filtering element disposed within the separation chamber, the filtering element configured to separate an aqueous phase from a hydrocarbon phase of the fluid stream;
    a first outlet configured to discharge the separated aqueous phase; and
    a second outlet configured to discharge the filtered hydrocarbon phase.",ai_generated
US-7964518-B1,Enhanced ballistic performance of polymer fibers,"A polymer fiber having enhanced ballistic performance;
said polymer fiber comprising a polymeric material having a molecular structure characterized by a high degree of orientation and crystallinity;
wherein said high degree of orientation and crystallinity imparts to the polymer fiber a tensile strength of at least 2.0 GPa and a tensile modulus of at least 50 GPa;
thereby enabling the polymer fiber to dissipate kinetic energy from ballistic impact more effectively than a conventional polymer fiber.",ai_generated
US-6726298-B2,Low voltage differential signaling communication in inkjet printhead assembly,"An inkjet printhead assembly, comprising:
a printhead array including a plurality of nozzles configured to eject ink;
driver circuitry coupled to the printhead array, the driver circuitry configured to control ejection of ink from the plurality of nozzles; and
a low voltage differential signaling (LVDS) communication interface coupled to the driver circuitry, the LVDS communication interface configured to exchange data signals with an external device using low voltage differential signaling; wherein the data signals comprise at least print data for controlling the ejection of ink.",ai_generated
US-7648796-B2,Battery pack and electronic equipment using the same,"An electronic equipment, comprising:
a main circuit configured to perform an electronic function; and
a battery pack electrically coupled to the main circuit and configured to supply electrical power thereto, the battery pack including a plurality of battery cells, a housing enclosing the plurality of battery cells, and a battery management system electrically coupled to the plurality of battery cells for controlling charge and discharge operations thereof.",ai_generated
US-6324338-B1,Video data recorder with integrated channel guides,"A video data recorder with integrated channel guide functionality, comprising:
a tuner configured to receive broadcast video signals;
a recording unit coupled to the tuner, configured to record selected portions of the broadcast video signals;
a storage medium coupled to the recording unit, configured to store the recorded video signals;
a playback unit coupled to the storage medium, configured to play back the stored video signals;
a display interface configured to output video signals for display on an external display device;
a guide data receiver configured to receive electronic program guide (EPG) data;
a guide data storage coupled to the guide data receiver, configured to store the EPG data;
a guide display generator coupled to the guide data storage and the display interface, configured to generate a graphical representation of the EPG data for display on the external display device; and
a control unit coupled to the tuner, the recording unit, the playback unit, the guide data receiver, the guide data storage, and the guide display generator, wherein the control unit is configured to enable user selection of a program from the graphical representation of the EPG data, and further configured to automatically schedule and initiate recording of the selected program via the recording unit and the tuner based on the user selection and the EPG data.",ai_generated
US-7204062-B2,Straight face vinyl siding,"A vinyl siding panel comprising:
an elongated panel body made from a polymeric material;
said panel body including a visible face surface, a top edge, and a bottom edge;
wherein the visible face surface is substantially planar across its vertical extent, configured to present a generally flat aesthetic when installed, and substantially devoid of a downwardly angled lap profile or a rounded dutch lap profile common in traditional siding;
the top edge defining a nailing hem extending upwardly and rearwardly from the visible face surface, said nailing hem comprising a plurality of apertures configured for receiving fasteners to attach the panel to a substrate;
the bottom edge comprising an upwardly extending locking butt configured to engage with a complementary locking feature of an adjacent, lower siding panel;
wherein engagement of the locking butt with the complementary locking feature positions the visible face surface of the panel in substantially the same plane as the visible face surface of the adjacent lower siding panel, such that an overall flat appearance is maintained across multiple installed panels; and
wherein the nailing hem and the locking butt are configured to allow for thermal expansion and contraction of the polymeric material while maintaining the substantially planar aesthetic of the visible face surface.",ai_generated
US-7996490-B2,System and method for changing a functionality of an image processing device based on a file corresponding to a network application,"A system for changing a functionality of an image processing device based on a file corresponding to a network application, comprising:
an image processing device configured to perform at least one image processing function;
a network interface communicatively coupled to the image processing device, the network interface configured to receive a file associated with a network application;
a processor communicatively coupled to the network interface and the image processing device, the processor configured to receive the file from the network interface, analyze the file to determine a functional modification for the image processing device, and modify a functionality of the image processing device based on the determined functional modification; and
a memory communicatively coupled to the processor, the memory storing instructions executable by the processor to perform the analysis and modification.",ai_generated
US-8968215-B2,Guide wire,"1. A guide wire comprising:
   an elongate shaft having a proximal end and a distal end;
   said elongate shaft being flexible to permit navigation through a tortuous pathway;
   said elongate shaft including a core element extending along at least a portion of its length to provide pushability and torque transmission;
   a distal tip located at the distal end of said elongate shaft, said distal tip being configured for atraumatic advancement within a body lumen;
   wherein the guide wire is configured to facilitate insertion and guidance of a medical device through a body lumen.",ai_generated
US-9674088-B1,Receive packet steering for virtual networks,"A method for receive packet steering for virtual networks, comprising:
receiving, at a host computing device comprising a plurality of virtual machines and a hypervisor, a network packet from a physical network interface;
identifying, based on header information of the network packet, a virtual destination within a virtual network associated with at least one of the plurality of virtual machines;
determining a receive steering path for the network packet to the identified virtual destination, wherein the receive steering path provides a direct data path that bypasses at least one software-based packet processing component of the hypervisor; and
directing the network packet according to the determined receive steering path to the identified virtual destination.",ai_generated
US-9232172-B2,Two-stage light modulation for high dynamic range,"A light modulation apparatus comprising:
a first light modulator configured to modulate light along an optical path based on a first control signal;
a second light modulator optically coupled to receive the light modulated by the first light modulator, the second light modulator configured to further modulate the received light based on a second control signal; and
a controller coupled to the first light modulator and the second light modulator, the controller configured to generate the first control signal and the second control signal independently, wherein the combined modulation of the light by the first light modulator and the second light modulator produces a high dynamic range light output.",ai_generated
US-8471171-B2,Cold air atmospheric pressure micro plasma jet application method and device,"A device for generating and applying a cold air atmospheric pressure micro plasma jet, comprising: a cold air supply configured to provide cold air; a plasma generation chamber fluidically coupled to the cold air supply, said chamber configured to maintain an atmospheric pressure environment; at least one electrode disposed within or adjacent to the plasma generation chamber, said at least one electrode electrically coupled to a power supply; wherein the power supply is configured to energize the at least one electrode to generate a plasma from the cold air within the atmospheric pressure environment of the plasma generation chamber; and a nozzle configured to direct the generated plasma as a micro plasma jet for application.",ai_generated
US-7897210-B2,Device and method for organic vapor jet deposition,"1. A device for organic vapor jet deposition, comprising:
   an organic material source configured to generate an organic vapor;
   a jet nozzle fluidically coupled to the organic vapor source, said jet nozzle configured to form a directed jet of the organic vapor;
   a deposition chamber comprising a substrate holder configured to position a substrate for deposition of the organic vapor jet thereon; and
   a vacuum system coupled to the deposition chamber, configured to maintain a reduced pressure within the deposition chamber.",ai_generated
US-9026418-B2,Method for determining distinct alternative paths between two object sets in 2-D and 3-D heterogeneous data,"A method for determining distinct alternative paths between two object sets in 2-D and 3-D heterogeneous data, the method comprising:
accessing heterogeneous data comprising a plurality of objects and relationships therebetween, said heterogeneous data existing in at least one of a 2-D dimension and a 3-D dimension;
identifying a first object set and a second object set within the accessed heterogeneous data;
generating a plurality of candidate paths, each candidate path connecting an object from the first object set to an object from the second object set through one or more intermediate objects and relationships within the heterogeneous data;
filtering the plurality of candidate paths to identify distinct alternative paths based on predefined criteria for distinctness and alternativeness;
and outputting the identified distinct alternative paths.",ai_generated
US-6610388-B2,Ink-jet recording media comprising a radiation-cured coating layer and a continuous in-line process for making such media,"1. An ink-jet recording media comprising a substrate; and a radiation-cured coating layer disposed on at least one surface of the substrate, wherein the radiation-cured coating layer is configured to receive an ink-jet ink.",ai_generated
US-7054949-B2,System and method for streaming media,"1. A system for streaming media, comprising:
    a media content repository configured to store a plurality of media files;
    a media processing unit communicatively coupled to the media content repository, said media processing unit configured to encode or transcode at least one of said plurality of media files into a plurality of streamable data segments, wherein each streamable data segment is associated with a specific media quality level;
    a streaming delivery module communicatively coupled to the media processing unit, said streaming delivery module configured to receive a media request from a client device, select at least one of said plurality of streamable data segments corresponding to the requested media, and transmit said at least one streamable data segment to the client device over a communication network based on current network conditions; and
    a client device communicatively coupled to the streaming delivery module via the communication network, said client device comprising:
        a network interface configured to receive the transmitted streamable data segments;
        a buffer configured to temporarily store the received streamable data segments; and
        a media playback engine configured to decode and render the buffered streamable data segments for presentation to a user.",ai_generated
US-7626081-B2,Cotton α-globulin promoter for seed-specific expression of transgenes,"An isolated polynucleotide comprising a nucleotide sequence from cotton that functions as an α-globulin promoter, wherein said nucleotide sequence is capable of driving seed-specific expression of a heterologous transgene in a plant cell or a plant.",ai_generated
US-8483308-B2,Satellite communication system utilizing low density parity check codes,"A satellite communication system, comprising:
a ground segment comprising a first communication unit;
a space segment comprising a second communication unit housed within a satellite;
wherein the first communication unit is configured to transmit data to the second communication unit via an uplink, and the second communication unit is configured to transmit data to the first communication unit or a different ground segment via a downlink;
at least one Low Density Parity Check (LDPC) encoder included within the system, configured to encode data using an LDPC coding scheme to produce LDPC encoded data;
at least one LDPC decoder included within the system, configured to decode the LDPC encoded data using the LDPC coding scheme to recover original data; and
wherein the LDPC encoded data is transmitted over at least one of the uplink or downlink.",ai_generated
US-8687598-B1,Method for managing handoff in a wireless communication system,"A method for managing handoff in a wireless communication system, the method comprising:
    monitoring, by a user equipment or a network entity, a signal characteristic associated with a wireless connection between the user equipment and a serving base station;
    identifying, based on the monitored signal characteristic, one or more candidate target base stations for a potential handoff of the user equipment;
    determining, by a network entity or the user equipment, a need for a handoff of the user equipment from the serving base station to a selected one of the one or more candidate target base stations;
    initiating a handoff procedure to transfer the wireless connection of the user equipment from the serving base station to the selected target base station; and
    completing the handoff procedure, thereby establishing the wireless connection of the user equipment with the selected target base station.",ai_generated
US-8714246-B2,Downhole measurement of formation characteristics while drilling,"A method for downhole measurement of formation characteristics while drilling, comprising:
  drilling a borehole into a subsurface formation; and
  measuring at least one characteristic of said subsurface formation downhole, wherein said measuring is performed concurrently with said drilling.",ai_generated
US-6982414-B2,Method of mass spectrometry and a mass spectrometer,"1. A method of mass spectrometry, comprising:
    introducing a sample into an ionization region;
    ionizing at least a portion of the sample to generate a plurality of ions;
    transmitting the plurality of ions into a mass analyzer;
    separating the plurality of ions within the mass analyzer according to their mass-to-charge ratio; and
    detecting the separated ions to obtain mass spectral data.",ai_generated
US-6749941-B2,Insulating glass (IG) window unit including heat treatable coating with silicon-rich silicon nitride layer,"An insulating glass (IG) window unit comprising:
a first glass substrate;
a second glass substrate;
a spacer positioned between said first glass substrate and said second glass substrate, said spacer and said substrates defining a sealed insulating cavity therebetween;
a heat treatable coating disposed on at least one surface of at least one of said first glass substrate and said second glass substrate;
wherein said heat treatable coating is configured to withstand a heat treatment process without significant degradation of its optical or thermal properties;
and wherein said heat treatable coating comprises at least one layer of silicon-rich silicon nitride.",ai_generated
US-9527756-B2,Process for removal of radioactive contamination from wastewater,"A process for removal of radioactive contamination from wastewater, comprising:
providing wastewater containing radioactive contamination;
contacting the wastewater with a contaminant-removing material, wherein the contaminant-removing material is effective to remove radioactive contamination from the wastewater by physical or chemical interaction; and
separating the contaminant-removing material, along with the removed radioactive contamination, from the treated wastewater.",ai_generated
US-6426946-B1,Data communication equipment,"A data communication equipment, comprising:
a communication interface configured to transmit data to an external communication medium and receive data from the external communication medium;
a processor coupled to the communication interface;
and a memory coupled to the processor, the memory storing instructions executable by the processor to control operation of the communication interface, to process data received via the communication interface, and to prepare data for transmission via the communication interface.",ai_generated
US-8417528-B2,Speech recognition system with huge vocabulary,"A speech recognition system, comprising:
an audio input module configured to receive speech audio signals;
a feature extraction module coupled to the audio input module, configured to process said speech audio signals into a sequence of acoustic features;
an acoustic model coupled to the feature extraction module, configured to generate acoustic likelihoods for sub-word units based on said sequence of acoustic features;
a vocabulary database comprising a plurality of words exceeding a threshold size characteristic of conventional speech recognition systems, wherein said vocabulary database is structured for efficient access and retrieval of individual words and sub-word units thereof;
a language model, coupled to said vocabulary database, configured to predict sequences of words from said vocabulary database, wherein said language model employs a hierarchical or statistical compression scheme to manage said plurality of words efficiently;
a decoder, coupled to said acoustic model, said language model, and said vocabulary database, configured to generate a sequence of recognized words based on said acoustic likelihoods and said language model, wherein said decoder utilizes a multi-pass search strategy with dynamic pruning to effectively navigate a search space defined by said huge vocabulary database; and
an output module coupled to said decoder, configured to provide said sequence of recognized words.",ai_generated
US-7975755-B2,Method and apparatus for continuously casting thin strip,"A method for continuously casting thin strip, comprising:
providing a source of molten metal;
introducing said molten metal into a casting mold, said casting mold having a pair of opposing surfaces spaced apart to define a casting gap corresponding to a desired thickness of said thin strip;
solidifying at least a portion of said molten metal within said casting mold to form said thin strip;
continuously withdrawing said thin strip from said casting mold;
and further cooling said thin strip subsequent to withdrawal from said casting mold.",ai_generated
US-6900742-B2,Light control module for aviation obstruction marking,"Claim 1. An apparatus comprising:
A light control module for aviation obstruction marking, said module comprising:
a control circuit configured to execute light operation logic;
an ambient light sensor coupled to said control circuit and configured to generate a light intensity signal representative of ambient light conditions;
an output interface coupled to said control circuit and configured to provide power and control signals to at least one aviation obstruction light fixture;
a power supply configured to provide operating power to said control circuit and said output interface; and
an enclosure housing said control circuit, said ambient light sensor, said output interface, and said power supply;
wherein said control circuit is further configured to receive said light intensity signal and, based on said light intensity signal, generate said control signals to operate said at least one aviation obstruction light fixture according to a predetermined aviation marking standard.",ai_generated
US-9470080-B2,Method and system for recovering oil from an oil-bearing formation,"What is claimed is:

1.  A method for recovering oil from an oil-bearing formation, the method comprising:
    introducing a recovery fluid into the oil-bearing formation through at least one injection well, wherein the recovery fluid is configured to contact and mobilize oil within the formation;
    allowing the recovery fluid to interact with the oil within the formation to facilitate mobilization of the oil; and
    producing the mobilized oil from the oil-bearing formation through at least one production well.",ai_generated
US-6357312-B1,Gear wheel construction and gear system incorporating same,"A gear wheel, comprising:
a central hub portion configured for mounting the gear wheel on a rotating shaft;
an outer rim portion defining a plurality of external gear teeth adapted for meshing engagement with a complementary gear;
a plurality of spokes extending radially between the central hub portion and the outer rim portion, said spokes defining an internal structural geometry within the gear wheel;
wherein at least one of said central hub portion, outer rim portion, or spokes comprises a composite material construction, said composite material construction including a load-bearing fiber matrix embedded within a polymer or metal alloy body, configured to provide a high strength-to-weight ratio;
thereby allowing for reduced mass and enhanced durability of the gear wheel when operating within a gear system.",ai_generated
US-8089163-B2,Semiconductor device production method and semiconductor device,"A method for producing a semiconductor device, comprising:
providing a semiconductor substrate;
forming a first active region comprising a first semiconductor material on the semiconductor substrate;
forming a second active region comprising a second semiconductor material on the first active region;
wherein at least one of the forming the first active region or the forming the second active region includes a controlled deposition process selected to achieve a predetermined material property or a specific interface characteristic between the first active region and the second active region;
patterning at least one of the first active region or the second active region to define a functional component of the semiconductor device; and
forming electrical contacts connected to the functional component, thereby producing the semiconductor device.",ai_generated
US-7740039-B2,Cord cutting mechanism and method for a tire cord applicator head,"A cord cutting mechanism for a tire cord applicator head, comprising:
a cutting element configured to sever a tire cord;
an actuator operatively coupled to the cutting element for moving the cutting element along a cutting path;
a support structure configured to mount the cutting element and the actuator to the tire cord applicator head;
a cord support surface positioned to receive the tire cord and cooperate with the cutting element to facilitate severing of the tire cord; and
a control unit configured to selectively actuate the actuator to effect severing of the tire cord.",ai_generated
US-8353798-B2,Gear transmission,"A gear transmission, comprising:
a plurality of gears;
at least one input shaft, wherein the at least one input shaft is mechanically coupled to at least one of the plurality of gears to transfer rotational power thereto;
at least one output shaft, wherein the at least one output shaft is mechanically coupled to at least one of the plurality of gears to receive rotational power therefrom; and
wherein the plurality of gears are mechanically engaged with one another to transmit rotational power from the at least one input shaft to the at least one output shaft.",ai_generated
US-7749852-B2,Methods of forming metal-insulator-metal (MIM) capacitors with passivation layers on dielectric layers,"A method of forming a metal-insulator-metal (MIM) capacitor, the method comprising:
providing a substrate;
forming a first metal layer on the substrate, the first metal layer comprising a bottom electrode of the MIM capacitor;
depositing an insulator dielectric layer on the first metal layer;
forming a second metal layer on the insulator dielectric layer, the second metal layer comprising a top electrode of the MIM capacitor;
depositing an overlying dielectric layer over the second metal layer and exposed portions of the insulator dielectric layer;
forming a passivation layer on the overlying dielectric layer.",ai_generated
US-7916707-B2,Identity-based wireless device configuration,"A method for configuring a wireless device, comprising:
obtaining an identity associated with the wireless device;
determining a set of configuration parameters for the wireless device based on the obtained identity; and
transmitting the determined set of configuration parameters to the wireless device over a wireless communication network.",ai_generated
US-6351593-B1,Hermetically sealed connectors and feed-throughs for fiber optic cables and method for effecting hermetic seals for such cables,"A hermetically sealed apparatus for a fiber optic cable, the apparatus comprising: a housing defining an internal passage and having at least one opening for receiving an optical fiber; an optical fiber extending through the at least one opening into the internal passage, wherein a section of the optical fiber within the at least one opening is a bare optical fiber section; and a hermetic sealing material disposed within the at least one opening, the hermetic sealing material forming a gas-tight bond between an outer surface of the bare optical fiber section and an inner surface of the at least one opening of the housing, thereby establishing a hermetic seal for the optical fiber with respect to the housing.",ai_generated
US-7548226-B2,Liquid crystal display,"A liquid crystal display comprising:
a first substrate;
a second substrate positioned opposite the first substrate;
a liquid crystal layer disposed between the first substrate and the second substrate;
a first electrode disposed on an inner surface of the first substrate;
a second electrode disposed on an inner surface of the second substrate;
the first electrode and the second electrode configured to generate an electric field across the liquid crystal layer to selectively modulate light passing through or reflected by the liquid crystal layer;
a first polarizer positioned on an outer surface of the first substrate;
a second polarizer positioned on an outer surface of the second substrate;
a first alignment layer disposed between the first substrate and the liquid crystal layer, the first alignment layer configured to align liquid crystal molecules within the liquid crystal layer; and
a second alignment layer disposed between the second substrate and the liquid crystal layer, the second alignment layer configured to align liquid crystal molecules within the liquid crystal layer;
wherein the selective modulation of light forms a display image.",ai_generated
US-8809156-B1,Method for implementing deep trench enabled high current capable bipolar transistor for current switching and output driver applications,"A method for fabricating a high current capable bipolar transistor comprising:
providing a semiconductor substrate having a buried collector layer;
forming an epitaxial layer over the buried collector layer;
etching at least one deep trench through the epitaxial layer to the buried collector layer, wherein the deep trench defines a deep collector region within the epitaxial layer and provides a low-resistance current path to the buried collector layer;
forming a base region within the epitaxial layer, laterally adjacent to the deep collector region defined by the deep trench;
forming an emitter region within the base region;
and forming electrical contacts to the emitter region, the base region, and the deep collector region.",ai_generated
US-6454364-B1,Braking force control apparatus and method of motor vehicle,"An apparatus for controlling braking force of a motor vehicle, comprising:
a brake pedal sensor configured to generate a brake demand signal based on an input from a driver;
a plurality of wheel speed sensors configured to generate wheel speed signals corresponding to rotational speeds of individual wheels of the motor vehicle;
a brake actuator system configured to apply a braking force to at least one wheel of the motor vehicle; and
a controller operably coupled to the brake pedal sensor, the plurality of wheel speed sensors, and the brake actuator system, the controller configured to receive the brake demand signal from the brake pedal sensor and the wheel speed signals from the plurality of wheel speed sensors, to determine a target braking force based at least in part on the brake demand signal, to calculate an actual braking force applied to the at least one wheel based at least in part on the wheel speed signals, to compare the target braking force with the actual braking force, and to generate a control signal for the brake actuator system to adjust the braking force applied to the at least one wheel based on the comparison, thereby controlling the braking force of the motor vehicle.",ai_generated
US-7982599-B2,System for dynamically pushing information to a user utilizing global positioning system,"A system for dynamically pushing information to a user, comprising:
a user device configured to receive and display information;
a global positioning system (GPS) receiver integrated with the user device, configured to generate real-time geographical location data corresponding to the user device;
a remote server configured to store a plurality of information items;
a communication network configured to facilitate data transfer between the user device and the remote server;
wherein the remote server is further configured to receive the real-time geographical location data from the user device;
wherein the remote server is further configured to dynamically select at least one information item from the plurality of information items based on the received real-time geographical location data; and
wherein the remote server is further configured to transmit the selected at least one information item to the user device via the communication network without an explicit request for the selected information item from the user device.",ai_generated
US-8695266-B2,Reference beam generating apparatus,"A reference beam generating apparatus comprising:
a light source configured to emit an initial light beam;
an optical conditioning element optically coupled to the light source, the optical conditioning element configured to condition the initial light beam into a conditioned light beam; and
a beam splitting element optically coupled to the optical conditioning element, the beam splitting element configured to divide the conditioned light beam into at least a reference beam and a further light beam.",ai_generated
US-8513194-B2,Compositions comprising semaphorins for the treatment of angiogenesis related diseases and methods of selection thereof,"1. A pharmaceutical composition comprising one or more semaphorins and a pharmaceutically acceptable carrier, for use in treating an angiogenesis-related disease.",ai_generated
US-9488120-B2,Apparatus and method for in situ fuel injector calibration in an internal combustion engine,"An apparatus for in situ fuel injector calibration in an internal combustion engine, comprising:
an internal combustion engine;
at least one fuel injector configured to inject fuel into said internal combustion engine;
a plurality of sensors configured to generate sensor signals indicative of engine operating parameters during operation of said internal combustion engine; and
an engine control unit (ECU) communicatively coupled to said at least one fuel injector and said plurality of sensors, said ECU comprising processing circuitry configured to:
receive said sensor signals;
determine, based on said received sensor signals, at least one actual fuel delivery characteristic of said at least one fuel injector during engine operation;
calculate at least one calibration parameter for said at least one fuel injector based on said at least one determined actual fuel delivery characteristic and a desired fuel delivery characteristic; and
adjust a control signal provided to said at least one fuel injector based on said at least one calculated calibration parameter to modify fuel delivery from said at least one fuel injector during subsequent engine operation.",ai_generated
US-9354179-B2,Optical detection system for liquid samples,"An optical detection system for liquid samples, comprising:
a light source configured to generate light;
a sample holder adapted to contain a liquid sample, the sample holder positioned such that the generated light interacts with the liquid sample;
a detector configured to receive light that has interacted with the liquid sample; and
a processing unit coupled to the detector, the processing unit configured to analyze a signal from the detector to determine at least one characteristic of the liquid sample.",ai_generated
US-8204655-B2,Construction machine,"A construction machine, comprising:
a frame;
a propulsion system coupled to the frame, configured to move the construction machine across a surface;
a power source coupled to the frame, configured to provide operational energy;
a working implement coupled to the frame, configured to perform a construction task;
an actuation system coupled to the working implement, configured to manipulate the working implement; and
a control system configured to direct operation of the propulsion system and the actuation system.",ai_generated
US-6250905-B1,Closing unit for injection moulding machine,"1. A closing unit for an injection moulding machine, said closing unit comprising:
   a fixed platen configured to receive a first mould half;
   a movable platen configured to receive a second mould half;
   at least two tie bars connecting the fixed platen and the movable platen, said tie bars guiding movement of the movable platen;
   and a clamping mechanism mechanically coupled to at least one of the fixed platen and the movable platen, said clamping mechanism being configured to move the movable platen between an open position and a closed position and to apply a clamping force to the first and second mould halves when in the closed position.",ai_generated
US-8331605-B2,Voice coil and loudspeaker using the same,"A loudspeaker comprising:
a frame;
a magnet assembly coupled to the frame, the magnet assembly defining an annular magnetic gap;
a diaphragm having a central portion and an outer perimeter;
a suspension system coupled between the outer perimeter of the diaphragm and the frame; and
a voice coil assembly coupled to the central portion of the diaphragm, the voice coil assembly comprising a coil former and an electrically conductive winding wound around the coil former, wherein the voice coil assembly is disposed within the annular magnetic gap.",ai_generated
US-7720893-B2,Methods and apparatus for providing map locations in user applications using URL strings,"A method for providing map locations in a user application, the method comprising:
receiving, by a computing device executing the user application, a Uniform Resource Locator (URL) string;
determining, by the computing device, geographic map location data associated with the received URL string;
generating, by the computing device, a map view based on the determined geographic map location data, for display within the user application;
and displaying, by the computing device, the generated map view within a graphical user interface of the user application, wherein the displayed map view depicts the geographic map location.",ai_generated
US-9263362-B2,Method of forming a ring-shaped metal structure,"A method of forming a ring-shaped metal structure, the method comprising:
providing a metallic workpiece;
defining a central opening within the metallic workpiece; and
defining an outer circumference of the metallic workpiece, wherein the central opening and the outer circumference cooperatively delineate an annular region forming the ring-shaped metal structure.",ai_generated
US-7279018-B2,Fuel composition for a diesel engine,"A fuel composition for a diesel engine, comprising:
a base diesel fuel;
a cetane improver present in an amount effective to increase the cetane number of the base diesel fuel;
a cold flow improver present in an amount effective to improve the low-temperature operability of the base diesel fuel; and
a detergent additive present in an amount effective to reduce or prevent deposit formation in the diesel engine.",ai_generated
US-7701523-B2,Electro-optical device,"An electro-optical device comprising:
an electrical interface configured to transmit or receive an electrical signal;
an optical interface configured to transmit or receive an optical signal;
an electro-optical conversion element coupled between the electrical interface and the optical interface, wherein the electro-optical conversion element is configured to convert the electrical signal into the optical signal, or convert the optical signal into the electrical signal, or modulate the optical signal based on the electrical signal;
a power supply electrically coupled to the electro-optical conversion element; and
an enclosure housing the electrical interface, the optical interface, and the electro-optical conversion element.",ai_generated
US-6455267-B1,Methods and kits useful for determining the status of and detecting pancreatic B-cell associated autoimmune diseases,"1. A method for determining the status of and detecting a pancreatic B-cell associated autoimmune disease in a subject, comprising:
    obtaining a biological sample from the subject;
    detecting in the biological sample the presence or level of at least one biomarker indicative of pancreatic B-cell autoimmunity;
    comparing the detected presence or level of the at least one biomarker to a predetermined reference value; and
    determining, based on the comparison, the status of a pancreatic B-cell associated autoimmune disease in the subject.",ai_generated
US-6306703-B1,Memory array having a digit line buried in an isolation region and method for forming same,"A memory array, comprising:
    a semiconductor substrate;
    a plurality of memory cells formed over the semiconductor substrate;
    an isolation region formed within the semiconductor substrate; and
    a digit line electrically coupled to at least one of the plurality of memory cells, wherein the digit line is buried within the isolation region;",ai_generated
US-8522625-B2,Flow measuring apparatus including a deflectable membrane applied to a constriction,"A flow measuring apparatus, comprising:
a conduit defining a fluid flow path;
a constriction element disposed within the fluid flow path, said constriction element defining a narrowed cross-sectional area through which fluid flows;
a deflectable membrane operatively coupled to the constriction element such that the deflectable membrane is exposed to a pressure differential generated across the constriction element by fluid flow;
and a sensing element configured to detect deflection of the deflectable membrane and to generate a signal indicative of a flow rate through the fluid flow path based on the detected deflection.",ai_generated
US-8580234-B2,Method for removing solid product formed on surfaces of teeth,"A method for removing solid product formed on surfaces of teeth, comprising:
    contacting said solid product formed on the surfaces of teeth with a removal element; and
    effecting separation of said solid product from the surfaces of teeth.",ai_generated
US-8820811-B1,Standard interface rack,"A standard interface rack, comprising:
a frame structure defining a plurality of standardized mounting bays;
a power distribution system integrated within the frame structure, the power distribution system including a plurality of standardized power connectors disposed within each of the plurality of standardized mounting bays, wherein the standardized power connectors are configured to deliver electrical power to electronic modules insertable into the mounting bays;
a data communication system integrated within the frame structure, the data communication system including a plurality of standardized data connectors disposed within each of the plurality of standardized mounting bays, wherein the standardized data connectors are configured to enable data communication between electronic modules insertable into the mounting bays and with external systems; and
wherein each of the plurality of standardized mounting bays is configured to mechanically and electrically receive distinct electronic modules conforming to a predefined interoperability standard, thereby facilitating interchangeability and interoperability among the distinct electronic modules.",ai_generated
US-6837693-B2,Fluid-pumping system employing piston-driven pump and employing at least one pulsation dampener,"A fluid-pumping system, comprising:
a piston-driven pump having an inlet configured to receive fluid and an outlet configured to expel said fluid; and
at least one pulsation dampener fluidly coupled to said outlet of the piston-driven pump, said pulsation dampener configured to reduce pressure pulsations in the fluid expelled from said piston-driven pump;
whereby the system provides fluid flow with reduced pressure pulsations.",ai_generated
US-8224765-B2,Method for computing the relative likelihood of failures,"A method for computing the relative likelihood of failures, the method comprising:
identifying a plurality of potential failure events associated with a system or process;
obtaining data indicative of failure conditions or characteristics for each of the plurality of potential failure events;
computing, for each identified potential failure event, an individual likelihood score based on the obtained data;
comparing the individual likelihood scores of the plurality of potential failure events to determine a relative likelihood for each identified potential failure event; and
generating an output indicative of the determined relative likelihoods.",ai_generated
US-8062638-B1,Prevention and treatment of diseases associated with blood coagulation,"1. A method for preventing or treating a disease associated with blood coagulation in a subject in need thereof, comprising administering to said subject a therapeutically or prophylactically effective amount of an active agent, wherein said active agent modulates blood coagulation; and wherein said active agent is formulated in a pharmaceutically acceptable carrier.",ai_generated
US-7651717-B2,Beverage,"A beverage, comprising:
a potable liquid base; and
at least one edible agent configured to impart taste or aroma to the potable liquid base.",ai_generated
US-9318006-B2,Systems and methods for haptic confirmation of commands,"1. A system for haptic confirmation of commands, the system comprising:
    an input interface configured to receive a user command;
    a processor communicatively coupled to the input interface, the processor configured to:
        process the received user command; and
        determine a haptic feedback profile associated with the user command;
    a haptic feedback generator communicatively coupled to the processor, the haptic feedback generator configured to generate a haptic sensation according to the determined haptic feedback profile;
    wherein the generated haptic sensation provides a haptic confirmation of the user command to the user.",ai_generated
US-6200983-B1,Dosage forms containing apomorphine for ameliorating male erectile dysfunction,A dosage form comprising a therapeutically effective amount of apomorphine or a pharmaceutically acceptable salt thereof; and one or more pharmaceutically acceptable excipients; for ameliorating male erectile dysfunction.,ai_generated
US-9486261-B2,Nail-plate combination,"1. A nail-plate combination comprising: a nail comprising a shank, a pointed tip at a distal end of said shank, and a head at a proximal end of said shank; and a plate comprising a planar body and at least one aperture formed therein, said plate being positioned at said proximal end of said shank such that a portion of said shank extends through said aperture and said plate is retained by said head of said nail against movement along said shank.",ai_generated
US-7898030-B2,High-voltage NMOS-transistor and associated production method,"A high-voltage NMOS transistor, comprising:
a semiconductor substrate of a first conductivity type;
a gate electrode disposed over the semiconductor substrate;
a gate dielectric layer positioned between the gate electrode and the semiconductor substrate, the gate dielectric layer having a thickness configured to withstand breakdown voltages greater than a predetermined low-voltage threshold;
a source region of a second conductivity type formed in the semiconductor substrate, laterally adjacent to a first side of the gate electrode;
a drain region of the second conductivity type formed in the semiconductor substrate, laterally separated from a second side of the gate electrode; and
an extended drain drift region of the second conductivity type, more lightly doped than the drain region, disposed in the semiconductor substrate between a channel region beneath the gate electrode and the drain region, said extended drain drift region configured to sustain high drain-to-source voltages.",ai_generated
US-9552981-B2,Method and apparatus for forming metal oxide film,"A method for forming a metal oxide film, comprising:
  providing a substrate within a reaction chamber;
  introducing a metal-containing precursor into the reaction chamber;
  introducing an oxygen-containing precursor into the reaction chamber;
  maintaining the substrate at a temperature suitable for forming the metal oxide film; and
  reacting the metal-containing precursor and the oxygen-containing precursor on a surface of the substrate to form the metal oxide film.",ai_generated
US-8036397-B2,Method for estimating the position of a sound source for online calibration of auditory cue to location transformations,"A method for estimating the position of a sound source for online calibration of auditory cue to location transformations, the method comprising:
receiving a plurality of sound signals generated by a sound source, wherein each sound signal of the plurality is received by a respective sensor at a different location;
extracting at least one auditory cue from the received sound signals, the at least one auditory cue representative of a spatial characteristic of the sound source;
estimating an initial position of the sound source based on the at least one auditory cue and a current set of auditory cue to location transformations;
determining a difference between the estimated initial position and a reference position of the sound source, wherein the reference position is independently determined or known; and
updating the current set of auditory cue to location transformations based on the determined difference, thereby performing online calibration of the auditory cue to location transformations.",ai_generated
US-7114155-B2,Programmable controller,"A programmable controller, comprising:
a processor configured to execute program instructions and process data;
a memory coupled to the processor, the memory storing the program instructions and data;
an input interface coupled to the processor, the input interface configured to receive input signals from one or more external devices;
an output interface coupled to the processor, the output interface configured to generate output control signals for one or more external devices; and
wherein the processor is configured to execute the stored program instructions based on the received input signals and the stored data to generate the output control signals for controlling an operation of the one or more external devices.",ai_generated
US-6958960-B2,Information reproducing method and apparatus,"An information reproducing method, comprising:
receiving a data stream comprising encoded information;
analyzing the received data stream to identify at least one encoding characteristic of the encoded information;
selecting a decoding scheme from a plurality of available decoding schemes based on the identified encoding characteristic;
processing the encoded information using the selected decoding scheme to generate decoded information; and
outputting the decoded information in a perceptible form.",ai_generated
US-9870165-B2,Back-up and restoration of data between volatile and flash memory,"A computing system comprising:
a volatile memory configured to store active data;
a non-volatile flash memory configured to store persistent data;
a control unit communicatively coupled to the volatile memory and the non-volatile flash memory;
wherein the control unit is configured to:
detect a trigger event indicating an impending change in power state or an operating condition affecting data retention in the volatile memory;
in response to detecting the trigger event, initiate a back-up operation to automatically transfer the active data from the volatile memory to the non-volatile flash memory for persistent storage;
subsequently detect a recovery event indicating a return to an operational state; and
in response to detecting the recovery event, initiate a restoration operation to automatically transfer the persistent data from the non-volatile flash memory to the volatile memory;
thereby enabling seamless preservation and retrieval of the active data across the power state change or operating condition.",ai_generated
US-9126351-B2,Slab production and processing,"A method for producing and processing a material slab, comprising the steps of:
forming a raw material into an elongated slab;
continuously conveying the elongated slab from a forming station to a processing station;
performing at least one processing operation on the elongated slab at the processing station, wherein the at least one processing operation is selected from the group consisting of cutting, shaping, and surface treating the elongated slab; and
collecting discrete slab portions after said performing at least one processing operation;",ai_generated
US-9627719-B2,Charging method of battery and battery charging system,"A method of charging a battery, the method comprising:
supplying a charging current or voltage to the battery;
monitoring at least one operating parameter of the battery, wherein the at least one operating parameter includes at least one of battery voltage, battery current, battery temperature, or battery state of charge;
dynamically adjusting at least one charging parameter of the supplied charging current or voltage based on the monitored operating parameter;
wherein the dynamic adjustment is performed to optimize at least one of charging speed, battery lifespan, or safety of the battery.",ai_generated
US-8183063-B2,Organic light emitting device and method of fabricating the same,"1. An organic light emitting device, comprising:
   a substrate;
   an anode disposed over the substrate;
   a cathode disposed over the anode; and
   an organic layer stack disposed between the anode and the cathode, the organic layer stack comprising at least one hole transport layer, an organic light emitting layer, and at least one electron transport layer;
   wherein the organic light emitting device is configured to emit light upon application of an electrical current between the anode and the cathode.",ai_generated
US-6338985-B1,Making chip size semiconductor packages,"1. A method for making chip size semiconductor packages, the method comprising:
    providing a plurality of semiconductor dice;
    providing a substrate panel comprising a plurality of package sites;
    attaching each of the plurality of semiconductor dice to a respective one of the plurality of package sites on the substrate panel in a flip-chip configuration;
    dispensing an underfill material between each of the plurality of semiconductor dice and the substrate panel;
    curing the underfill material;
    forming an encapsulant over the plurality of semiconductor dice and portions of the substrate panel, wherein the encapsulant is molded such that it extends minimally beyond lateral edges of the respective semiconductor dice;
    forming a plurality of external electrical contacts on a bottom surface of the substrate panel, each plurality of external electrical contacts being electrically coupled to a respective one of the plurality of semiconductor dice, and each plurality of external electrical contacts being configured to be substantially co-extensive with a footprint of the respective one of the plurality of semiconductor dice; and
    singulating the substrate panel into a plurality of individual chip size semiconductor packages.",ai_generated
US-8786830-B2,Immersion lithographic apparatus including a pressure sensor to measure pressure of the immersion liquid and a device manufacturing method,"An immersion lithographic apparatus, comprising:
a projection system configured to project a patterned beam of radiation onto a substrate;
a substrate stage configured to hold the substrate;
an immersion liquid supply system configured to supply an immersion liquid into a space between the projection system and the substrate;
and a pressure sensor configured to measure pressure of the immersion liquid in the space between the projection system and the substrate.",ai_generated
US-8638171-B2,Radiofrequency amplifier,"A radiofrequency amplifier, comprising:
a radiofrequency input port configured to receive an input radiofrequency signal;
a radiofrequency output port configured to provide an amplified radiofrequency output signal;
an active amplifying component electrically coupled between the radiofrequency input port and the radiofrequency output port, the active amplifying component configured to amplify the input radiofrequency signal;
a biasing circuit configured to provide operating power to the active amplifying component;
an input impedance matching network coupled between the radiofrequency input port and an input of the active amplifying component, the input impedance matching network configured to match an impedance of the radiofrequency input port to an input impedance of the active amplifying component; and
an output impedance matching network coupled between an output of the active amplifying component and the radiofrequency output port, the output impedance matching network configured to match an output impedance of the active amplifying component to an impedance of the radiofrequency output port.",ai_generated
US-9728256-B2,Methods and apparatuses having a voltage generator with an adjustable voltage drop for representing a voltage drop of a memory cell and/or a current mirror circuit and replica circuit,"An apparatus, comprising:
a voltage generator;
the voltage generator configured to provide an adjustable voltage drop;
the adjustable voltage drop representing a voltage drop of at least one of a memory cell, a current mirror circuit, and a replica circuit.",ai_generated
US-6581384-B1,Cooling and heating apparatus and process utilizing waste heat and method of control,"1. An apparatus for providing cooling and heating utilizing waste heat, comprising:
    a waste heat source;
    a thermal energy extraction unit configured to transfer thermal energy from said waste heat source to a working fluid;
    a cooling subsystem operatively coupled to said thermal energy extraction unit and configured to provide a cooling effect;
    a heating subsystem operatively coupled to said thermal energy extraction unit and configured to provide a heating effect; and
    a control system configured to regulate the operation of said thermal energy extraction unit, said cooling subsystem, and said heating subsystem to selectively provide said cooling effect, said heating effect, or both, based on sensed operational parameters and a predetermined demand.",ai_generated
US-7482207-B2,Electronic devices,"An electronic device comprising:
a processing unit configured to execute instructions;
a memory unit coupled to the processing unit and configured to store instructions and data;
a plurality of sensors configured to detect environmental conditions and/or user interaction associated with the electronic device;
a power management unit coupled to the processing unit and configured to control power delivery to various components of the electronic device;
wherein the processing unit is further configured to:
acquire historical usage data associated with the electronic device and sensor data from the plurality of sensors;
analyze the acquired historical usage data and sensor data to generate a prediction regarding future usage patterns or power demands of the electronic device;
generate a power management command based on the prediction; and
transmit the power management command to the power management unit, wherein the power management unit is further configured to adjust at least one operational parameter of the electronic device in response to the received power management command to optimize power consumption.",ai_generated
US-6492614-B2,System and process for magnetic fixturing of optical components on bench for solder attach,"A system for magnetic fixturing of optical components on a bench for solder attach, the system comprising:
a bench platform;
a reconfigurable optical component fixture positionable on the bench platform;
at least one magnetic element integrated within or coupled to the reconfigurable optical component fixture; and
at least one optical component comprising a magnetically responsive feature configured to engage with the at least one magnetic element;
wherein the at least one magnetic element is configured to securely hold the at least one optical component in a predetermined orientation and position relative to the bench platform for a solder attachment process; and
further wherein the reconfigurable optical component fixture is configured to provide unimpeded access to a solderable interface of the at least one optical component during the solder attachment process.",ai_generated
US-7531401-B2,Method for improved fabrication of a semiconductor using a stress proximity technique process,"A method for improved fabrication of a semiconductor device, the method comprising:
providing a semiconductor substrate having a region designated for device formation;
forming at least one stress-inducing structure in proximity to the region of the semiconductor substrate;
generating a localized stress field within the region of the semiconductor substrate via the at least one stress-inducing structure; and
modifying at least one material property, electrical property, or structural characteristic of the semiconductor substrate within said region by said localized stress field to enhance device performance or reliability.",ai_generated
US-7952138-B2,Memory circuit with field effect transistor and method for manufacturing a memory circuit with field effect transistor,"A memory circuit comprising:
a field effect transistor (FET) configured as a memory cell, the FET having a gate, a source, and a drain;
wherein the FET is configured to store a data state by exhibiting a threshold voltage shift based on a stored charge;
a word line electrically coupled to the gate of the FET;
a bit line electrically coupled to at least one of the source and the drain of the FET; and
control circuitry configured to apply voltages to the word line and the bit line to program, read, or erase the data state stored in the FET.",ai_generated
US-9316698-B2,Electrical device power management,"An electrical device, comprising:
a power source configured to supply electrical power;
at least one electrical component configured to consume said electrical power; and
a power management unit coupled to said power source and said at least one electrical component, said power management unit configured to monitor at least one operating condition of the electrical device and, based on said monitored operating condition, dynamically adjust power delivery from the power source to said at least one electrical component to optimize at least one operational parameter of the electrical device.",ai_generated
US-8948329-B2,Apparatus and methods for timing recovery in a wireless transceiver,"An apparatus for timing recovery in a wireless transceiver, comprising:
a receiver configured to receive an incoming wireless signal;
a sampler configured to sample the incoming wireless signal to produce sampled data at a sampling rate determined by a sampling clock;
a timing error detector coupled to the sampler, the timing error detector configured to generate a timing error signal based on the sampled data, the timing error signal indicative of a timing misalignment between the sampling clock and a symbol timing of the incoming wireless signal;
a loop filter coupled to the timing error detector, the loop filter configured to filter the timing error signal to produce a filtered timing error signal; and
a clock recovery unit coupled to the loop filter, the clock recovery unit configured to adjust the sampling clock based on the filtered timing error signal to synchronize the sampling clock with the symbol timing of the incoming wireless signal.",ai_generated
US-6650533-B2,Pluggable drive carrier assembly,"A pluggable drive carrier assembly comprising:
a carrier housing configured to receive and secure a data storage drive therein;
an electrical connector disposed on a rear portion of the carrier housing, the electrical connector configured to electrically couple with a mating connector on a backplane when the carrier housing is inserted into a drive bay;
a retention mechanism coupled to the carrier housing, the retention mechanism configured to selectively secure the carrier housing within the drive bay and allow for tool-less removal of the carrier housing therefrom; and
at least one guide feature disposed on an exterior surface of the carrier housing, the at least one guide feature configured to engage with a corresponding guide feature within the drive bay to facilitate alignment during insertion and removal of the carrier housing.",ai_generated
US-8491210-B2,"Oral care system, kit and method","An oral care kit comprising:
a first component comprising an oral care composition;
a second component comprising an applicator device, the applicator device configured for engagement with an oral cavity; and
instructions for using the applicator device to apply the oral care composition to a surface within the oral cavity.",ai_generated
US-6856406-B2,Ultra small spot generator,"An apparatus for generating an ultra small spot, comprising:
a source configured to generate an energy beam;
a focusing assembly operably coupled to said source and configured to receive said energy beam, said focusing assembly comprising at least one high numerical aperture element and structured to converge said energy beam onto a target plane;
wherein said focusing assembly is further configured to form a spot at said target plane having a characteristic dimension substantially less than a diffraction limit of said energy beam; and
a control system operably coupled to at least one of said source and said focusing assembly to regulate emission and focusing of said energy beam.",ai_generated
US-7926180-B2,Method for manufacturing gas and liquid storage tanks,"A method for manufacturing a storage tank for gas and liquid, comprising:
forming a main body portion of the tank from a sheet material;
forming at least one end closure for the tank from a sheet material;
joining the at least one end closure to the main body portion along a seam to form a closed vessel;
sealing the seam to ensure leak-tightness of the closed vessel; and
pressurizing the closed vessel to a predetermined test pressure to verify its structural integrity and leak-tightness.",ai_generated
US-7610503-B2,Methods for generating a delayed clock signal,"A method for generating a delayed clock signal, comprising:
receiving an input clock signal;
processing the input clock signal through one or more delay elements, wherein the one or more delay elements are configured to impart a specified delay amount to the input clock signal; and
outputting the processed input clock signal as the delayed clock signal, the delayed clock signal having a phase delayed relative to a phase of the input clock signal by the specified delay amount.",ai_generated
US-8387945-B2,Method and system for a magnetic actuator,"1. A magnetic actuator system, comprising a magnetic field generator configured to produce a magnetic field; a movable armature magnetically responsive to the magnetic field, wherein the magnetic field causes the armature to move; a control circuit electrically coupled to the magnetic field generator, the control circuit configured to vary at least one characteristic of the magnetic field; and an output interface mechanically coupled to the movable armature, the output interface configured to transmit mechanical energy generated by the movement of the armature to an external load.",ai_generated
US-9772022-B2,"Mechanical system, injection pump and valve actuator comprising such a mechanical system and manufacturing method","1. A mechanical system, comprising:
    a first member configured to receive an input motion or force;
    a second member configured to provide an output motion or force in response to the input motion or force; and
    an intermediate mechanism operatively coupling the first member to the second member, wherein the intermediate mechanism is configured to transform the input motion or force into the output motion or force according to a predefined kinematic relationship or force transmission characteristic.",ai_generated
US-9728603-B2,Bipolar junction transistors with double-tapered emitter fingers,"A bipolar junction transistor, comprising:
    a semiconductor substrate;
    a collector region of a first conductivity type formed in the semiconductor substrate;
    a base region of a second conductivity type formed in the collector region; and
    an emitter region of the first conductivity type formed in the base region,
        wherein the emitter region comprises a plurality of emitter fingers extending into the base region,
        wherein each of the plurality of emitter fingers has a profile characterized by a taper along its longitudinal dimension and a taper along a transverse dimension.",ai_generated
US-6670251-B2,Method of fabricating semiconductor device,"1. A method of fabricating a semiconductor device, comprising:
providing a substrate;
forming at least one semiconductor layer over the substrate;
forming at least one device structure within or on the at least one semiconductor layer; and
forming at least one interconnect structure electrically coupled to the at least one device structure.",ai_generated
US-7507584-B2,Method for the diagnosis of chronic stress and related disorders,"A method for diagnosing chronic stress or a related disorder in a subject, comprising:
obtaining a biological sample from the subject;
determining a level of at least one biomarker associated with chronic stress or a related disorder in the biological sample;
comparing the determined level of the at least one biomarker to a predetermined reference level; and
diagnosing the subject as having chronic stress or a related disorder based on a deviation of the determined level from the predetermined reference level.",ai_generated
US-9498431-B2,Controlled releasing composition,"A controlled releasing composition comprising:
an active agent; and
a release-controlling matrix associated with said active agent, said release-controlling matrix configured to modulate a release rate of said active agent over a predetermined period of time.",ai_generated
US-9580679-B2,Methods and devices for sample lysis,"A method for lysing a sample, comprising:
introducing a sample into a lysis zone;
exposing the sample within the lysis zone to a lysis stimulus, wherein the lysis stimulus comprises at least one of mechanical energy, thermal energy, electrical energy, or a chemical agent; and
disrupting components of the sample using the lysis stimulus to form a lysed sample.",ai_generated
US-9449822-B2,Method of forming semiconductor structures with contact holes,"1. A method of forming semiconductor structures with contact holes, the method comprising:
    providing a semiconductor substrate;
    forming a dielectric layer over the semiconductor substrate;
    forming a patterned mask layer over the dielectric layer, wherein the patterned mask layer defines at least one opening corresponding to a desired contact hole location;
    etching the dielectric layer through the at least one opening in the patterned mask layer to form at least one contact hole, wherein the at least one contact hole extends through the dielectric layer to expose an underlying region of the semiconductor substrate or an underlying conductive layer;
    filling the at least one contact hole with a conductive material.",ai_generated
US-6426541-B2,Schottky diode having increased forward current with improved reverse bias characteristics and method of fabrication,"A Schottky diode comprising:
a semiconductor substrate of a first conductivity type having a first surface and a second surface opposite the first surface;
an ohmic contact disposed on the first surface of the semiconductor substrate;
a Schottky metal layer disposed on the second surface of the semiconductor substrate, said Schottky metal layer forming a rectifying contact with the semiconductor substrate;
a localized high-doping region of the first conductivity type formed in the semiconductor substrate immediately beneath and in contact with a central portion of the Schottky metal layer, said localized high-doping region configured to reduce an effective Schottky barrier height to thereby increase forward current of the Schottky diode;
and a field termination structure formed in the semiconductor substrate peripheral to the localized high-doping region and laterally surrounding the rectifying contact, said field termination structure configured to mitigate electric field crowding at an edge of the rectifying contact to thereby improve reverse bias characteristics of the Schottky diode.",ai_generated
US-7304347-B2,Method for fabricating a power semiconductor device having a voltage sustaining layer with a terraced trench facilitating formation of floating islands,"A method for fabricating a power semiconductor device, comprising:
providing a semiconductor substrate;
forming a voltage sustaining layer on the semiconductor substrate;
forming a terraced trench within the voltage sustaining layer, the terraced trench having a plurality of laterally offset steps along at least one sidewall thereof, said steps defining a varying depth profile into the voltage sustaining layer;
filling the terraced trench with a dielectric material to form a trench isolation region; and
forming a plurality of floating islands in the voltage sustaining layer, wherein the plurality of floating islands are physically separated from each other by the trench isolation region.",ai_generated
US-8429534-B2,"Graphical user interface, display control device, display method, and program","A display control device comprising:
a display unit configured to render a graphical user interface (GUI);
an input unit configured to acquire user input data;
a processor coupled to the display unit and the input unit;
a memory coupled to the processor and storing program instructions;
wherein the processor, in response to executing the program instructions, is configured to:
generate a plurality of graphical elements forming the GUI for presentation on the display unit;
identify a state of the display control device or an environmental parameter; and
dynamically modify at least one visual attribute or interactive functionality of at least one of the plurality of graphical elements based on the identified state of the display control device or the environmental parameter.",ai_generated
US-9741583-B2,"Substrate treatment method, computer readable storage medium and substrate treatment system","A method for treating a substrate, comprising:
receiving a substrate to be treated;
determining one or more treatment parameters for the received substrate;
generating a sequence of machine-executable control instructions based on the one or more determined treatment parameters; and
operating a substrate treatment apparatus to apply a treatment to the substrate according to the generated sequence of machine-executable control instructions.",ai_generated
US-8564283-B2,"Rotation-angle-detecting apparatus, rotating machine and rotation-angle-detecting method","A rotation-angle-detecting apparatus, comprising:
    a rotatable member configured to rotate about an axis;
    a stationary member positioned relative to the rotatable member;
    a sensing arrangement configured to generate a signal indicative of a relative angular position between the rotatable member and the stationary member;
    a processing unit communicatively coupled to the sensing arrangement, the processing unit configured to determine the rotation angle of the rotatable member based on the generated signal; and
    an output interface configured to provide the determined rotation angle.",ai_generated
US-7576768-B2,Imaging apparatus,"1. An imaging apparatus, comprising:
a light source configured to emit light towards a subject;
an optical system configured to receive light reflected or transmitted from the subject and form an image;
an image sensor configured to capture the image formed by the optical system and generate image data; and
a processor configured to receive the image data from the image sensor and generate an output image.",ai_generated
US-6781404-B2,Semiconductor integrated circuit and manufacturing method thereof,"A semiconductor integrated circuit, comprising:
a semiconductor substrate;
a plurality of active devices formed on the semiconductor substrate; and
a multilevel interconnect structure formed over the semiconductor substrate and electrically coupled to the plurality of active devices, the multilevel interconnect structure including:
    a plurality of conductive layers; and
    a plurality of interlevel dielectric layers;
wherein at least one of the plurality of interlevel dielectric layers comprises a porous low-k dielectric material configured to reduce parasitic capacitance between adjacent ones of the plurality of conductive layers.",ai_generated
US-9651095-B2,Coupling,"A coupling comprising:
a first coupling member defining a recessed receiving portion having an inner engagement surface;
a second coupling member defining an insertable male portion having an outer engagement surface, wherein said male portion is configured for matingly engaging said recessed receiving portion;
a plurality of radially movable locking elements circumferentially disposed within said first coupling member, each of said locking elements biased by a spring mechanism towards an extended position;
an annular groove defined on said outer engagement surface of said male portion, configured to receive said extended locking elements to secure said first coupling member to said second coupling member; and
an actuation collar slidably disposed on said first coupling member, said actuation collar configured to selectively retract said locking elements from said annular groove to permit disengagement of said male portion from said recessed receiving portion.",ai_generated
US-9469041-B2,Methods and equipment for cutting food products,"Here is an example of patent claim 1 for the invention title 'Methods and equipment for cutting food products', structured as a method claim:

A method for cutting food products, comprising:
    providing a food product to a cutting station;
    positioning the food product relative to at least one cutting element;
    actuating the at least one cutting element to engage and sever the food product along a predetermined cutting path;
    separating the severed portions of the food product from any remaining unsevered portions; and
    discharging the severed portions from the cutting station.",ai_generated
US-9242322-B2,Jig for aligning door hinge of automatic system for mounting door hinge to vehicle,"A jig for aligning a door hinge for mounting to a vehicle by an automatic mounting system, said jig comprising:
a main body;
a hinge reception portion integrated with the main body, said hinge reception portion configured to securely receive and hold the door hinge in a predetermined orientation;
at least one vehicle interface element extending from the main body, said at least one vehicle interface element configured to precisely engage a datum surface on the vehicle body to establish a fixed alignment of the jig relative to the vehicle; and
an automatic system interface portion integrated with the main body, said automatic system interface portion configured to mechanically couple with an end effector of the automatic system for manipulation and control of the jig;
wherein, when the door hinge is received in the hinge reception portion and the at least one vehicle interface element engages the datum surface on the vehicle body, the door hinge is held in a precise mounting position relative to the vehicle for subsequent attachment by the automatic system.",ai_generated
US-6315355-B1,Method and apparatus for triggering a sliding and hinged sun roof,"Here is a patent claim 1 for the given invention title, formatted as requested:

An apparatus for triggering a sliding and hinged sun roof, comprising:
a user input device configured to receive a user command for a sun roof panel, the user command indicating a desired movement selected from a sliding movement and a hinging movement;
a control unit electronically coupled to the user input device, the control unit configured to interpret the user command;
a sun roof assembly comprising the sun roof panel, a sliding rail system for enabling the sliding movement of the sun roof panel relative to a roof opening, and a hinge mechanism for enabling the hinging movement of the sun roof panel relative to the roof opening;
at least one actuator mechanically coupled to the sun roof assembly and electronically coupled to the control unit;
wherein the control unit is further configured to energize the at least one actuator to initiate the desired movement of the sun roof panel, such that the sun roof panel either performs the sliding movement along the sliding rail system or performs the hinging movement via the hinge mechanism, based on the interpreted user command.",ai_generated
US-7188561-B1,Adjustable firearm trigger mechanism and method of adjustment,"A firearm trigger mechanism, comprising:
a housing configured to be mounted within a firearm frame;
a trigger pivotally mounted within the housing, the trigger having an engagement surface;
a sear pivotally mounted within the housing, the sear configured to engage a hammer or striker of the firearm, wherein the sear is operably coupled to the engagement surface of the trigger;
a trigger pull weight adjustment mechanism, including an adjustment screw threadably engaged with the housing and positioned to exert variable pressure on a spring biasing at least one of the trigger and the sear;
a trigger travel adjustment mechanism, including at least one adjustment screw threadably engaged with the housing and configured to limit a range of pivotal movement of the trigger;
wherein rotation of the adjustment screw of the trigger pull weight adjustment mechanism varies a force required to disengage the sear from the hammer or striker; and
wherein rotation of the at least one adjustment screw of the trigger travel adjustment mechanism varies a distance of travel of the trigger.",ai_generated
US-6761841-B2,Method for extruding tire rubber material,"A method for extruding tire rubber material, the method comprising:
providing a pre-mixed, unvulcanized tire rubber compound at a predetermined temperature;
feeding the pre-mixed, unvulcanized tire rubber compound into an extruder apparatus having at least one screw for plasticizing and pressurizing the compound;
forcing the plasticized and pressurized tire rubber compound through a shaping die to form an extruded profile having a predetermined cross-sectional shape suitable for a tire component;
cooling the extruded profile while maintaining its predetermined cross-sectional shape; and
collecting the cooled extruded profile.",ai_generated
US-8036226-B1,Dynamic flow-based multi-path load balancing with quality of service assurances,"A method for dynamic flow-based multi-path load balancing with quality of service assurances, comprising:
  receiving network traffic comprising a plurality of data flows;
  identifying a plurality of available network paths for transmitting the network traffic;
  associating a quality of service (QoS) requirement with each of the plurality of data flows;
  dynamically monitoring performance characteristics of each of the plurality of available network paths, wherein the performance characteristics include at least current load and available bandwidth;
  dynamically selecting, for each data flow, a target network path from the plurality of available network paths by evaluating the associated QoS requirement of the respective data flow against the dynamically monitored performance characteristics of the plurality of available network paths, such that the selection provides the associated QoS assurance for the respective data flow while balancing network traffic load across the plurality of available network paths;
  directing each data flow along its respective target network path.",ai_generated
US-6538482-B2,"Voltage detection circuit, power-on/off reset circuit, and semiconductor device","A semiconductor device comprising:
    a voltage detection circuit configured to monitor a supply voltage and to output a voltage detection signal when the monitored supply voltage crosses a predetermined threshold; and
    a power-on/off reset circuit coupled to the voltage detection circuit, the power-on/off reset circuit configured to generate a reset signal for the semiconductor device based on the voltage detection signal.",ai_generated
US-9686766-B2,Location positioning using M2M ecosystem,"A system for location positioning using a machine-to-machine (M2M) ecosystem, comprising:
a target M2M device configured to be associated with an asset whose location is to be determined;
a plurality of anchor M2M devices distributed within a defined area, each anchor M2M device having a known or determinable geographical position;
an M2M communication network communicatively coupled to the target M2M device and the plurality of anchor M2M devices, wherein the target M2M device and the plurality of anchor M2M devices are configured to exchange location-related data over the M2M communication network; and
a location determination unit communicatively coupled to the M2M communication network, wherein the location determination unit is configured to receive the location-related data from the target M2M device and the plurality of anchor M2M devices, and further configured to calculate a current geographical location of the asset based on the received location-related data.",ai_generated
US-7875992-B2,System and method for generating electricity,"A system for generating electricity, comprising:
an energy capture unit configured to acquire primary energy from an energy source;
an electrical conversion unit coupled to the energy capture unit, the electrical conversion unit configured to convert the acquired primary energy into electrical energy; and
an electrical output unit coupled to the electrical conversion unit, the electrical output unit configured to deliver the electrical energy.",ai_generated
US-7826241-B2,Semiconductor memory device that can relieve defective address,"A semiconductor memory device, comprising:
a main memory array comprising a plurality of memory cells arranged in rows and columns;
a redundant memory array comprising a plurality of redundant memory cells;
a defect address storage circuit configured to store at least one address corresponding to a defective memory location within the main memory array;
an address input circuit configured to receive an input address for accessing a memory location; and
an address control circuit coupled to the address input circuit, the defect address storage circuit, the main memory array, and the redundant memory array, the address control circuit configured to compare the input address with the at least one stored defective address and, upon a match, select a memory location within the redundant memory array for access instead of the defective memory location within the main memory array, and upon no match, select a memory location within the main memory array for access.",ai_generated
US-7705607-B2,Diagnostic methods for electrical cables utilizing axial tomography,"A method for diagnosing electrical cables, comprising:
exposing an electrical cable to a penetrating energy beam;
acquiring projection data by detecting the penetrating energy beam after passing through the electrical cable, wherein the acquisition is performed from multiple angular positions around a longitudinal axis of the electrical cable;
generating a tomographic reconstruction of a cross-sectional image of the electrical cable based on the acquired projection data;
analyzing the tomographic reconstruction to identify a structural characteristic, degradation, or defect within the electrical cable; and
generating a diagnostic assessment of the electrical cable based on the identified structural characteristic, degradation, or defect.",ai_generated
US-9353033-B2,Airborne rigid kite with on-board power plant for ship propulsion,"A system for ship propulsion, the system comprising:
an airborne rigid kite body configured to generate aerodynamic lift and drag forces when exposed to an airflow;
an on-board power plant coupled to the rigid kite body, said power plant configured to generate power for operating at least one component of the airborne rigid kite body;
at least one active thrust generating mechanism coupled to the rigid kite body and powered by the on-board power plant, said active thrust generating mechanism configured to augment propulsion forces generated by the rigid kite body;
a tether having a first end coupled to the rigid kite body and a second end configured to be coupled to a ship, said tether configured to transmit propulsion forces from the rigid kite body to the ship; and
a control system configured to adjust flight parameters of the rigid kite body to optimize propulsion forces transmitted via the tether.",ai_generated
US-8056046-B2,Integrated system-of-systems modeling environment and related methods,"A computer-implemented method for an integrated system-of-systems modeling environment, the method comprising:
    providing a graphical user interface configured to facilitate user definition and configuration of a plurality of heterogeneous constituent systems, wherein each constituent system is independently operable and possesses distinct functionalities;
    receiving, via the graphical user interface, system definitions for each of the plurality of heterogeneous constituent systems;
    receiving, via the graphical user interface, interaction definitions specifying interdependencies, communication protocols, and interface specifications among the plurality of heterogeneous constituent systems;
    constructing a plurality of individual system models based on the received system definitions, wherein each individual system model represents the behavior of a respective constituent system;
    integrating the plurality of individual system models and the received interaction definitions into a unified system-of-systems (SoS) model, wherein the unified SoS model is configured to represent a combined operational behavior and emergent properties arising from the interactions of the plurality of heterogeneous constituent systems;
    executing the unified SoS model to simulate a dynamic behavior of the SoS under at least one defined scenario;
    analyzing simulation outputs from the executed unified SoS model to identify performance characteristics or emergent properties of the SoS that are not readily apparent from individual constituent system models; and
    presenting, via the graphical user interface, simulation results and analysis outputs related to the dynamic behavior, performance characteristics, or emergent properties of the SoS.",ai_generated
US-8435591-B2,Milk fat substitute and production method therefor,"A milk fat substitute composition, comprising a non-dairy lipid component; an aqueous phase; at least one emulsifier; and a hydrocolloid; wherein the composition exhibits a rheological profile and mouthfeel substantially similar to that of milk fat at typical food consumption temperatures, and wherein the composition is suitable for use in food products as a replacement for milk fat.",ai_generated
US-7969417-B2,Multiple cursor system and method for vehicle,"A system for a vehicle, comprising:
a display device disposed within the vehicle;
a plurality of input devices, wherein each input device is configured to receive user input from a distinct user within the vehicle;
a processor operatively coupled to the display device and the plurality of input devices; and
a memory operatively coupled to the processor and storing instructions that, when executed by the processor, cause the processor to:
display a graphical user interface on the display device;
display a plurality of cursors on the graphical user interface, wherein each cursor of the plurality of cursors is associated with a respective one of the plurality of input devices;
receive input from each of the plurality of input devices;
control a position and/or state of each respective cursor on the display device based on the input received from its associated input device; and
facilitate interaction with at least one vehicle function or at least one graphical element of the graphical user interface via at least one of the plurality of cursors.",ai_generated
US-8782130-B2,Method and system for client-side scaling of web server farm architectures in a cloud data center,"A method for client-side scaling of web server farm architectures in a cloud data center, the method comprising:
acquiring, by a client device, server characteristic data for a plurality of web servers comprising a web server farm operating within a cloud data center, wherein the server characteristic data indicates an operational state or capacity of each of the plurality of web servers;
determining, by the client device, a web request distribution strategy among the plurality of web servers based on the acquired server characteristic data;
transmitting, by the client device, one or more web requests to at least one web server of the plurality of web servers according to the determined web request distribution strategy; and
periodically re-acquiring server characteristic data and re-determining the web request distribution strategy to dynamically adjust web request transmission based on changes in the operational state or capacity of the plurality of web servers.",ai_generated
US-9601161-B2,"Metallically sealed, wrapped hard disk drives and related methods","An apparatus, comprising:
a hard disk drive unit configured for data storage and retrieval;
a metallic enclosure hermetically sealing said hard disk drive unit from an external environment, wherein said metallic enclosure is further configured to provide electromagnetic shielding for said hard disk drive unit; and
an outer wrapping layer circumferentially enclosing said metallic enclosure, said outer wrapping layer configured to provide further physical protection to said hard disk drive unit.",ai_generated
US-6338072-B1,Device and process for dynamically controlling the allocation of resources in a data processing system,"A system for dynamically controlling the allocation of resources in a data processing system, the system comprising:
a resource monitoring module configured to obtain real-time usage data for a plurality of computing resources within the data processing system and to obtain demand data from a plurality of applications executing within the data processing system;
a resource analysis module coupled to the resource monitoring module, the resource analysis module configured to analyze the real-time usage data and the demand data to identify resource bottlenecks or underutilized resources, and to determine, based on said analysis, a modified allocation scheme for the plurality of computing resources; and
a resource allocation module coupled to the resource analysis module, the resource allocation module configured to apply the modified allocation scheme to control the allocation of the plurality of computing resources among the plurality of applications;
wherein the resource monitoring module, the resource analysis module, and the resource allocation module are configured to operate in a continuous feedback loop to adaptively adjust resource allocation based on changing usage and demand conditions.",ai_generated
US-6638448-B2,Electrically conductive thermoplastic elastomer and product made thereof,"An electrically conductive article, comprising:
an electrically conductive thermoplastic elastomer composition;
said composition comprising:
from about 50 wt% to about 99 wt% of at least one thermoplastic elastomer;
from about 1 wt% to about 50 wt% of at least one electrically conductive filler; and
optionally, one or more additives selected from the group consisting of plasticizers, stabilizers, processing aids, flame retardants, colorants, and mixtures thereof;
wherein said electrically conductive thermoplastic elastomer composition has an electrical volume resistivity of less than about 10^9 ohm-cm; and
wherein said article is formed from said electrically conductive thermoplastic elastomer composition.",ai_generated
US-6625247-B1,"Cask and production method of cask, and embedded form","A cask, comprising:
    a cask body defining an internal volume for containing a liquid; and
    an embedded form, having a predetermined structural configuration, fixedly integrated within a wall structure of the cask body.",ai_generated
US-7431575-B2,Auto valve priming pump,"A pump system comprising:
a main pump having a suction inlet and a discharge outlet, configured to pump a liquid;
a priming circuit fluidly connected to said main pump, said priming circuit comprising a priming pump and a priming valve, said priming pump configured to draw air from at least one of said suction inlet and a casing of said main pump;
a sensor configured to detect a priming condition of said main pump, said priming condition comprising at least one of a presence of liquid at said suction inlet and a vacuum level within said main pump casing; and
a controller communicatively coupled to said sensor, said priming pump, and said priming valve, said controller configured to automatically activate said priming pump and operate said priming valve based on said detected priming condition, wherein said operation of said priming valve facilitates removal of air from said main pump to enable establishment of a prime for said main pump.",ai_generated
US-7582056-B2,Endoscope system,"A system comprising:
an elongated insertion tube having a distal end and a proximal end, the elongated insertion tube being configured for insertion into a body lumen;
an illumination device disposed at the distal end of the elongated insertion tube, the illumination device being configured to emit light to illuminate a region external to the distal end;
an image acquisition device disposed at the distal end of the elongated insertion tube, the image acquisition device being configured to capture images of the illuminated region;
a processing unit communicatively coupled to the image acquisition device, the processing unit being configured to receive and process the captured images; and
a display unit communicatively coupled to the processing unit, the display unit being configured to present the processed images to a user.",ai_generated
US-6749598-B1,Apparatus and methods for treating congestive heart disease,"An apparatus for treating congestive heart disease, comprising:
a physiological sensor configured to detect at least one physiological parameter indicative of congestive heart disease in a patient;
a controller communicatively coupled to the physiological sensor, the controller configured to analyze the at least one physiological parameter and, in response to said analysis, determine a therapeutic intervention;
a therapy delivery unit communicatively coupled to the controller, the therapy delivery unit configured to administer said determined therapeutic intervention to the patient.",ai_generated
US-8401565-B2,Delayed emergency position determination and transmission,"A method for delayed emergency position determination and transmission, the method comprising:
detecting an emergency condition;
determining a geographic position associated with the emergency condition;
delaying transmission of the determined geographic position and any associated emergency information for a predefined duration or until a predefined criterion is met;
transmitting the determined geographic position and any associated emergency information to a designated recipient upon expiration of the predefined duration or satisfaction of the predefined criterion.",ai_generated
US-6343191-B1,Camera having both silver-salt picture-taking function and electronic-image pickup function,"A camera comprising:
a camera body;
an optical system mounted on the camera body for focusing light to form an image;
a film receiving and transport mechanism disposed within the camera body for receiving silver-salt film and for selectively positioning said silver-salt film in an image plane of the optical system;
an electronic image sensor disposed within the camera body for converting light into electrical signals, said electronic image sensor selectively positionable in an image plane of the optical system;
a shutter mechanism for selectively controlling exposure of either said silver-salt film or said electronic image sensor to light passing through the optical system;
a control unit configured to selectively operate said film receiving and transport mechanism and said shutter mechanism for silver-salt image capture or to selectively operate said electronic image sensor and said shutter mechanism for electronic image capture; and
an electronic memory coupled to said electronic image sensor for storing image data generated by said electronic image sensor.",ai_generated
US-9842566-B2,Shift register and display device using the same,"1. A shift register, comprising:
    a plurality of serially connected stages, each stage having an input terminal and an output terminal;
    a data input terminal configured to receive an initial data signal;
    at least one clock input terminal configured to receive at least one clock signal;
    wherein each of the plurality of stages is configured to receive a data input signal from a preceding stage's output terminal or the data input terminal;
    wherein each stage further comprises:
        a data storage element configured to store a data value;
        and a control logic circuit coupled to the data storage element, the input terminal, and the at least one clock input terminal, the control logic circuit configured to:
            load the data input signal into the data storage element in response to a first phase of the at least one clock signal; and
            transfer the stored data value from the data storage element to the output terminal of the stage in response to a second phase of the at least one clock signal;
    whereby data values are sequentially propagated from the data input terminal through the plurality of serially connected stages, generating a series of synchronized output signals at the output terminals of the respective stages.",ai_generated
US-6168249-B1,Computer mainframe housing for computer,"1. A computer mainframe housing for a computer, comprising:
    an enclosure body defining an interior volume;
    a plurality of internal mounting structures disposed within the interior volume, said internal mounting structures configured to secure various computer components;
    a power supply bay integrated into the enclosure body, said power supply bay configured to receive a power supply unit;
    at least one ventilation opening defined by the enclosure body, said ventilation opening configured to facilitate airflow for cooling computer components;
    a plurality of external port apertures defined by the enclosure body, said external port apertures configured to provide access to input/output connectors of computer components; and
    at least one removable access panel coupled to the enclosure body, said removable access panel configured to provide user access to the interior volume.",ai_generated
US-8073651-B2,Time acquisition apparatus and radio wave clock,"A time acquisition apparatus, comprising:
a radio frequency receiver configured to receive a radio time signal;
a time information extractor coupled to the radio frequency receiver, configured to extract time information from the received radio time signal;
a timekeeping unit coupled to the time information extractor, configured to synchronize an internal clock based on the extracted time information; and
an output interface coupled to the timekeeping unit, configured to provide the synchronized time.",ai_generated
US-6662517-B1,Retrofit hurricane-earthquake clip,"A retrofit clip for securing a first structural member to a second structural member for resistance against lateral and uplift forces, comprising:
    a unitary body formed from a high-strength material;
    a first attachment portion extending from the unitary body, the first attachment portion configured for mechanical coupling to the first structural member;
    a second attachment portion extending from the unitary body, the second attachment portion configured for mechanical coupling to the second structural member, wherein the first attachment portion and the second attachment portion are oriented at a predetermined angle relative to each other;
    a plurality of fastener apertures disposed through at least the first attachment portion and the second attachment portion, the apertures configured to receive fasteners for securing the clip to the first and second structural members; and
    wherein the unitary body is configured to be externally mounted onto an existing structural connection between the first and second structural members without requiring disassembly or significant modification of the existing structural members.",ai_generated
US-6411681-B1,Traffic track measurements for analysis of network troubles,"A system for analyzing network troubles using traffic track measurements, the system comprising:
one or more traffic measurement units configured to acquire network traffic data from a network, said network traffic data comprising information identifying a path of said traffic through said network;
a data storage device coupled to said one or more traffic measurement units and configured to store said acquired network traffic data;
a processing unit coupled to said data storage device and configured to analyze said stored network traffic data to identify network troubles, said network troubles comprising deviations from expected network behavior, network performance degradation, or network failures;
and an output unit coupled to said processing unit and configured to present an indication of said identified network troubles.",ai_generated
US-8911162-B2,Clamp assembly for scope and camera phone mount for a weapon,"Here is a patent claim 1 for the invention title 'Clamp assembly for scope and camera phone mount for a weapon':

1.  A clamp assembly comprising:
    a main body;
    a scope clamping mechanism coupled to said main body, said scope clamping mechanism including at least two clamping jaws and a tightening means, said scope clamping mechanism configured to removably secure said clamp assembly to an optical scope; and
    a camera phone mounting bracket mechanically coupled to said main body, said camera phone mounting bracket configured to securely hold a smartphone, wherein said camera phone mounting bracket is positioned relative to said scope clamping mechanism such that a camera of a smartphone held by said camera phone mounting bracket is capable of viewing through an eyepiece of an optical scope to which said scope clamping mechanism is attached.",ai_generated
US-6205435-B1,Self-contained payment system with circulating digital vouchers,"A self-contained payment system for facilitating transactions using digital vouchers, the system comprising:
at least one processing unit;
at least one memory unit coupled to the at least one processing unit, the at least one memory unit storing computer-executable instructions that, when executed by the at least one processing unit, cause the system to perform operations including:
  managing a plurality of digital vouchers, wherein each digital voucher is uniquely identifiable and represents a unit of intrinsic value within the system;
  maintaining a ledger of user accounts, wherein each user account is associated with a specific user and stores a current balance of digital vouchers held by that user;
  issuing a quantity of the digital vouchers into circulation by crediting a first user account with said quantity of digital vouchers;
  facilitating transfer of a specified quantity of digital vouchers from a sending user account to a receiving user account within the system in response to a payment transaction request, the facilitating including debiting the specified quantity from the sending user account and crediting the specified quantity to the receiving user account, thereby updating their respective balances; and
  processing a redemption request for a quantity of digital vouchers from a user account, wherein the processing includes debiting the requested quantity from the user account and removing the debited quantity of digital vouchers from circulation within the system.",ai_generated
US-9369755-B2,Antenna sub-system for receiving multiple digital broadcast television signals,"An antenna sub-system for receiving multiple digital broadcast television signals, comprising:
a plurality of antenna elements configured to receive said multiple digital broadcast television signals;
a signal conditioning circuit coupled to the plurality of antenna elements, wherein the signal conditioning circuit is configured to process and combine the digital broadcast television signals received by the plurality of antenna elements into a composite signal; and
an output port configured to transmit the composite signal to an external device.",ai_generated
US-9826278-B2,Electronic device and method for providing broadcast program,"1. An electronic device for providing a broadcast program, the device comprising:
a tuner configured to receive a broadcast signal;
a processor coupled to the tuner;
a memory coupled to the processor, the memory storing instructions executable by the processor;
an input interface coupled to the processor, the input interface configured to receive user input; and
an output interface coupled to the processor, the output interface configured to present program content;
wherein the processor is configured to extract program content and associated program guide information from the broadcast signal; generate an interactive program guide display based on the associated program guide information; cause the output interface to present the interactive program guide display to a user; receive, via the input interface, a user selection of a broadcast program from the interactive program guide display; in response to the user selection, control the tuner to tune to a broadcast channel corresponding to the selected broadcast program; and cause the output interface to present the program content of the selected broadcast program to the user.",ai_generated
US-9642115-B2,Method for implementing trunk service based on long term evolution and trunk user terminal,"A method for implementing trunk service based on Long Term Evolution (LTE) and a trunk user terminal (TUT), the method comprising:
establishing, by the TUT, a connection with an LTE network;
transmitting, by the TUT, a request to join a trunk group to a trunk service platform via the LTE network;
receiving, at the TUT, an indication of successful joining of the trunk group;
initiating, by the TUT, a push-to-talk (PTT) communication session by transmitting a PTT request signal to the trunk service platform via the LTE network;
receiving, at the trunk service platform, the PTT request signal;
establishing, by the LTE network, a dedicated radio bearer for the PTT communication session between the TUT and the trunk service platform, wherein the dedicated radio bearer is configured with quality of service (QoS) parameters optimized for real-time voice communication;
transmitting voice data, by the TUT, over the established dedicated radio bearer to the trunk service platform; and
distributing, by the trunk service platform, the transmitted voice data to one or more other trunk user terminals within the trunk group via the LTE network.",ai_generated
US-9133829-B2,Solar thermal power plant having a bypass conduction path bypassing the superheating and/or steam generation stages of the solar circuit and using indirect evaporation and method for operating such a solar thermal power plant,"A solar thermal power plant comprising:
a solar circuit configured to heat a heat transfer fluid;
a steam generation circuit configured to generate steam from a working fluid;
wherein the solar circuit is fluidly coupled to the steam generation circuit via at least one heat exchanger for indirect evaporation of the working fluid by the heat transfer fluid;
the solar circuit further comprising a bypass conduction path;
said bypass conduction path configured to selectively divert at least a portion of the heat transfer fluid around at least one of a superheating stage and a steam generation stage within the solar circuit;
and at least one valve configured to control fluid flow through said bypass conduction path.",ai_generated
US-8525873-B2,"Information processing device, information processing method, and program","An information processing device, comprising:
a processor configured to receive a plurality of input data related to an operating environment, determine a current contextual state of the operating environment based on the plurality of input data, select an processing operation from a plurality of available processing operations based on the determined current contextual state, and execute the selected processing operation;
a memory coupled to the processor and configured to store instructions executable by the processor to perform the determination, selection, and execution, and to store data utilized in said determination, selection, and execution;
an input interface coupled to the processor and configured to receive the plurality of input data; and
an output interface coupled to the processor and configured to output a result of the executed processing operation or a control signal based on the executed processing operation.",ai_generated
US-7597337-B2,System and method for providing gyroscopic stabilization to a two-wheeled vehicle,"A system for providing gyroscopic stabilization to a two-wheeled vehicle, the system comprising:
a vehicle frame having a front portion and a rear portion;
a front wheel rotatably coupled to the front portion of the vehicle frame;
a rear wheel rotatably coupled to the rear portion of the vehicle frame;
at least one gyroscopic stabilization unit, comprising a spinning mass, the at least one gyroscopic stabilization unit mounted to the vehicle frame;
at least one sensor configured to detect an orientation of the two-wheeled vehicle; and
a control unit communicatively coupled to the at least one sensor and to the at least one gyroscopic stabilization unit, the control unit configured to receive data from the at least one sensor and, in response to the received data, actuate the spinning mass of the at least one gyroscopic stabilization unit to generate a gyroscopic torque, wherein the gyroscopic torque is applied to the vehicle frame to counteract a lean of the two-wheeled vehicle.",ai_generated
US-6884228-B2,Automated system adaptable for use with different fluid circuits,"An automated system adaptable for use with different fluid circuits, comprising:
    a controller configured to process operational parameters and generate control commands;
    a plurality of sensors configured to be coupled to a fluid circuit, the sensors generating sensor data indicative of fluid circuit parameters;
    a plurality of actuators configured to be coupled to the fluid circuit, the actuators responsive to the control commands to modify fluid flow characteristics within the fluid circuit;
    a memory storing a plurality of fluid circuit profiles, each profile comprising a set of operational parameters and control logic specific to a different type of fluid circuit;
    wherein the controller is further configured to:
    receive an identification of a fluid circuit connected to the system;
    select one of the plurality of fluid circuit profiles from the memory based on the received identification; and
    dynamically adjust its processing of the sensor data and its generation of the control commands according to the selected fluid circuit profile to control the connected fluid circuit.",ai_generated
US-9277666-B2,Display device,"A display device comprising:
a display panel configured to render visual information;
a processing unit coupled to the display panel, the processing unit configured to generate display signals for said display panel;
at least one environmental sensor coupled to the processing unit, the environmental sensor configured to detect at least one ambient condition proximate to the display device;
at least one user interaction sensor coupled to the processing unit, the user interaction sensor configured to detect at least one user interaction with the display device; and
a memory unit coupled to the processing unit, the memory unit storing instructions executable by the processing unit, wherein the processing unit, in response to executing said instructions, is further configured to dynamically adjust at least one display parameter of the display panel based on the detected ambient condition and the detected user interaction, thereby optimizing the rendering of visual information.",ai_generated
US-7970931-B2,Policy-based routing in a multi-homed computer,"A method for policy-based routing in a multi-homed computer, comprising:
receiving network packets at said multi-homed computer;
accessing a plurality of routing policies stored on said multi-homed computer;
evaluating each received network packet against said plurality of routing policies based on one or more packet characteristics;
determining an outgoing network interface from a plurality of network interfaces of said multi-homed computer for each said network packet, said determination based on said evaluation; and
transmitting each said network packet via the determined outgoing network interface.",ai_generated
US-9447595-B1,"Systems, methods and apparatuses for relieving excessive suction within swimming pool skimmers","An apparatus for relieving excessive suction within a swimming pool skimmer, the apparatus comprising:
a skimmer body configured to receive water from a swimming pool, the skimmer body defining an interior volume and including a main water outlet coupled to a pump suction line;
a suction relief port formed in the skimmer body, the suction relief port providing fluid communication between the interior volume of the skimmer body and an external environment;
a valve mechanism operatively coupled to the suction relief port, the valve mechanism movable between a closed position, wherein the suction relief port is sealed, and an open position, wherein the suction relief port allows ingress of ambient air into the interior volume; and
a float mechanism positioned within the interior volume of the skimmer body and operatively coupled to the valve mechanism, the float mechanism configured to actuate the valve mechanism to the open position when a water level within the interior volume falls below a predetermined threshold, thereby introducing ambient air into the interior volume to reduce excessive suction at the main water outlet.",ai_generated
US-9118005-B2,Manufacturing method of a memory device with a reversible variable-resistance memory layer between electrodes extending along intersecting directions,"A manufacturing method of a memory device, the method comprising:
providing a substrate;
forming a plurality of first electrodes on the substrate, the first electrodes extending substantially parallel to each other along a first direction;
forming a reversible variable-resistance memory layer over the plurality of first electrodes; and
forming a plurality of second electrodes over the reversible variable-resistance memory layer, the second electrodes extending substantially parallel to each other along a second direction, wherein the second direction is substantially orthogonal to the first direction, and whereby portions of the reversible variable-resistance memory layer are situated between intersections of the first and second electrodes to form memory cells.",ai_generated
US-7966648-B2,Dynamic quality of service pre-authorization in a communications environment,"A method for dynamic quality of service pre-authorization in a communications environment, the method comprising:
receiving, at a network entity, a request for a communication service, the request associated with a desired quality of service (QoS) requirement;
dynamically determining, prior to full establishment of the communication service, an authorization status for the desired QoS requirement based on at least one real-time network condition parameter and at least one communication policy;
conditionally allocating network resources corresponding to the desired QoS requirement based on the dynamically determined authorization status;
transmitting the authorization status to a requesting user equipment or another network entity; and
facilitating or denying subsequent establishment of the communication service based on the transmitted authorization status.",ai_generated
US-8254339-B2,Receiver apparatus and method for releasing memory thereof,"A receiver apparatus, comprising:
a receiving module configured to obtain input data;
a data storage module operatively coupled to the receiving module, the data storage module configured to store the obtained input data;
a processing unit operatively coupled to the data storage module, the processing unit configured to perform operations on the obtained input data; and
a memory management module operatively coupled to the processing unit and the data storage module, the memory management module configured to:
    monitor a state associated with the input data or an operation performed by the processing unit; and
    responsive to detecting a predefined memory release condition based on the monitored state, deallocate at least a portion of the data storage module associated with the input data.",ai_generated
US-9368880-B2,Multi-sector antenna structure,"An antenna structure, comprising:
a support structure;
a plurality of radiating elements mechanically coupled to the support structure, each radiating element configured to transmit and/or receive electromagnetic signals;
and a feed network electrically coupled to the plurality of radiating elements, wherein the plurality of radiating elements are spatially arranged on the support structure to define a plurality of distinct radiation sectors for coverage of different angular regions, and wherein the feed network is configured to individually address or group-address the plurality of radiating elements to facilitate independent or coordinated operation of the distinct radiation sectors.",ai_generated
US-9160163-B2,"Battery management system, motor vehicle and battery system","A battery management system, comprising:
a controller configured to perform battery management operations;
a plurality of sensors configured to measure at least one of voltage, current, and temperature of a battery pack;
a switching circuit electrically coupled to the battery pack and controllable by the controller; and
a communication interface configured to transmit battery status data and receive control commands;
wherein the controller is further configured to:
receive data from the plurality of sensors;
process the received data to determine a state of the battery pack, including at least one of a state of charge and a state of health;
control the switching circuit based on the determined state of the battery pack to manage charging and discharging operations and to provide protection against abnormal operating conditions; and
communicate the determined state of the battery pack and any detected abnormal operating conditions via the communication interface.",ai_generated
US-7749486-B2,Tumor models employing green fluorescent protein,"A tumor model comprising a population of tumor cells, wherein the tumor cells comprise a heterologous nucleic acid encoding a green fluorescent protein, and wherein the green fluorescent protein is expressed by the tumor cells to provide a detectable signal for monitoring characteristics of the tumor cells.",ai_generated
US-7412707-B2,No-reset option in a batch billing system,"A batch billing system comprising:
a data storage unit configured to store billing data comprising a plurality of billing items, each billing item associated with an account;
a batch processing unit configured to process said plurality of billing items in a batch operation to generate billing outputs;
an input module configured to receive a user selection to apply a persistent status indicator to at least one selected billing item;
a control module configured to prevent automatic resetting of said persistent status indicator for said at least one selected billing item across multiple consecutive batch operations; and
wherein said persistent status indicator, when applied, influences subsequent processing of said at least one selected billing item in later batch operations without requiring re-application of said indicator.",ai_generated
US-8335807-B1,File distribution system and method,"A system for distributing files, comprising:
at least one server;
the at least one server comprising:
a processor;
a memory coupled to the processor, the memory storing a plurality of files and processor-executable instructions;
a network interface coupled to the processor, for communicating data over a network;
the processor configured, by executing the processor-executable instructions, to perform operations comprising:
receiving, via the network interface, a request for a target file from a client device;
identifying the target file from the plurality of files stored in the memory;
generating a transmission package for the target file; and
transmitting the transmission package comprising the target file to the client device via the network interface and over the network; and
at least one client device;
the at least one client device comprising:
a client processor;
a client memory coupled to the client processor;
a client network interface coupled to the client processor, for communicating data over the network;
the client processor configured, by executing client processor-executable instructions, to perform operations comprising:
sending, via the client network interface, the request for the target file to the at least one server;
receiving, via the client network interface, the transmission package comprising the target file from the at least one server; and
storing the received target file in the client memory.",ai_generated
US-6635933-B2,Structure of a capacitor section of a dynamic random-access memory,"A capacitor section of a dynamic random-access memory, comprising:
a semiconductor substrate;
a first capacitor electrode fabricated over or within said semiconductor substrate;
a dielectric layer conformally deposited over at least a portion of said first capacitor electrode;
a second capacitor electrode fabricated over said dielectric layer, said second capacitor electrode functioning as a common cell plate across multiple capacitor sections; and
wherein said first capacitor electrode is structured with a three-dimensional geometry, said three-dimensional geometry configured to maximize an effective surface area for charge storage within a projected area on said semiconductor substrate.",ai_generated
US-7421431-B2,Providing access to system management information,"I'll provide a system claim, which is generally a good starting point for a broad claim 1.

A system for providing access to system management information, the system comprising:
a system information acquisition module configured to acquire system management information from a plurality of system resources, wherein the system management information includes at least one of performance data, configuration settings, and event logs;
a data storage repository coupled to the system information acquisition module, the data storage repository configured to persistently store the acquired system management information;
an access request interface configured to receive a request for system management information from a requesting entity, the request specifying one or more criteria for filtering or presenting the system management information;
an information processing engine coupled to the data storage repository and the access request interface, the information processing engine configured to:
    process the received request;
    retrieve system management information from the data storage repository based on the one or more specified criteria; and
    prepare the retrieved system management information in a specified output format;
a communication interface coupled to the information processing engine, the communication interface configured to transmit the prepared system management information to the requesting entity.",ai_generated
US-8081420-B2,Solid electrolytic capacitor and method for manufacture thereof,"Here is an example of patent claim 1 for the given invention title, formatted according to standard patent claim practice:

A solid electrolytic capacitor comprising:
an anode comprising a porous body of a valve metal;
a dielectric layer comprising an oxide of said valve metal, formed on a surface of said porous body;
a solid electrolyte layer comprising a conductive polymer, formed on said dielectric layer;
a cathode collector layer comprising a conductive material, formed on said solid electrolyte layer; and
an anode terminal electrically connected to said anode and a cathode terminal electrically connected to said cathode collector layer.",ai_generated
US-8038249-B2,"Ink jet recording apparatus, and method for controlling recording head temperature","An ink jet recording apparatus, comprising:
    a recording head configured to eject ink through a plurality of nozzles;
    a heater associated with the recording head and configured to heat the recording head;
    a temperature sensor associated with the recording head and configured to detect a temperature of the recording head; and
    a control unit coupled to the heater and the temperature sensor, the control unit being configured to receive the detected temperature from the temperature sensor and control an operation of the heater to maintain the temperature of the recording head substantially at a target temperature.",ai_generated
US-6576889-B2,Angle sensor,"An angle sensor, comprising:
a first component;
a a second component angularly movable relative to the first component;
a sensing arrangement coupled to at least one of the first component and the second component, the sensing arrangement configured to determine a relative angular position between the first component and the second component; and
an output interface configured to provide a signal representative of the determined relative angular position.",ai_generated
US-6451193-B1,Electrophoresis cell for multiple slab gels,"I'll provide a broad independent claim (Claim 1) based on the title ""Electrophoresis cell for multiple slab gels"".

An electrophoresis cell for simultaneously electrophoresing a plurality of slab gels, the cell comprising:
a main tank configured to hold a lower buffer reservoir;
at least two gel cassettes, each configured to hold a slab gel, the at least two gel cassettes positioned within the main tank in a parallel arrangement relative to each other;
an upper buffer reservoir defined by interior surfaces of the at least two gel cassettes and sidewalls of the main tank, wherein the upper buffer reservoir is in fluid communication with upper ends of the slab gels;
a first electrode positioned within and in electrical communication with the upper buffer reservoir;
a second electrode positioned within and in electrical communication with the lower buffer reservoir;
electrical contacts configured to provide electrical connection between an external power supply and the first and second electrodes;
and a lid configured to seal the upper buffer reservoir and engage the electrical contacts.",ai_generated
US-6617403-B2,Olefin polymerization process,"A process for olefin polymerization, comprising:
contacting at least one olefin monomer with a polymerization catalyst system under polymerization conditions effective to polymerize said at least one olefin monomer, thereby forming an olefin polymer.",ai_generated
US-8512520-B2,Paper sizing agent,"1. A paper sizing agent, comprising at least one hydrophobic compound; said hydrophobic compound being effective to reduce the absorbency of aqueous liquids by cellulosic fibers when applied to a paper product; and said hydrophobic compound having a molecular structure that includes a hydrophobic moiety and a reactive or associative moiety for interacting with said cellulosic fibers.",ai_generated
US-9680787-B2,Electronic message distribution lists,"A system for managing and distributing electronic messages using electronic message distribution lists, the system comprising:
a data storage device configured to store a plurality of electronic distribution lists, each electronic distribution list comprising a plurality of unique recipient identifiers;
a communication interface configured to transmit electronic messages to target recipient identifiers over a network; and
a processing unit coupled to the data storage device and the communication interface, the processing unit configured to:
  manage the plurality of electronic distribution lists stored in the data storage device, including creating new distribution lists, adding recipient identifiers to existing distribution lists, and removing recipient identifiers from existing distribution lists;
  receive a source electronic message for distribution;
  receive an indication of a selected electronic distribution list from the plurality of electronic distribution lists;
  retrieve, from the data storage device, the plurality of unique recipient identifiers associated with the selected electronic distribution list; and
  cause the communication interface to transmit the source electronic message to each of the retrieved plurality of unique recipient identifiers.",ai_generated
US-6715887-B2,Color wheel module for image display device,"A color wheel module for an image display device, the module comprising:
a housing defining an optical path;
a color wheel rotatably disposed within the housing, the color wheel comprising a plurality of color segments, each segment configured to transmit light of a different spectral characteristic;
a motor mechanically coupled to the color wheel, the motor configured to rotate the color wheel;
a bearing assembly supporting the color wheel for rotation; and
control circuitry coupled to the motor, the control circuitry configured to control a rotational speed and phase of the color wheel such that the color segments sequentially intersect the optical path, thereby sequentially transmitting light of different spectral characteristics through the optical path for display by the image display device.",ai_generated
US-8927952-B2,Target for laser produced plasma extreme ultraviolet light source,"A target for a laser produced plasma extreme ultraviolet light source, said target comprising an extreme ultraviolet emitting material; said extreme ultraviolet emitting material being present in a physical form adapted to be irradiated by a laser beam; wherein interaction of said laser beam with said physical form produces a plasma from said extreme ultraviolet emitting material; and wherein said plasma is a source of extreme ultraviolet radiation.",ai_generated
US-8498800-B2,Engine control unit,"What follows is an example of a single, broad patent claim for an engine control unit, formatted as requested:

An engine control unit comprising:
a plurality of input interfaces configured to receive a plurality of sensor signals indicative of operating conditions of an internal combustion engine;
a processor communicatively coupled to the plurality of input interfaces;
a memory communicatively coupled to the processor, the memory storing executable instructions and engine operating parameters;
a plurality of output interfaces communicatively coupled to the processor and configured to generate a plurality of control signals for a plurality of engine actuators;
wherein the processor is configured to execute the executable instructions to:
determine an engine operating state based on the received sensor signals;
access the engine operating parameters stored in the memory based on the determined engine operating state;
calculate a plurality of engine control parameters based on the engine operating state and the accessed engine operating parameters; and
generate the control signals for the plurality of engine actuators based on the calculated engine control parameters to control operation of the internal combustion engine.",ai_generated
US-8686791-B2,Amplifying apparatus and distortion compensation method,"An amplifying apparatus, comprising:
an amplifier configured to receive an input signal and generate an amplified signal, said amplified signal including distortion introduced by said amplifier;
a distortion determination circuit configured to determine distortion characteristics associated with said amplifier;
a compensation signal generator configured to generate a compensation signal based on said determined distortion characteristics; and
a signal corrector configured to combine said compensation signal with at least one of said input signal or said amplified signal to produce a compensated output signal, wherein said compensated output signal exhibits reduced distortion compared to said amplified signal.",ai_generated
US-9491773-B2,Interference management for different wireless communication technologies,"A method for managing interference among different wireless communication technologies, the method comprising:
monitoring a shared wireless communication environment for presence of a plurality of coexisting wireless communication technologies;
identifying operational parameters associated with each of the plurality of coexisting wireless communication technologies;
detecting an interference condition occurring between at least two of the plurality of coexisting wireless communication technologies within the shared wireless communication environment;
analyzing the detected interference condition in conjunction with the identified operational parameters to determine a technology-specific interference mitigation strategy; and
applying the determined technology-specific interference mitigation strategy to at least one of the plurality of coexisting wireless communication technologies to reduce the interference condition.",ai_generated
US-9749387-B2,Transparently stateful execution of stateless applications,"A system for transparently providing stateful execution of a stateless application, the system comprising:
a processor;
a memory coupled to the processor;
an interception component configured to intercept data operations performed by the stateless application;
a state capture component coupled to the interception component and configured to identify and capture application state data from the intercepted data operations;
a state repository coupled to the state capture component and configured to persistently store the captured application state data; and
a state management component coupled to the state repository and configured to, in response to an execution event of the stateless application, reconstitute an execution environment for the stateless application using the persistently stored application state data, wherein the reconstitution of the execution environment provides the stateful execution transparently to the stateless application.",ai_generated
US-8180054-B2,"Authenticating system, authenticating method, and authenticating program","1. An authenticating system, comprising:
    an input interface configured to receive input authentication data;
    a memory configured to store reference authentication data;
    a processor coupled to the input interface and the memory, the processor configured to compare the received input authentication data with the stored reference authentication data to determine an authentication result; and
    an output interface configured to communicate the authentication result.",ai_generated
US-8095213-B1,Transdermal patch,"1. A transdermal patch comprising:
a backing layer;
a drug-containing adhesive layer, said drug-containing adhesive layer comprising a therapeutically effective amount of an active pharmaceutical ingredient and a pressure-sensitive adhesive; and
a release liner releasably attached to the drug-containing adhesive layer.",ai_generated
US-7594645-B2,Sheet processing device and image formation apparatus,"1. An image formation apparatus comprising:
    an image forming unit configured to form an image on a sheet; and
    a sheet processing device configured to receive the sheet output from the image forming unit and perform a processing operation on the sheet, the sheet processing device comprising:
        a sheet receiving portion configured to receive the sheet;
        a sheet transport path configured to transport the received sheet;
        a processing unit disposed along the sheet transport path, the processing unit configured to perform a predetermined processing operation on the transported sheet; and
        a control unit configured to control the processing unit in accordance with a processing instruction associated with image formation by the image forming unit.",ai_generated
US-6366656-B1,Method and apparatus for migrating embedded PBX system to personal computer,"A method for migrating an embedded private branch exchange (PBX) system to a personal computer, the method comprising:
retrieving configuration data and operational parameters from an embedded PBX system;
installing a software-defined private branch exchange application on a personal computer;
transferring the retrieved configuration data and operational parameters to the installed software-defined private branch exchange application; and
configuring communication hardware and software interfaces on the personal computer to replicate the telephony connectivity of the embedded PBX system, thereby enabling the personal computer to operate as a private branch exchange system.",ai_generated
US-8841884-B2,Battery charging method and system with three-stage temperature-compensated charge profile,"A method for charging a battery, comprising:
obtaining a temperature measurement of the battery;
determining a plurality of charging parameters for a three-stage charging process based at least in part on the obtained temperature measurement;
applying a first charging stage to the battery;
subsequently applying a second charging stage to the battery; and
subsequently applying a third charging stage to the battery, wherein the charging parameters utilized in each of the first charging stage, the second charging stage, and the third charging stage are compensated based on the obtained temperature measurement.",ai_generated
US-6521997-B1,Chip carrier for accommodating passive component,"A chip carrier comprising:
a carrier substrate having a top surface and a bottom surface;
a first mounting region disposed on the top surface, the first mounting region configured to receive an active semiconductor chip;
a second mounting region configured to accommodate a passive electronic component;
a plurality of chip connection pads electrically coupled to the first mounting region;
a plurality of passive component connection pads electrically coupled to the second mounting region; and
a plurality of external connection terminals disposed on the bottom surface, electrically coupled to at least one of the plurality of chip connection pads and the plurality of passive component connection pads;
wherein the second mounting region comprises a cavity formed within the carrier substrate, the cavity configured to house the passive electronic component.",ai_generated
US-8931572-B2,Work machine and automatic control method for blade of work machine,"A work machine, comprising:
a main body;
a blade movably coupled to the main body;
at least one sensor configured to detect a parameter indicative of a position or orientation of the blade relative to a target reference;
at least one actuator coupled to the blade and configured to effect movement of the blade; and
a controller communicatively coupled to the at least one sensor and the at least one actuator, the controller configured to receive the parameter from the at least one sensor, to compare the detected parameter to a desired position or orientation of the blade, and to automatically generate and transmit a control signal to the at least one actuator to move the blade to adjust the position or orientation thereof toward the desired position or orientation.",ai_generated
US-7749106-B2,"Molded rubber material for golf ball, method of making the material and golf ball","A molded rubber material for a golf ball;
the material comprising:
a polybutadiene rubber;
a co-crosslinking agent;
a filler; and
a curing agent;
wherein the molded rubber material has a Shore D hardness from about 40 to about 70; and
wherein the molded rubber material has a rebound resilience of at least about 70%.",ai_generated
US-8185039-B2,Sheet processing apparatus and image forming apparatus,"1.  A sheet processing apparatus, comprising:
    a sheet input unit configured to receive at least one sheet;
    a sheet transport path configured to guide the at least one sheet from the sheet input unit to a processing station;
    a processing station positioned along the sheet transport path, the processing station being configured to perform a processing operation on the at least one sheet;
    a sheet output unit configured to discharge the at least one sheet after the processing operation; and
    a controller configured to control the sheet input unit, the sheet transport path, the processing station, and the sheet output unit to perform a sequence of sheet processing operations.",ai_generated
US-6682376-B2,Tilt device for outboard engine,"1.  A tilt device for an outboard engine, comprising:
    a transom mounting bracket configured to securely attach to a transom of a boat;
    an engine mounting bracket configured to receive and secure an outboard engine;
    a pivot assembly mechanically coupling the transom mounting bracket to the engine mounting bracket, the pivot assembly defining a pivot axis about which the engine mounting bracket and a secured outboard engine are rotatable relative to the transom mounting bracket between a deployed operating position and a tilted position; and
    a locking mechanism configured to selectively secure the engine mounting bracket in at least one of the deployed operating position and the tilted position.",ai_generated
US-8013255-B2,Printed circuit board with high density differential pairs,"A printed circuit board comprising:
a dielectric substrate;
a plurality of conductive layers laminated on and/or within said dielectric substrate;
a plurality of differential signal trace pairs formed in at least one of said plurality of conductive layers, each differential signal trace pair comprising a first signal trace and a second signal trace;
wherein said first and second signal traces within each differential signal trace pair are closely coupled to maintain a substantially constant characteristic differential impedance along their length; and
wherein said plurality of differential signal trace pairs are arranged in a high-density configuration on at least one of said conductive layers, characterized by an inter-pair spacing between adjacent differential signal trace pairs that is less than a predetermined multiple of an intra-pair spacing between said first and second signal traces, thereby enabling routing of an increased number of differential signal trace pairs within a given area of the printed circuit board.",ai_generated
US-7236685-B2,Reproduction speed conversion apparatus,"A reproduction speed conversion apparatus, comprising:
a signal input configured to receive an input reproduction signal having a first reproduction speed;
a speed conversion unit coupled to the signal input, the speed conversion unit configured to process the input reproduction signal to generate an output reproduction signal having a second reproduction speed, wherein the second reproduction speed is different from the first reproduction speed;
a control unit coupled to the speed conversion unit, the control unit configured to provide a speed control parameter to the speed conversion unit, the speed control parameter dictating a relationship between the first reproduction speed and the second reproduction speed; and
a signal output coupled to the speed conversion unit, the signal output configured to output the output reproduction signal.",ai_generated
US-6906818-B1,Data communication system,"A data communication system, comprising:
a transmitting device configured to generate data, encode said data into a transmittable format, and transmit the encoded data over a communication channel;
a receiving device configured to receive said transmitted encoded data, decode the received encoded data to recover the original data, and provide the recovered data for further processing or display; and
said communication channel configured to couple the transmitting device and the receiving device and to convey the encoded data from the transmitting device to the receiving device.",ai_generated
US-7001451-B2,Filter structure for a vehicle air conditioner,"A filter structure for a vehicle air conditioner, comprising:
a filter housing defining an internal passage for airflow, the filter housing configured for removable installation within an air conditioning system of a vehicle;
a filter element positioned within the internal passage, the filter element configured to remove contaminants from air flowing through the internal passage;
and a sealing member disposed along a perimeter of the filter housing, the sealing member configured to engage a mating surface of the air conditioning system to prevent bypass airflow around the filter element.",ai_generated
US-6376099-B1,CU-containing NB3A1 multifilamentary superconductive wire and process for producing the same,"A multifilamentary superconductive wire, comprising a plurality of Nb3Al superconductive filaments disposed within a copper-containing matrix; wherein said Nb3Al superconductive filaments are formed from precursor materials comprising niobium and aluminum; and wherein said copper-containing matrix surrounds and provides stabilization for said plurality of Nb3Al superconductive filaments.",ai_generated
US-6361783-B2,Compositions containing stabilized ascorbic acid and related methods,"1. A composition comprising:
ascorbic acid or a pharmaceutically acceptable salt or ester thereof;
at least one stabilizing agent for the ascorbic acid or pharmaceutically acceptable salt or ester thereof, wherein the at least one stabilizing agent is present in an amount effective to reduce degradation of the ascorbic acid or pharmaceutically acceptable salt or ester thereof;
and a cosmetically, pharmaceutically, or nutraceutically acceptable carrier.",ai_generated
US-8402527-B2,Identity broker configured to authenticate users to host services,"An identity broker system, comprising:
a processor configured to:
receive an authentication request from a user seeking access to a host service;
direct the user to an identity provider external to the identity broker system for authentication;
receive an authentication assertion from the identity provider, the authentication assertion indicating successful authentication of the user by the identity provider;
validate the received authentication assertion; and
transmit an authorization signal to the host service, based on the validated authentication assertion, to grant the user access to the host service.",ai_generated
US-6421408-B1,Counter logic for multiple memory configuration,"A system comprising:
a memory subsystem comprising a plurality of distinct memory configurations, each said distinct memory configuration defining a unique set of operational parameters for memory access; and
counter logic coupled to said memory subsystem, said counter logic configured to generate a count value based on a predetermined sequence;
wherein said counter logic is further configured to utilize said count value to identify and enable a particular one of said plurality of distinct memory configurations to be active for subsequent data access operations.",ai_generated
US-8629535-B2,Mask for forming integrated circuit,"1. A mask for forming an integrated circuit, comprising:
    a transparent substrate;
    and an opaque pattern layer disposed on the transparent substrate,
    wherein the opaque pattern layer defines a circuit layout of the integrated circuit.",ai_generated
US-9401409-B2,High density MOSFET array with self-aligned contacts enhancement plug and method,"1.  A high density MOSFET array, comprising:
    a semiconductor substrate;
    a plurality of MOSFETs formed on the semiconductor substrate, each MOSFET comprising a channel region, a gate dielectric over the channel region, a gate electrode over the gate dielectric, and source/drain regions formed in the semiconductor substrate flanking the gate electrode;
    gate sidewall spacers positioned adjacent to lateral sides of the gate electrode;
    an interlevel dielectric layer formed over the plurality of MOSFETs;
    a plurality of self-aligned contacts formed through the interlevel dielectric layer, each of the plurality of self-aligned contacts being electrically coupled to at least one of the source regions or the drain regions of the plurality of MOSFETs, wherein each self-aligned contact is laterally defined by the gate sidewall spacers such that the self-aligned contact is electrically isolated from the gate electrode;
    wherein each of the plurality of self-aligned contacts further comprises a conductive enhancement plug configured to reduce contact resistance to the at least one of the source regions or the drain regions.",ai_generated
US-9726396-B2,Universal line components duct elbow,"A universal line components duct elbow, comprising:
an elbow body defining an interior fluid pathway, said elbow body having a first end and a second end, said first end and said second end each presenting an opening into said fluid pathway, said elbow body configured to alter a direction of fluid flow between said first end and said second end;
a first coupling mechanism disposed at said first end, said first coupling mechanism structurally configured to interchangeably connect with a plurality of different types of external line components; and
a second coupling mechanism disposed at said second end, said second coupling mechanism structurally configured to interchangeably connect with a plurality of different types of external line components.",ai_generated
US-6454046-B1,Synchronous dustproof cover structure for sound membrane,"A synchronous dustproof cover structure for a sound membrane, comprising:
a housing configured to retain components of the structure;
a sound membrane movably disposed within said housing, said sound membrane configured to vibrate to produce or receive sound waves;
a dustproof cover movably disposed relative to said sound membrane and within said housing, said dustproof cover configured to substantially enclose said sound membrane when in a closed position to prevent ingress of dust; and
a drive mechanism mechanically linking said sound membrane and said dustproof cover, wherein said drive mechanism is configured to move said dustproof cover in substantial synchronicity with reciprocal movement of said sound membrane, such that said dustproof cover maintains a predetermined relative position or distance with respect to said sound membrane during operation to allow sound propagation while maintaining dust protection.",ai_generated
US-9192977-B2,Method and apparatus for providing metal container with lining,"A method for providing a metal container with a lining, the method comprising:
providing a metal container having an interior surface;
treating the interior surface of the metal container to enhance adhesion of a lining material thereto;
applying a polymeric lining material to the treated interior surface of the metal container; and
curing the applied polymeric lining material to form a substantially continuous and adherent lining on the interior surface of the metal container.",ai_generated
US-6573682-B1,Fuel cell system multiple stage voltage control method and apparatus,"A method for controlling an output voltage of a fuel cell system, the method comprising:
monitoring at least one operational parameter of the fuel cell system;
determining a current operating state of the fuel cell system based on the at least one operational parameter, wherein the current operating state is associated with one of a plurality of predefined operating modes;
selecting a specific voltage control stage from a plurality of distinct voltage control stages, each stage having a unique set of control parameters and a specific control algorithm, in response to the determined current operating state;
generating a control signal based on the selected specific voltage control stage and the at least one operational parameter;
applying the control signal to a power converter coupled to a fuel cell stack of the fuel cell system;
thereby regulating the output voltage of the fuel cell system according to the selected specific voltage control stage.",ai_generated
US-7430731-B2,Method for electrochemically fabricating three-dimensional structures including pseudo-rasterization of data,"A method for electrochemically fabricating a three-dimensional structure, the method comprising:
obtaining a digital three-dimensional model of the three-dimensional structure;
generating pseudo-rasterized data from said digital three-dimensional model, said pseudo-rasterized data comprising a series of electrochemical fabrication instructions;
providing a substrate in an electrolytic solution; and
applying an electrical potential between said substrate and at least one counter electrode to selectively deposit or remove material from said substrate according to said series of electrochemical fabrication instructions to form the three-dimensional structure.",ai_generated
US-8002620-B2,Gaming device providing an award based on a count of outcomes which meets a condition,"A gaming device, comprising:
a processor configured to execute game play to generate a plurality of outcomes;
the processor further configured to identify, from the plurality of outcomes, a subset of outcomes that meet a predetermined condition;
the processor further configured to determine a count of the identified subset of outcomes;
the processor further configured to compare the determined count to a predetermined award criterion;
and an output device coupled to the processor, the output device configured to provide an award when the determined count satisfies the predetermined award criterion.",ai_generated
US-9801442-B2,Pouch and portable electronic device received therein,"1. A combination comprising:
a pouch having an enclosure structure defining an interior cavity, said enclosure structure including at least one opening configured to allow insertion and removal of an object; and
a portable electronic device having an outer dimension corresponding to the interior cavity of the pouch, said portable electronic device being positioned within the interior cavity such that the pouch at least partially surrounds the portable electronic device.",ai_generated
US-8658979-B2,Nuclear image reconstruction,"A method for reconstructing a nuclear image, the method comprising:
obtaining raw nuclear imaging data representative of radioactive emissions from an object of interest;
correcting the raw nuclear imaging data for at least one of attenuation, scatter, or detector response non-uniformity;
iteratively reconstructing an image volume based on the corrected nuclear imaging data, wherein the iterative reconstruction comprises applying a statistical model to update image pixel values across multiple iterations until a convergence criterion is met; and
generating a reconstructed nuclear image volume suitable for display or analysis.",ai_generated
US-6445186-B1,MRI apparatus,"1. An MRI apparatus, comprising:
a main magnet configured to generate a static magnetic field within an examination region;
a gradient coil system configured to generate spatially varying magnetic fields within the examination region;
a radiofrequency (RF) coil system configured to transmit radiofrequency pulses into the examination region and to receive magnetic resonance signals from the examination region; and
a control system communicatively coupled to the main magnet, the gradient coil system, and the RF coil system, the control system configured to control generation of the static magnetic field, generation of the spatially varying magnetic fields, and transmission and reception of the radiofrequency pulses and magnetic resonance signals.",ai_generated
US-9586857-B2,Controlling fragmentation of chemically strengthened glass,"1. A method for controlling fragmentation of chemically strengthened glass, the method comprising:
    providing a glass substrate;
    chemically strengthening the glass substrate by an ion exchange process to form a compressive stress layer at a surface thereof; and
    modifying at least one of a characteristic of the chemically strengthened glass article or a parameter of the ion exchange process;
    wherein said modifying controls at least one fragmentation characteristic of the chemically strengthened glass article upon breakage.",ai_generated
US-8252668-B2,Photoelectric conversion device fabrication method,"A method for fabricating a photoelectric conversion device, comprising:
providing a substrate;
forming a first electrode layer on the substrate;
forming a photoactive layer on the first electrode layer, the photoactive layer being configured to absorb incident light and generate charge carriers;
forming a second electrode layer on the photoactive layer, wherein the photoactive layer is disposed between the first electrode layer and the second electrode layer; and
patterning at least one of the first electrode layer, the photoactive layer, or the second electrode layer to define an active area of the photoelectric conversion device.",ai_generated
US-9491682-B2,"Wireless routing device, mobile terminal, and management system and method","A system, comprising:
    a wireless routing device configured to establish a wireless network and provide network access;
    at least one mobile terminal configured to wirelessly connect to the wireless network provided by the wireless routing device; and
    a management system, communicatively coupled to at least one of the wireless routing device or the at least one mobile terminal, configured to manage at least one of network access, data transmission, or operational parameters of the at least one mobile terminal through the wireless routing device.",ai_generated
US-7796363-B2,"PZT element, head gimbal assembly, and disk drive unit with same","Here is a patent claim 1, following standard formatting, for the invention title: 'PZT element, head gimbal assembly, and disk drive unit with same'.

1.  A disk drive unit comprising:
    a housing;
    at least one magnetic disk rotatably mounted within the housing;
    a spindle motor configured to rotate the at least one magnetic disk;
    an actuator arm pivotally mounted within the housing;
    a head gimbal assembly (HGA) coupled to the actuator arm, the HGA comprising:
        a suspension having a load beam and a flexure;
        a slider operatively coupled to the flexure, the slider comprising a read/write head configured to read data from and write data to the at least one magnetic disk; and
        a PZT element mounted on the suspension;
    wherein the PZT element is configured to provide fine positioning adjustment of the slider relative to the at least one magnetic disk.",ai_generated
US-8109163-B2,Actuator,"An actuator comprising:
a housing;
an input interface configured to receive a control signal;
an energy conversion mechanism disposed within the housing and operably coupled to the input interface, the energy conversion mechanism configured to convert received energy into mechanical work in response to the control signal; and
an output member mechanically coupled to the energy conversion mechanism and extending from the housing, the output member configured to transmit the mechanical work to an external system.",ai_generated
US-6485858-B1,Graphite nanofiber catalyst systems for use in fuel cell electrodes,"A catalyst system for a fuel cell electrode, the system comprising:
a plurality of graphite nanofibers;
a catalytic material selected from the group consisting of platinum group metals, non-platinum group metals, and combinations thereof, wherein the catalytic material is dispersed on surfaces of the plurality of graphite nanofibers;
an electrical conductivity sufficient for use in a fuel cell electrode; and
wherein the graphite nanofibers provide structural support for the dispersed catalytic material.",ai_generated
US-6303767-B1,Nucleic acids encoding narbonolide polyketide synthase enzymes from streptomyces narbonensis,1. An isolated nucleic acid molecule comprising a nucleotide sequence encoding a narbonolide polyketide synthase enzyme; wherein said narbonolide polyketide synthase enzyme is derived from *Streptomyces narbonensis*.,ai_generated
US-7061845-B2,Write clock generating circuit and optical disk apparatus,"An optical disk apparatus, comprising:
an optical disk configured to record data;
a write head configured to write data to the optical disk based on a write clock signal; and
a write clock generating circuit configured to generate the write clock signal, wherein the write clock generating circuit comprises:
a reference clock generator configured to generate a reference clock signal;
a frequency adjustment unit configured to dynamically adjust a frequency of the write clock signal based on a current operational parameter of the optical disk apparatus; and
an output unit configured to output the dynamically adjusted write clock signal to the write head for controlling data writing operations.",ai_generated
US-9839815-B2,Golf ball,"A golf ball, comprising:
a central core comprising a first thermoset polymeric material having a first Shore D hardness in the range of 30 to 50;
an intermediate layer surrounding the central core, the intermediate layer comprising a second polymeric material having a second Shore D hardness in the range of 55 to 70;
an outer cover layer encapsulating the intermediate layer, the outer cover layer comprising a thermoplastic urethane material having a thickness between 0.015 inches and 0.035 inches and a third Shore D hardness in the range of 60 to 75; and
a plurality of dimples formed on an outer surface of the outer cover layer, the plurality of dimples including at least two different dimple shapes and having a total dimple volume that results in an aerodynamic lift coefficient within a range of 0.25 to 0.35 at a clubhead speed of 90 mph.",ai_generated
US-9352983-B2,Antimicrobial application system with recycle and capture,"An antimicrobial application system, comprising:
an antimicrobial agent supply reservoir configured to hold an antimicrobial agent;
an applicator fluidly connected to the antimicrobial agent supply reservoir, the applicator configured to dispense the antimicrobial agent onto a target surface;
a collection basin positioned to receive excess antimicrobial agent from the target surface after application;
a filtration unit fluidly connected to the collection basin, the filtration unit configured to remove contaminants from the excess antimicrobial agent; and
a pump configured to transfer the filtered antimicrobial agent from the filtration unit back to the antimicrobial agent supply reservoir for re-application.",ai_generated
US-9415285-B1,Breakaway basketball rim assembly,"1. An apparatus comprising:
   a mounting plate configured to be secured to a basketball backboard;
   a basketball rim;
   a pivot mechanism configured to rotatably couple the basketball rim to the mounting plate, thereby allowing the basketball rim to pivot downwards from a horizontal playing position;
   a biasing mechanism configured to exert an upward force on the basketball rim to return the basketball rim to the horizontal playing position after pivoting downward; and
   a stop mechanism configured to prevent the basketball rim from pivoting upward beyond the horizontal playing position.",ai_generated
US-6883423-B2,Assembly and method for customized application of index tabs to indexing material,"1. An assembly for customized application of index tabs to indexing material, the assembly comprising:
a tab supply mechanism configured to provide a plurality of index tabs;
a material support mechanism configured to receive and position indexing material;
a tab application mechanism configured to retrieve an index tab from the tab supply mechanism and to affix the index tab to the indexing material; and
a control system communicatively coupled to the tab application mechanism and the material support mechanism, the control system configured to receive user input indicative of a desired customization for tab placement on the indexing material and to control the tab application mechanism and the material support mechanism to apply index tabs to the indexing material according to the desired customization.",ai_generated
US-6341030-B1,Light beam optical scanner and image forming apparatus,"1. An image forming apparatus, comprising:
    a light source configured to emit a light beam;
    an optical scanning unit configured to receive the light beam and to deflect the light beam across a scanning region, thereby forming a modulated light beam;
    a photosensitive member positioned to receive the modulated light beam and form an electrostatic latent image thereon;
    a developing unit configured to apply toner to the electrostatic latent image on the photosensitive member to form a toner image;
    a transfer unit configured to transfer the toner image from the photosensitive member to a recording medium; and
    a fusing unit configured to fix the toner image to the recording medium.",ai_generated
US-7772051-B2,MOS devices with corner spacers,"An MOS device, comprising:
a semiconductor substrate having a channel region;
a gate stack disposed over the channel region, the gate stack comprising a gate dielectric layer over the semiconductor substrate and a gate electrode over the gate dielectric layer;
source and drain regions formed in the semiconductor substrate adjacent to the gate stack; and
a pair of dielectric corner spacers, each corner spacer disposed at a respective bottom corner of the gate electrode, wherein each dielectric corner spacer is positioned between the gate dielectric layer and a lower portion of a sidewall of the gate electrode, and wherein each dielectric corner spacer has a material composition different from the gate dielectric layer.",ai_generated
US-8270013-B2,"Printing system, printing method, and computer program product","A printing system, comprising:
a processing unit configured to receive print job data, the print job data including content for printing and associated print parameters;
the processing unit further configured to analyze the print job data and context information associated with a print request, wherein the context information comprises at least one of user preferences, available printer resources, and network conditions;
the processing unit further configured to generate a modified print instruction set based on the analysis of the print job data and the context information, the modified print instruction set optimizing printing performance or output quality; and
a printing device communicatively coupled to the processing unit, the printing device configured to receive the modified print instruction set and execute the modified print instruction set to produce a physical printout.",ai_generated
US-8433782-B2,Simplifying determination of dependencies among SOA services,"A method for simplifying determination of dependencies among Service-Oriented Architecture (SOA) services, the method comprising:
obtaining service metadata associated with a plurality of SOA services, said service metadata defining interfaces and capabilities of said services;
obtaining runtime interaction data indicative of actual communication between said plurality of SOA services;
analyzing said service metadata and said runtime interaction data to identify inter-service invocations, data flows, and resource bindings between said SOA services;
generating a dependency model based on said identified inter-service invocations, data flows, and resource bindings, wherein said dependency model represents direct and indirect dependencies among said plurality of SOA services; and
presenting said dependency model in a visual or report format to facilitate understanding and management of said SOA services.",ai_generated
US-6419587-B1,Reversible slide/climber playground equipment,"A reversible playground equipment comprising:
a main body having a first major surface configured as a slide and a second major surface opposite said first major surface configured with a plurality of climbing features;
a support frame configured to elevate and support said main body; and
a reversal mechanism coupled between said main body and said support frame, said reversal mechanism configured to selectively orient said main body in a first position for use as a slide or in a second position for use as a climber, wherein in said first position said first major surface is presented for sliding, and in said second position said second major surface is presented for climbing.",ai_generated
US-6651747-B2,Downhole anchoring tools conveyed by non-rigid carriers,"I claim:

1.  A downhole system for anchoring within a wellbore, the system comprising:
    a downhole anchoring tool including a tool body, an anchoring mechanism disposed on the tool body and configured to selectively engage a wellbore wall, and a setting mechanism configured to actuate the anchoring mechanism to move from a run-in position to a set position engaging the wellbore wall; and
    a non-rigid carrier operatively coupled to the downhole anchoring tool, wherein the non-rigid carrier is configured to convey the downhole anchoring tool into and out of the wellbore.",ai_generated
US-8595524-B2,Communication device with a power supply restart control unit controlling restarting supply of power to a main processing unit,1. A communication device comprising a main processing unit; and a power supply restart control unit configured to control a restart of power supply to the main processing unit.,ai_generated
US-8839571-B1,Break-away screw ground anchor,"What is claimed is:
1. A break-away screw ground anchor comprising:
    a shaft having a lower portion and an upper portion;
    a helical blade coupled to said lower portion of said shaft, said helical blade configured to engage soil for anchoring said ground anchor therein;
    an attachment member coupled to said upper portion of said shaft, said attachment member configured for receiving an external load; and
    a frangible section integrally formed with or coupled between said lower portion and said upper portion of said shaft, said frangible section being configured to fracture upon application of a predetermined force to said attachment member, thereby detaching said upper portion and said attachment member from said lower portion and said helical blade.",ai_generated
US-9554299-B2,Method and device for aperiodically reporting channel state information in wireless connection system,"A method for aperiodically reporting channel state information (CSI) in a wireless communication system, the method comprising:
receiving, by a user equipment (UE), an aperiodic channel state information (CSI) request from a network node;
measuring, by the UE, channel conditions of a downlink channel based on a reference signal;
generating, by the UE, channel state information (CSI) based on the measured channel conditions;
transmitting, by the UE, an aperiodic CSI report comprising the generated CSI to the network node via an uplink channel, wherein said transmitting occurs in response to the received aperiodic CSI request and not according to a predetermined periodic schedule.",ai_generated
US-6946792-B2,Photomultiplier,"A photomultiplier comprising:
a vacuum enclosure;
a photocathode disposed within the vacuum enclosure, the photocathode configured to emit electrons upon incidence of light;
a plurality of dynodes disposed within the vacuum enclosure and arranged in a cascade, the dynodes configured to multiply electrons through secondary emission; and
an anode disposed within the vacuum enclosure, the anode configured to collect the multiplied electrons to generate an electrical output signal.",ai_generated
US-8205670-B2,Metal annulus seal,"What is claimed is:
1. A metal annulus seal, comprising:
    an annular body formed of a resilient metallic material;
    said annular body having an inner circumferential surface and an outer circumferential surface defining a continuous ring;
    said annular body further having a cross-sectional profile configured to elastically deform when compressed between opposing components;
    wherein said elastic deformation creates a fluid-tight barrier between said opposing components.",ai_generated
US-6263516-B1,Toilet cover assembly,"A toilet cover assembly comprising:
a toilet cover having a periphery sized to substantially cover an opening of a toilet bowl;
a hinge mechanism pivotally coupled to the toilet cover, said hinge mechanism configured to permit the toilet cover to articulate between an open position and a closed position; and
a mounting base integrated with the hinge mechanism, said mounting base adapted to be secured to a toilet fixture.",ai_generated
US-7628473-B2,"Liquid ejection apparatus, liquid ejection method and image forming apparatus","1. A liquid ejection apparatus for forming an image, comprising:
a liquid storage portion configured to retain a liquid; and
a liquid ejection portion configured to eject the liquid retained in the liquid storage portion onto a medium to form the image.",ai_generated
US-6270227-B1,Remote-controlled mirror apparatus for vehicles,"A remote-controlled mirror apparatus for a vehicle, comprising:
a mirror element configured to provide a reflective surface;
a housing configured to substantially enclose the mirror element;
a mounting structure configured to attach the housing to a vehicle body;
at least one actuator operably coupled to the mirror element and configured to selectively articulate the mirror element relative to the housing in response to a control command;
a receiver configured to wirelessly receive remote control signals;
a control unit operably coupled to the receiver and the at least one actuator, the control unit configured to process the received remote control signals and generate the control commands for the at least one actuator based on the processed signals;
and a remote control device configured to wirelessly transmit the remote control signals to the receiver.",ai_generated
US-7914232-B2,Method for reclaiming lands polluted by hexavalent chromium,A method for reclaiming lands polluted by hexavalent chromium; the method comprising identifying a parcel of land contaminated with hexavalent chromium; introducing a reducing agent to said contaminated land; wherein said reducing agent reacts with and reduces said hexavalent chromium to trivalent chromium; thereby transforming said hexavalent chromium into a less mobile and less toxic form within said land and reclaiming said land.,ai_generated
US-9886693-B2,Privacy protected anti identity theft and payment network,"A privacy-protected, anti-identity theft payment network comprising:

a plurality of user devices configured to initiate payment transactions and to securely store user credentials;

a plurality of merchant terminals configured to receive payment requests and to submit transaction data;

a payment processing system in communication with the plurality of user devices and the plurality of merchant terminals, said payment processing system configured to facilitate payment transactions;

a tokenization module integrated within the payment processing system, said tokenization module configured to generate unique, non-sensitive tokens for sensitive user payment information, wherein said tokens are used for transaction processing in lieu of actual sensitive payment information;

a privacy-preserving authentication module integrated within the payment processing system, said privacy-preserving authentication module configured to verify user and merchant identities without exposing full personal identifiable information (PII) during transaction authorization;

a data encryption module configured to encrypt all sensitive data at rest and in transit across the network;

a fraud detection engine configured to analyze transaction patterns and user behavior to identify and flag suspicious activities indicative of identity theft; and

a secure communication module configured to establish encrypted communication channels between the plurality of user devices, the plurality of merchant terminals, and the payment processing system.",ai_generated
US-9556961-B2,Control valve,"1. A control valve comprising:
    a valve body defining an internal fluid flow path having an inlet and an outlet;
    a valve seat disposed within the valve body;
    a valve closure member movably disposed within the valve body and configured to selectively engage the valve seat to regulate fluid flow through the fluid flow path; and
    an actuator operatively coupled to the valve closure member, the actuator configured to move the valve closure member relative to the valve seat to vary the fluid flow.",ai_generated
US-7856803-B2,Connection of steel cord ends,"1.  A method for connecting steel cord ends, comprising:
    providing a first steel cord having a first end and a second steel cord having a second end;
    preparing said first end and said second end to expose individual load-bearing elements thereof;
    interfacing said exposed individual load-bearing elements of said first end with said exposed individual load-bearing elements of said second end within a connection zone;
    mechanically coupling said individual load-bearing elements within said connection zone to form a permanent bond between said first steel cord and said second steel cord;
    wherein said permanent bond imparts a tensile strength to the connected steel cords that is at least 80% of an un-connected portion of at least one of said first and second steel cords.",ai_generated
US-9766907-B2,Generic physical location codes for virtual system and partition cloning,"A system for generating unique hardware identifiers for cloned virtual computing environments, the system comprising:
one or more processors;
memory coupled to the one or more processors;
storage coupled to the one or more processors and configured to store virtual machine configuration data and associated virtual machine images;
a generic physical location code generation module configured to generate generic physical location codes based on specific physical identifiers of a source virtual computing environment, wherein the specific physical identifiers comprise hardware addresses or unique identifiers associated with physical hardware components underlying the source virtual computing environment;
a configuration management module configured to associate the generated generic physical location codes with corresponding virtual components within a virtual machine configuration, wherein each generic physical location code provides an abstract representation of a physical resource's location or type without revealing its specific unique identifier;
an identifier assignment module configured to, during a cloning operation of the virtual computing environment, retrieve the associated generic physical location codes from the virtual machine configuration and, based on the retrieved generic physical location codes, generate and assign new, unique specific physical identifiers to virtual components of a cloned virtual computing environment, wherein the new, unique specific physical identifiers replace corresponding specific physical identifiers from the source virtual computing environment to prevent identifier conflicts within a network or virtualized infrastructure.",ai_generated
US-7575129-B2,Vial supply apparatus,"An apparatus for supplying vials, the apparatus comprising:
a reservoir configured to store a plurality of vials in bulk;
a singulation mechanism coupled to the reservoir and configured to separate individual vials from the plurality of vials;
a transport mechanism coupled to the singulation mechanism and configured to move the separated individual vials along a predetermined path;
and a discharge station positioned along the predetermined path and configured to present the individual vials for subsequent processing.",ai_generated
US-6983280-B2,Automated processing of appropriateness determination of content for search listings in wide area network searches,"A method comprised of:
receiving a search query from a user device over a wide area network;
identifying a plurality of content items associated with said search query;
automatically processing each of said plurality of content items to determine an appropriateness score for inclusion in a search listing;
wherein said automatically processing comprises evaluating a set of content characteristics of each content item against a predefined set of appropriateness criteria;
generating a search listing comprising a subset of said plurality of content items, said subset being selected based at least in part on their determined appropriateness scores; and
transmitting the generated search listing to the user device.",ai_generated
US-6585074-B2,Vehicle steering system,"1.  A vehicle steering system, comprising:
    a steering input device configured to receive a steering command from an operator;
    a steering mechanism coupled to the steering input device, the steering mechanism configured to convert the steering command into a steerable output; and
    at least one steerable wheel assembly coupled to the steering mechanism, the at least one steerable wheel assembly configured to change a direction of at least one wheel of a vehicle in response to the steerable output.",ai_generated
US-9633288-B2,Image forming apparatus,"An image forming apparatus comprising:
an input interface configured to receive electronic image data;
a processing unit coupled to said input interface, said processing unit configured to process the received electronic image data to generate image forming control signals;
an image forming unit coupled to said processing unit, said image forming unit configured to form a visible image on a recording medium based on the image forming control signals; and
a media transport unit configured to supply the recording medium to said image forming unit and to discharge the recording medium from said image forming unit.",ai_generated
US-9757569-B2,Sensing window management of multipoint pacing,"A cardiac pacing system, comprising:
a plurality of electrodes configured to deliver pacing pulses to at least two distinct cardiac locations;
a pulse generator coupled to the plurality of electrodes and configured to generate multipoint pacing pulses for delivery via the plurality of electrodes;
a sensing circuit coupled to at least one of the plurality of electrodes and configured to sense intrinsic cardiac activity; and
a control unit coupled to the pulse generator and the sensing circuit, the control unit configured to:
    control delivery of multipoint pacing pulses to the at least two distinct cardiac locations;
    define at least one sensing window for sensing intrinsic cardiac activity; and
    dynamically adjust a characteristic of the at least one sensing window in response to delivery of the multipoint pacing pulses, wherein the adjustment is configured to prevent sensing of artifacts associated with the multipoint pacing pulses while enabling detection of subsequent intrinsic cardiac activity.",ai_generated
US-6342851-B1,Method and arrangement for duty cycle enlargement,"A method for enlarging a duty cycle, comprising:
receiving an input signal having an original pulse width and an original duty cycle;
generating a delayed signal by delaying at least one edge of said input signal by a predetermined delay time;
performing a logical OR operation between said input signal and said delayed signal to produce an output signal, wherein said output signal has an enlarged pulse width greater than said original pulse width, thereby yielding an enlarged duty cycle greater than said original duty cycle.",ai_generated
US-6671957-B2,Method of the manufacture of cooling devices,"A method of manufacturing a cooling device, comprising:
providing a heat exchange element having a plurality of fluid channels;
enclosing the heat exchange element within a housing;
connecting at least one inlet conduit and at least one outlet conduit to the fluid channels of the heat exchange element;
introducing a cooling fluid into the fluid channels through the inlet conduit; and
integrating at least one active cooling component configured to facilitate heat transfer of the cooling fluid.",ai_generated
US-9749935-B2,Methods and apparatus for cell scanning in system with large number of antennas,"Here is a patent claim 1, written as a method claim, based on the provided title:

A method for cell scanning in a wireless communication system comprising a large number of antennas, the method comprising:
receiving, via the large number of antennas, a plurality of wireless communication signals;
generating a plurality of receive beams using the large number of antennas, wherein the plurality of receive beams collectively covers a spatial area of interest;
processing signals associated with the plurality of receive beams to detect one or more reference signals transmitted by one or more candidate cells;
identifying, based on the detected one or more reference signals, at least one cell associated with the one or more candidate cells and at least one cell parameter for the identified cell.",ai_generated
US-6862530-B2,System and method for visualizing multi-scale data alongside a 3D trajectory,"A system for visualizing multi-scale data alongside a 3D trajectory, comprising:
a memory storing multi-scale data and 3D trajectory data, wherein the multi-scale data comprises information available at different levels of detail and the 3D trajectory data defines a path in three-dimensional space;
at least one processor coupled to the memory and configured to:
  access the multi-scale data and the 3D trajectory data;
  determine a level of detail for at least a portion of the multi-scale data to be visualized;
  spatially correlate the determined-level-of-detail multi-scale data with at least a corresponding segment of the 3D trajectory data; and
  generate display commands for rendering the 3D trajectory data and the spatially correlated multi-scale data, such that the multi-scale data is presented in contextual relation to the corresponding segment of the 3D trajectory; and
a display device coupled to the at least one processor and configured to render a visual representation based on the display commands.",ai_generated
US-8931850-B2,Seat back frame,"A seat back frame comprising:
a pair of substantially vertically extending side members;
a top cross member coupling upper ends of the pair of substantially vertically extending side members;
a bottom cross member coupling lower ends of the pair of substantially vertically extending side members;
wherein the pair of substantially vertically extending side members, the top cross member, and the bottom cross member collectively define a perimeter for supporting a backrest cushion; and
attachment means coupled to the bottom cross member for pivotally connecting the seat back frame to a seat base.",ai_generated
US-8661861-B2,Dual locking system for integrated zipper lock,"A dual locking system for an integrated zipper lock, comprising:
a zipper slider configured to operably traverse a pair of zipper stringers, said zipper slider having a zipper pull associated therewith;
a first locking mechanism, integrated with the zipper slider, said first locking mechanism comprising a first engaging element configured to selectively engage a stationary locking receptor when the zipper slider is in a closed position;
a second locking mechanism, integrated with the zipper slider and distinct from the first locking mechanism, said second locking mechanism comprising a second engaging element configured to selectively engage the stationary locking receptor or a different stationary retention element, or configured to selectively secure the zipper pull, when the zipper slider is in the closed position;
wherein disengagement of both the first locking mechanism and the second locking mechanism is required to permit operational movement of the zipper slider from the closed position.",ai_generated
US-6886045-B1,Subscription-based priority interactive help services on the internet,"A system for providing subscription-based priority interactive help services, comprising:
a server comprising at least one processor and at least one memory storing computer-readable instructions;
a plurality of client devices communicatively coupled to the server over a network;
a plurality of helper devices communicatively coupled to the server over the network;
the memory storing instructions that, when executed by the at least one processor, configure the server to:
    receive subscription requests from the plurality of client devices;
    process payment information associated with each subscription request;
    assign a distinct priority level to each subscribed user based on an associated subscription tier;
    receive help requests from the plurality of client devices;
    determine a service priority for each received help request based on the distinct priority level of the requesting subscribed user;
    route each help request to an available helper device among the plurality of helper devices according to the determined service priority, wherein routing according to the determined service priority provides preferential access to help services for higher priority levels; and
    facilitate real-time, interactive communication between the requesting subscribed user and a helper operating the assigned helper device.",ai_generated
US-6526214-B2,DVD sub-picture decoder with minimal buffering,"An apparatus for decoding DVD sub-picture data with minimal buffering, comprising:
a receiver module configured to receive encoded DVD sub-picture data from a data stream;
a decoding module coupled to the receiver module, configured to:
decode the received encoded DVD sub-picture data into corresponding pixel data; and
render the pixel data to an output buffer on a scan-line by scan-line basis,
wherein the decoding module is configured to process the encoded DVD sub-picture data and render the corresponding pixel data substantially without storing a complete decoded sub-picture frame prior to rendering the pixel data to the output buffer;
an output interface coupled to the decoding module, configured to transmit the pixel data from the output buffer for display; and
a control module configured to synchronize the rendering of the pixel data by the decoding module and the transmission of the pixel data from the output interface with an associated video display timing signal.",ai_generated
US-7217961-B2,Solid-state image pickup device and method for producing the same,"What is claimed is:

1.  A solid-state image pickup device, comprising:
    a semiconductor substrate;
    a plurality of photosensitive elements formed on the semiconductor substrate, each photosensitive element configured to generate an electrical signal in response to incident light;
    readout circuitry integrated with the semiconductor substrate and electrically coupled to the plurality of photosensitive elements, the readout circuitry configured to process and output the electrical signals from the photosensitive elements; and
    an optical system disposed over the plurality of photosensitive elements, the optical system configured to direct light to the plurality of photosensitive elements;
    wherein the device is configured to capture an image.",ai_generated
US-7225819-B2,Apparatus process and method for mounting and treating a substrate,"An apparatus for mounting and treating a substrate, comprising:
a substrate mounting assembly configured to receive and securely position a substrate in a predetermined orientation;
a treatment station positioned relative to the substrate mounting assembly, said treatment station comprising a treatment applicator configured to deliver a specific treatment to the substrate while the substrate is secured by the substrate mounting assembly; and
a control system operatively coupled to the substrate mounting assembly and the treatment station, said control system configured to coordinate the operation of the substrate mounting assembly to position the substrate and the treatment station to apply the treatment to the substrate.",ai_generated
US-8039955-B2,Mold lock on heat spreader,"1. A heat spreader comprising:
   a body having a first surface configured to contact a heat source and a second surface opposite the first surface; and
   at least one mold lock feature formed integrally with the body, the mold lock feature comprising a contoured surface geometry configured to mechanically interlock with a molded material applied to the body for retention of the molded material thereon.",ai_generated
US-6975606-B2,Method and apparatus for removing a base transceiver station from a wireless communication system,"A method for removing a base transceiver station from a wireless communication system, the method comprising:
    receiving a request to remove a base transceiver station (BTS) from the wireless communication system;
    initiating an offload procedure for user equipment (UE) currently served by the BTS, wherein the offload procedure comprises instructing the UE to transition its connection to one or more other BTSs within the wireless communication system;
    transmitting a deactivation command to the BTS, wherein the deactivation command instructs the BTS to cease transmitting and receiving wireless signals and to sever its logical connection with a core network of the wireless communication system;
    receiving a deactivation confirmation from the BTS;
    updating a network topology database to indicate the BTS as removed or inactive; and
    enabling physical disconnection of the BTS from the wireless communication system subsequent to receiving the deactivation confirmation.",ai_generated
US-6490861-B2,Hydraulic steering system,"What is claimed is:
1.  A hydraulic steering system for a vehicle, comprising:
    a steering input device configured to generate a steering command;
    a hydraulic pump configured to generate pressurized hydraulic fluid;
    a fluid reservoir configured to store hydraulic fluid for the hydraulic pump;
    a control valve fluidly coupled to the hydraulic pump and the fluid reservoir, the control valve configured to receive the steering command and, in response, direct the pressurized hydraulic fluid;
    a hydraulic actuator fluidly coupled to the control valve, the hydraulic actuator configured to receive the directed pressurized hydraulic fluid and, in response, generate a steering force; and
    a steering linkage mechanically coupled to the hydraulic actuator, the steering linkage configured to transmit the steering force to a steerable wheel of the vehicle.",ai_generated
US-8176019-B2,Extending the sparcle privacy policy workbench methods to other policy domains,"A computer-implemented method for extending a policy analysis workbench originally designed for privacy policies to operate across diverse policy domains, comprising:
receiving, by one or more processors, a plurality of policy documents associated with a specific, non-privacy policy domain;
parsing said received policy documents to extract policy statements, obligations, and constraints;
dynamically generating a domain-specific policy model and an associated ontology based on the extracted policy statements, obligations, and constraints, wherein said policy model is adapted for the specific non-privacy policy domain, said generation utilizing a framework derived from a sparcle privacy policy workbench architecture;
applying a set of sparcle-derived analytical techniques to said domain-specific policy model to identify one or more of compliance issues, conflicts between policy statements, redundancies, or gaps within said policy documents specific to the non-privacy policy domain;
generating, based on said identified issues, conflicts, redundancies, or gaps, policy insights pertinent to the specific non-privacy policy domain;
and presenting said policy insights via a user interface of the policy analysis workbench.",ai_generated
US-9730974-B2,"Combinations of extracts of Serenoa repens and lipophilic extracts of Zingiber officinalis and Echinacea angustifolia, the use thereof, and formulations containing them","A composition comprising:
an extract of *Serenoa repens*;
a lipophilic extract of *Zingiber officinalis*;
a lipophilic extract of *Echinacea angustifolia*; and
a pharmaceutically acceptable carrier.",ai_generated
US-6831406-B1,Electroluminescent device having a very thin emission layer,"An electroluminescent device comprising:
a substrate;
an anode disposed on the substrate;
an emission layer comprising an electroluminescent material, said emission layer disposed over the anode and having a thickness of less than 10 nanometers; and
a cathode disposed over the emission layer.",ai_generated
US-8502905-B2,Solid-state imaging device,"A solid-state imaging device comprising:
a semiconductor substrate;
a pixel array disposed on said semiconductor substrate, said pixel array including a plurality of pixels arranged in rows and columns;
each said pixel comprising a photosensitive element configured to generate an electrical charge in response to incident light;
a charge transfer mechanism associated with each said photosensitive element, configured to transfer said electrical charge;
a charge sensing node associated with each said pixel, configured to convert said electrical charge into a voltage signal;
and readout circuitry coupled to said pixel array, said readout circuitry configured to receive and process said voltage signals from said plurality of pixels to generate image data.",ai_generated
US-8944978-B2,Ergonomic pull handle and associated exercise methods,"1. An ergonomic pull handle, comprising:
    a handle body defining a primary gripping surface;
    said primary gripping surface being ergonomically contoured to conform to a user's hand for improved grip comfort and reduced strain during a pulling exercise;
    a non-slip material disposed on said primary gripping surface; and
    a connector element coupled to the handle body, said connector element configured for selective attachment to a resistance source.",ai_generated
US-8795539-B2,Block copolymer and method of forming patterns by using the same,"1.  A method of forming a nanometer-scale pattern on a substrate, comprising:
    providing a substrate;
    depositing a block copolymer composition onto the substrate, wherein the block copolymer composition comprises a block copolymer having at least a first block and a second block that are chemically distinct and immiscible with each other; and
    treating the block copolymer composition to induce microphase separation of the first block and the second block, thereby forming an ordered pattern of repeating features on the substrate.",ai_generated
US-8572876-B2,Systems and methods for detecting use of an electronic control device,"A system for detecting use of an electronic control device, the system comprising:
a data acquisition module configured to acquire data associated with an operation of an electronic control device;
a processing module communicatively coupled to the data acquisition module, the processing module configured to analyze the acquired data to identify a usage event of the electronic control device;
wherein the processing module is further configured to determine at least one characteristic of the identified usage event; and
an output module communicatively coupled to the processing module, the output module configured to generate an indication of the identified usage event.",ai_generated
US-8186930-B2,Apparatus for moving a wheelchair into and out of a vehicle,"An apparatus for moving a wheelchair into and out of a vehicle, the apparatus comprising:
a vehicle mounting assembly configured to secure the apparatus to a vehicle;
a wheelchair engagement assembly configured to releasably secure a wheelchair;
a support structure mechanically coupled to the vehicle mounting assembly, the support structure configured to define a path of travel for the wheelchair engagement assembly;
a drive mechanism operably coupled to the wheelchair engagement assembly and the support structure, wherein the drive mechanism is configured to move the wheelchair engagement assembly along the path of travel between an external position outside the vehicle and an internal position inside the vehicle; and
a control unit operably coupled to the drive mechanism, the control unit configured to selectively actuate the drive mechanism to initiate and terminate movement of the wheelchair engagement assembly.",ai_generated
US-9715021-B2,Radiation imaging apparatus and radiation imaging system,"An apparatus for radiation imaging, comprising a radiation detector configured to receive radiation and convert said received radiation into an electrical signal; a signal processing unit communicatively coupled to the radiation detector, said signal processing unit configured to process the electrical signal from the radiation detector; and an image output unit communicatively coupled to the signal processing unit, said image output unit configured to generate image data based on the processed electrical signal.",ai_generated
US-7798497-B2,Tight package sensor seal,"A seal device for a package, comprising:
a monolithic seal body configured to be disposed between an interior of the package and an external environment;
said seal body comprising a first sealing surface configured to engage a mating surface of the package;
said seal body comprising a second sealing surface configured to circumferentially engage an exterior surface of a sensor;
wherein the first sealing surface and the second sealing surface are configured to establish a fluid-tight seal when the seal device is compressed between the package and the sensor.",ai_generated
US-8835196-B2,Method for producing transparent conductive film and method for manufacturing solar cell,"A method for producing a transparent conductive film, comprising:
providing a transparent substrate;
depositing a layer of a transparent conductive material precursor onto a surface of the transparent substrate using a vapor deposition process; and
treating the deposited layer to convert the transparent conductive material precursor into a transparent conductive film, wherein the transparent conductive film exhibits an average visible light transmittance of at least 80% in the visible spectrum and a sheet resistance of less than 200 ohms per square.",ai_generated
US-9274334-B2,"Dust removal system, image capture device and dust removal vibration method thereof","An image capture device, comprising:
an image sensor configured to capture an image;
a dust removal element positioned in an optical path of the image sensor;
a vibration mechanism mechanically coupled to the dust removal element, the vibration mechanism configured to vibrate the dust removal element; and
a control unit coupled to the vibration mechanism, the control unit configured to actuate the vibration mechanism to vibrate the dust removal element for removing dust therefrom.",ai_generated
US-9846529-B2,Method for processing information and electronic device,"Here is an example of patent claim 1 based on the provided title, using standard formatting:

A method for processing information, comprising:
receiving, by an electronic device, input data from at least one source;
processing the received input data based on a predetermined processing logic, to generate processed information; and
generating an output based on the processed information, wherein the output is configured to modify an operational state of the electronic device or an external system.",ai_generated
US-9663207-B2,Paddle apparatus for watercraft,"1. An apparatus, comprising:
    a handle portion configured for a user to grip;
    an elongated shaft having a first end and a second end, the first end coupled to the handle portion; and
    a blade portion coupled to the second end of the elongated shaft, the blade portion configured to engage with water for propelling a watercraft.",ai_generated
US-6714831-B2,Paint defect automated seek and repair assembly and method,"An assembly for automated seeking and repairing of paint defects on a painted workpiece, the assembly comprising:
an inspection unit configured to scan a surface of the painted workpiece and detect at least one paint defect thereon, the inspection unit comprising at least one optical sensor and a defect analysis module configured to identify a type, size, and location of the at least one paint defect;
a repair unit comprising at least one repair tool configured to perform a corrective action corresponding to the identified type, size, and location of the at least one paint defect;
a robotic manipulator system mechanically coupled to at least one of the inspection unit and the repair unit, the robotic manipulator system configured to precisely position the inspection unit for scanning and the repair unit for executing the corrective action;
a control unit communicatively coupled to the inspection unit, the repair unit, and the robotic manipulator system, the control unit comprising a processor and memory, the control unit configured to receive defect data from the inspection unit, generate a repair plan based on the defect data, and execute the repair plan by controlling the robotic manipulator system and the repair unit; and
a workpiece positioning system configured to present the painted workpiece to the inspection unit and the repair unit.",ai_generated
US-9035330-B2,Organic light-emitting display device and method of manufacturing the organic light emitting display device,"1. An organic light-emitting display device, comprising:
    a substrate;
    an anode layer disposed over the substrate;
    a hole injection layer disposed over the anode layer;
    a hole transport layer disposed over the hole injection layer;
    an emissive layer disposed over the hole transport layer;
    an electron transport layer disposed over the emissive layer;
    an electron injection layer disposed over the electron transport layer;
    a cathode layer disposed over the electron injection layer; and
    at least one encapsulation layer disposed over the cathode layer.",ai_generated
US-7680239-B2,Shift register and driving method thereof,"1. A shift register, comprising:
a plurality of serially connected stages, each stage comprising a data storage element and having a data input and a data output;
a main data input coupled to the data input of a first stage of the plurality of serially connected stages;
wherein the data output of each stage, except a last stage, is coupled to the data input of a subsequent stage;
a clock input configured to receive a primary clock signal;
a control signal generation circuit coupled to the clock input and configured to generate a plurality of distinct stage control signals based on the primary clock signal and at least one initial control input; and
wherein each stage of the plurality of serially connected stages is configured to update its data storage element with a data value from its data input and to transfer its stored data value to its data output in response to a corresponding one of the plurality of distinct stage control signals.",ai_generated
US-7433725-B2,Dual purpose multi-brand monopole antenna,"An antenna apparatus, comprising:
a monopole radiating element having a primary conductor extending from a feed point;
a ground plane electromagnetically coupled to said monopole radiating element;
a feed network coupled to said monopole radiating element and said ground plane;
wherein said monopole radiating element is structured to exhibit a plurality of distinct resonant frequencies, thereby enabling multi-band operation across a plurality of communication frequency bands; and
wherein said monopole radiating element is further structured to provide a first antenna function optimized for a first communication purpose and a second antenna function optimized for a second communication purpose, said second communication purpose distinct from said first communication purpose.",ai_generated
US-6313860-B1,Letter printing method using line thermal head,"1. A method for printing letters using a line thermal head, the method comprising:
receiving input data representing characters to be printed;
generating a plurality of print data rows, each print data row corresponding to a scan line of a character image;
providing a print medium adjacent to a line thermal head, the line thermal head comprising a plurality of heating elements extending across a print width;
sequentially moving the print medium relative to the line thermal head;
for each of the plurality of print data rows, selectively activating a subset of the plurality of heating elements based on the corresponding print data row while the print medium is moved, thereby forming a line of dots on the print medium; and
repeating the sequential moving and the selective activating for each of the plurality of print data rows to form one or more complete letters on the print medium.",ai_generated
US-8340810-B2,Robotic storage library with queued move instructions and method of queuing such instructions,"A robotic storage library comprising:
a plurality of storage locations configured to store a plurality of media items;
at least one robotic handler configured to retrieve media items from the plurality of storage locations and to deposit media items into the plurality of storage locations; and
a control system coupled to the at least one robotic handler, the control system comprising a processor and a memory, the memory storing a queue of move instructions, the processor configured to receive requests for media item movements, the processor further configured to generate a plurality of move instructions in response to the received requests, the processor further configured to add the plurality of move instructions to the queue, the processor further configured to retrieve move instructions from the queue, and the processor further configured to transmit the retrieved move instructions to the at least one robotic handler for execution.",ai_generated
US-7809556-B2,Error conceal device and error conceal method,"Here is an example of patent claim 1 for the given invention title:

An error conceal device, comprising:
  an input interface configured to receive a data stream;
  an error detection module configured to detect an error within the received data stream, wherein the error is indicative of missing or corrupted data;
  a concealment module coupled to the error detection module, the concealment module configured to, upon detection of an error, determine a concealment technique based on characteristics of the detected error and available contextual data associated with the data stream, and generate substitute data using the determined concealment technique; and
  an output interface coupled to the concealment module, the output interface configured to output a processed data stream, wherein the generated substitute data is inserted into the processed data stream in place of the detected error.",ai_generated
US-9690456-B2,Method for controlling window and electronic device for supporting the same,"1. A method for controlling a graphical user interface window, the method comprising:
    displaying, by an electronic device, a graphical user interface window on a display of the electronic device;
    receiving, by the electronic device, user input associated with the displayed graphical user interface window;
    determining, by the electronic device, a control operation for the graphical user interface window based on the received user input and at least one context parameter associated with the electronic device or the graphical user interface window;
    performing, by the electronic device, the determined control operation on the graphical user interface window; and
    updating the display of the electronic device to reflect the performed control operation.",ai_generated
US-7922418-B2,Mounting assembly,"A mounting assembly comprising:
a base member configured to be secured to a support surface;
a device engagement member configured to securely receive an electronic device; and
an interconnection mechanism configured to releasably couple the device engagement member to the base member, the interconnection mechanism enabling adjustment of an orientation of the device engagement member relative to the base member, and the interconnection mechanism including a locking feature configured to selectively fix the orientation of the device engagement member relative to the base member.",ai_generated
US-6952352-B2,Integrated circuit chip package with formable intermediate 3D wiring structure,"An integrated circuit chip package, comprising:
an integrated circuit chip;
a package substrate; and
a formable intermediate 3D wiring structure disposed between the integrated circuit chip and the package substrate;
wherein the formable intermediate 3D wiring structure comprises a plurality of electrically conductive traces, the plurality of electrically conductive traces being formed into a three-dimensional configuration; and
wherein the formable intermediate 3D wiring structure is configured to electrically connect the integrated circuit chip to the package substrate, and is formed from a material having a plasticity sufficient to enable its shaping into the three-dimensional configuration.",ai_generated
US-6584483-B1,System and method for efficient hardware implementation of a perfect precision blending function,"A system for efficient hardware implementation of a perfect precision blending function, comprising:
an input interface configured to receive a plurality of input data operands, each having a defined input precision, and at least one blending factor having a defined blending factor precision;
a blending processing unit coupled to said input interface, said blending processing unit comprising dedicated hardware logic circuitry configured to:
    generate a first intermediate product by multiplying a first input data operand from said plurality of input data operands by said at least one blending factor;
    generate a second intermediate product by multiplying a second input data operand from said plurality of input data operands by a complement of said at least one blending factor;
    generate a preliminary blended result by adding said first intermediate product and said second intermediate product; and
    scale said preliminary blended result to a target output precision;
    wherein said dedicated hardware logic circuitry is configured to maintain an intermediate precision for said first intermediate product, said second intermediate product, and said preliminary blended result that is sufficient to prevent loss of significant bits from said input data operands and said blending factor during said multiplying and adding operations, thereby ensuring perfect precision blending; and
an output interface coupled to said blending processing unit, said output interface configured to provide a blended output data operand having said target output precision.",ai_generated
US-6259308-B1,Optical coupling semiconductor switching circuit,"A semiconductor switching circuit comprising:
an input terminal configured to receive a control signal;
a drive circuit coupled to the input terminal and configured to generate an electrical signal based on the control signal;
an optical emitter coupled to the drive circuit and configured to emit light in response to the electrical signal;
an optical detector spatially separated from the optical emitter and configured to receive the emitted light and generate a detected electrical signal;
a semiconductor switching element coupled to the optical detector and configured to control current flow through an output path in response to the detected electrical signal; and
an output terminal coupled to the semiconductor switching element, wherein the optical emitter and the optical detector are galvanically isolated from each other.",ai_generated
US-6909848-B2,Self-adjusting bit rate transducer in optical transmission system,"A self-adjusting bit rate transducer for an optical transmission system, the transducer comprising:
    an optical input configured to receive an incoming optical signal;
    a bit rate detection unit coupled to the optical input, the bit rate detection unit configured to determine a current bit rate of the incoming optical signal;
    a processing unit coupled to the bit rate detection unit, the processing unit configured to determine a target bit rate for an outgoing optical signal based on the current bit rate of the incoming optical signal and at least one operating parameter of the optical transmission system;
    a bit rate conversion unit coupled to the processing unit, the bit rate conversion unit configured to convert the incoming optical signal to an outgoing optical signal having the determined target bit rate; and
    an optical output coupled to the bit rate conversion unit, the optical output configured to transmit the outgoing optical signal.",ai_generated
US-8791606-B2,System and method to detect child presence,"A system for detecting child presence, comprising:
a sensing module configured to obtain environmental data indicative of presence within an environment;
a processing unit communicatively coupled to the sensing module, the processing unit configured to analyze the environmental data to determine a likelihood of child presence within the environment;
a memory module coupled to the processing unit, the memory module storing instructions that, when executed by the processing unit, cause the processing unit to execute analysis algorithms for distinguishing child presence from non-child presence; and
an output module coupled to the processing unit, the output module configured to generate an alert when the likelihood of child presence exceeds a predetermined threshold.",ai_generated
US-9326140-B2,Method and system for implementing an advanced mobile authentication solution,"A method for implementing an advanced mobile authentication solution, comprising:
collecting, by a mobile client application executed on a mobile device, a plurality of distinct authentication attributes, including at least one dynamic attribute acquired from a sensor of the mobile device;
establishing, by the mobile device, a secure communication channel with an authentication server;
transmitting, by the mobile device over the secure communication channel, an authentication request comprising the plurality of distinct authentication attributes;
receiving, by the authentication server from the mobile device, the authentication request;
evaluating, by the authentication server, the plurality of distinct authentication attributes in conjunction with pre-registered user data and contextual information associated with the authentication request;
generating, by the authentication server, a composite authentication score based on the evaluation;
comparing, by the authentication server, the composite authentication score against a predetermined security threshold; and
issuing, by the authentication server to the mobile device, an authentication decision based on the comparison.",ai_generated
US-9111830-B1,Perforated blocking layer for enhanced broad band response in a focal plane array,"A focal plane array comprising:
an array of photodetector elements; and
a blocking layer optically coupled to said array of photodetector elements, said blocking layer having a plurality of perforations defined therethrough;
wherein said plurality of perforations are configured to transmit a broad band of incident radiation to said array of photodetector elements, thereby enhancing a broad band response of the focal plane array.",ai_generated
US-7460783-B2,Method and apparatus for dynamic provisioning of reliable connections in the presence of multiple failures,"A method for dynamically provisioning reliable connections in a network system in the presence of multiple failures, the method comprising:
monitoring a network system for failure events;
detecting a plurality of concurrent or sequential failure events within the network system;
determining a current operational state of the network system subsequent to detecting the plurality of failure events;
identifying available network resources and operational paths within the network system based on the current operational state;
generating one or more candidate connection configurations for a reliable connection between a source and a destination based on the identified available network resources and operational paths, wherein each candidate connection configuration is configured to mitigate effects of the plurality of failure events and provide a predetermined level of reliability;
selecting a preferred candidate connection configuration from the one or more candidate connection configurations based on one or more optimization criteria; and
provisioning the reliable connection within the network system according to the selected preferred candidate connection configuration.",ai_generated
US-8541070-B2,Media for inkjet web press printing,"A media for inkjet web press printing, comprising:
a continuous web substrate having a first surface and a second surface; said continuous web substrate having a basis weight suitable for high-speed web press handling and a dimensional stability resistant to curling or cockling during inkjet printing and subsequent drying; and
at least one ink-receiving layer disposed on the first surface of the continuous web substrate; said at least one ink-receiving layer comprising a porous pigment and a polymeric binder, wherein the weight ratio of said porous pigment to said polymeric binder is optimized to achieve a desired ink absorption rate and an open time suitable for print head maintenance;
wherein the media, when printed with aqueous inkjet inks at typical web press speeds, exhibits a rapid ink drying time sufficient to prevent set-off or smearing before subsequent processing steps, a controlled dot gain to maintain high image resolution, a wide color gamut, and a post-print rub resistance sufficient for commercial finishing operations.",ai_generated
US-9508265-B2,Methods and systems for wind mitigation in autonomous parafoil guidance,"A method for autonomously guiding a parafoil, comprising:
receiving, by a control system, flight state data of the parafoil;
receiving, by the control system, environmental data comprising wind conditions;
determining, by the control system, a predicted wind-induced perturbation on the parafoil based on the flight state data and the environmental data;
calculating, by the control system, a guidance command for the parafoil, wherein the guidance command is adapted to counteract the determined predicted wind-induced perturbation and to steer the parafoil towards a target destination; and
transmitting, by the control system, said guidance command to an actuator system of the parafoil for execution thereby.",ai_generated
US-7172004-B1,Apparatus for applying compressible gasket to beams,"An apparatus for applying a compressible gasket to a beam, comprising:
a gasket supply mechanism configured to store a length of compressible gasket material and to feed the gasket material along a feed path;
an application head positioned downstream from the gasket supply mechanism along the feed path, the application head configured to receive the gasket material;
a pressing mechanism coupled to the application head, the pressing mechanism configured to press the gasket material onto a surface of a beam;
a positioning mechanism configured to facilitate relative movement between the application head and the beam to apply the gasket along a desired length of the beam; and
a cutting mechanism positioned to cut the gasket material to a desired length after application to the beam.",ai_generated
US-7011562-B2,Organic electroluminescence display panel and method for sealing the same,"An organic electroluminescence display panel, comprising:
a substrate;
an array of organic electroluminescence elements disposed over the substrate, each organic electroluminescence element comprising an anode, an organic emissive layer, and a cathode, said organic emissive layer being disposed between said anode and said cathode; and
a sealing structure hermetically enclosing said array of organic electroluminescence elements and at least a portion of said cathode, thereby preventing ingress of moisture and oxygen into said organic electroluminescence elements.",ai_generated
US-9399487-B2,Vehicle body front portion structure,"A vehicle body front portion structure, comprising:
a pair of longitudinally extending side members;
a bumper beam positioned forward of the pair of longitudinally extending side members;
a pair of energy absorbing members, each energy absorbing member operatively connected between a respective one of the pair of longitudinally extending side members and the bumper beam; and
at least one cross member interconnecting the pair of longitudinally extending side members.",ai_generated
US-9793633-B2,Electrical connector with a grounding bar connecting the terminals of a plurality of ground contact wafers and shielding braids of cables,"An electrical connector, comprising:
a housing;
a plurality of ground contact wafers disposed within the housing, each wafer comprising a ground contact terminal;
a grounding bar disposed within the housing;
wherein the grounding bar is electrically coupled to the ground contact terminals of the plurality of ground contact wafers; and
wherein the grounding bar is configured to be electrically coupled to shielding braids of a plurality of cables.",ai_generated
US-7181974-B2,Moisture-protected pressure sensor,"A moisture-protected pressure sensor comprising:
a pressure sensing element configured to generate an electrical signal in response to a sensed pressure; and
a moisture-impermeable enclosure substantially surrounding said pressure sensing element, said moisture-impermeable enclosure structured to prevent ingress of moisture to said pressure sensing element.",ai_generated
US-7047002-B2,Poll scheduling for emergency calls,"A method for poll scheduling for emergency calls, comprising:
receiving an emergency call from a caller device;
determining a plurality of emergency call characteristics associated with the emergency call, the characteristics comprising at least one of call severity, caller location, available emergency responder resources, or network congestion;
dynamically generating a polling schedule for monitoring the emergency call or emergency response status based on the determined plurality of emergency call characteristics, the polling schedule defining at least one of a polling frequency, a polling interval, or a polling duration;
executing a plurality of polls according to the dynamically generated polling schedule, each poll configured to gather real-time status information related to the emergency call or an associated emergency response;
analyzing the gathered real-time status information; and
triggering an action based on the analyzed real-time status information, the action comprising at least one of adjusting the polling schedule, dispatching additional emergency resources, updating emergency personnel, or alerting a central emergency management system.",ai_generated
US-8154488-B2,Liquid crystal display module having contact protrusion between top chassis and bottom chassis,"A liquid crystal display module, comprising:
a top chassis;
a bottom chassis; and
a contact protrusion disposed between the top chassis and the bottom chassis.",ai_generated
US-7605148-B2,Aqueous oral solution of bisphosphonic acid,"1. An aqueous oral solution comprising:
a therapeutically effective amount of a pharmaceutically acceptable bisphosphonic acid or a pharmaceutically acceptable salt thereof;
water as a solvent; and
at least one pharmaceutically acceptable excipient;
wherein the bisphosphonic acid or pharmaceutically acceptable salt thereof is dissolved in the water to form a clear solution suitable for oral administration.",ai_generated
US-6812780-B2,Filter circuit and detection circuit having filter circuit,"A detection circuit, comprising:
an input terminal configured to receive an input signal;
a filter circuit coupled to the input terminal, the filter circuit comprising an arrangement of at least one reactive element and at least one resistive element, the arrangement forming a frequency-selective network configured to attenuate undesired frequency components from the input signal and to provide a filtered signal at an output thereof; and
a detection stage coupled to the output of the filter circuit, the detection stage configured to analyze a characteristic of the filtered signal and to generate a detection output indicative of the characteristic.",ai_generated
US-6277711-B1,Semiconductor matrix formation,"1. A method for forming a semiconductor matrix, comprising:
    providing a substrate;
    forming a semiconductor layer over the substrate;
    patterning the semiconductor layer to define a plurality of discrete semiconductor elements arranged in a matrix configuration;
    forming an insulating layer overlying the plurality of discrete semiconductor elements; and
    forming a plurality of conductive interconnections, each conductive interconnection electrically coupled to at least one of the plurality of discrete semiconductor elements.",ai_generated
US-8337248-B1,Connector assembly,"A connector assembly, comprising:
a first connector housing;
a second connector housing;
the first connector housing defining a first mating interface;
the second connector housing defining a second mating interface complementary to the first mating interface;
wherein the first mating interface and the second mating interface are configured to mechanically engage upon insertion of the first connector housing into the second connector housing;
and wherein the connector assembly is configured to establish an electrical connection between a first electrical conductor and a second electrical conductor when the first and second connector housings are mechanically engaged.",ai_generated
US-9341741-B2,Electronic device with temperature and humidity sensor and method for determining humidity value,"An electronic device comprising:
a temperature sensor configured to generate a temperature signal representative of an ambient temperature;
a humidity sensor configured to generate a raw humidity signal representative of an ambient humidity;
a processor communicatively coupled to the temperature sensor and the humidity sensor, wherein the processor is configured to receive the temperature signal and the raw humidity signal, and further configured to determine a compensated humidity value by applying a temperature-compensation algorithm to the raw humidity signal based on the received temperature signal;
a memory unit coupled to the processor, configured to store instructions for the temperature-compensation algorithm and to store the determined compensated humidity value; and
an output interface coupled to the processor, configured to present the compensated humidity value.",ai_generated
US-9513919-B2,Method and apparatus for speculative decompression,"A method for speculative decompression of a compressed data stream, comprising:
receiving a compressed data stream;
speculatively determining a future decompression operation for a portion of the compressed data stream, said speculative determination being performed prior to a confirmed need for said future decompression operation;
performing decompression of said portion of the compressed data stream based on the speculatively determined future decompression operation;
validating the speculatively determined future decompression operation; and
responsive to a successful validation, utilizing the decompressed portion of the compressed data stream;
responsive to an unsuccessful validation, performing a non-speculative decompression of the portion of the compressed data stream.",ai_generated
US-9647335-B1,Joint beamforming in point-to-point wireless communication networks,"A method for joint beamforming in a point-to-point wireless communication network, the method comprising:
at a transmitter comprising a transmit antenna array, transmitting a pilot signal;
at a receiver comprising a receive antenna array, receiving the pilot signal and estimating channel state information (CSI) for a wireless channel between the transmitter and the receiver;
at the receiver, determining a receive beamforming vector based on the estimated CSI;
at the receiver, generating feedback information based on the estimated CSI, the feedback information indicative of preferred transmit beamforming characteristics;
transmitting, at the receiver, the feedback information to the transmitter;
at the transmitter, receiving the feedback information and determining a transmit beamforming vector based on the received feedback information;
applying, at the transmitter, the determined transmit beamforming vector to a data stream to generate a transmit beamformed signal;
transmitting, at the transmitter, the transmit beamformed signal to the receiver;
receiving, at the receiver, the transmit beamformed signal; and
applying, at the receiver, the determined receive beamforming vector to the received transmit beamformed signal to extract a data stream.",ai_generated
US-6522226-B2,Transparent metallic millimeter-wave window,"A transparent metallic millimeter-wave window comprising:
a substantially optically transparent substrate;
a patterned metallic layer disposed on the substantially optically transparent substrate, the patterned metallic layer comprising an array of electrically conductive metallic elements defining a plurality of apertures;
wherein the dimensions and arrangement of said metallic elements and apertures are configured to render the window substantially optically transparent to visible light and substantially transparent to millimeter-wave radiation in a millimeter-wave frequency range.",ai_generated
US-6310185-B1,Recombinant human anti-Lewis Y antibodies,"An isolated recombinant human antibody or an antigen-binding fragment thereof, specifically binding to Lewis Y antigen; wherein said antibody or antigen-binding fragment comprises a heavy chain variable region and a light chain variable region that together confer said specific binding; and wherein said antibody or antigen-binding fragment is derived from human immunoglobulin sequences.",ai_generated
US-8085847-B2,Method for compressing/decompressing motion vectors of unsynchronized picture and apparatus using the same,"A method for compressing motion vectors of an unsynchronized picture, the method comprising:
    receiving motion vectors corresponding to blocks of an unsynchronized picture, wherein the unsynchronized picture is characterized by a lack of a standard temporal reference frame for motion vector prediction;
    determining, for a current block within the unsynchronized picture, a predicted motion vector for a current motion vector of said current block, said predicted motion vector being based on at least one of spatially neighboring motion vectors within the unsynchronized picture or motion vectors from a non-temporally aligned reference source;
    generating a motion vector difference by subtracting the predicted motion vector from the current motion vector; and
    encoding the motion vector difference to produce compressed motion vector data associated with the unsynchronized picture.",ai_generated
US-6526294-B1,Automatic control circuit for enabling and disabling the supply voltage in a short range wireless device,"An automatic control circuit for enabling and disabling a supply voltage to a short-range wireless device, the circuit comprising:
a detection module configured to detect a predetermined short-range wireless communication trigger condition;
a controller operably coupled to the detection module, the controller configured to receive an input from the detection module and to determine, based on said input, whether to enable or disable the supply voltage; and
a power switching module operably coupled to the controller and configured to selectively provide the supply voltage to the short-range wireless device;
wherein the controller is further configured to activate the power switching module to enable the supply voltage to the short-range wireless device upon determining the presence of the predetermined short-range wireless communication trigger condition; and
wherein the controller is further configured to deactivate the power switching module to disable the supply voltage to the short-range wireless device upon determining the absence of the predetermined short-range wireless communication trigger condition for a predefined period.",ai_generated
US-9196540-B2,FinFET structure with novel edge fins,"A FinFET structure, comprising:
a semiconductor substrate;
a plurality of semiconductor fins protruding from the semiconductor substrate, the plurality of semiconductor fins including at least one inner fin and at least one edge fin, the at least one edge fin positioned at a periphery of an active device region on the semiconductor substrate;
a gate dielectric layer conformally disposed over sidewalls and a top surface of each of the plurality of semiconductor fins;
a gate electrode disposed over the gate dielectric layer, the gate electrode wrapping around a channel region of each of the plurality of semiconductor fins;
source regions and drain regions disposed at opposing ends of the channel region for each of the plurality of semiconductor fins; and
wherein the at least one edge fin comprises a non-uniform cross-sectional profile along its height, the non-uniform cross-sectional profile including a wider base portion and a narrower top portion, wherein the wider base portion is at least partially embedded within an adjacent shallow trench isolation (STI) region surrounding the active device region.",ai_generated
US-7226448-B2,Cardiac treatment devices and methods,"Here is an example of patent claim 1 for 'Cardiac treatment devices and methods', adhering to standard formatting:

1.  A device for treating a cardiac condition, comprising:
    a catheter body having a proximal end and a distal end, wherein the distal end is configured for intravascular delivery to a cardiac region of a patient;
    at least one sensor disposed at or near the distal end of the catheter body, the at least one sensor configured to detect at least one physiological parameter associated with the cardiac condition;
    at least one therapy delivery element disposed at or near the distal end of the catheter body, the at least one therapy delivery element configured to deliver a therapeutic intervention to the cardiac region; and
    a control unit communicatively coupled to the at least one sensor and the at least one therapy delivery element, the control unit configured to receive data from the at least one sensor and further configured to, based on the received data, activate the at least one therapy delivery element to deliver the therapeutic intervention.",ai_generated
US-6452196-B1,Power supply hardening for ion beam systems,"A power supply system for an ion beam system, comprising:
an input stage configured to receive an unregulated power source;
a conditioning circuit coupled to the input stage, the conditioning circuit configured to regulate at least one of voltage and current of the received power to establish a stable intermediate power level;
an energy storage module coupled to the conditioning circuit, the energy storage module configured to supply power during transient load demands or input power fluctuations;
a noise suppression filter coupled to at least one of the conditioning circuit and the energy storage module, the noise suppression filter configured to reduce electrical noise components;
an output stage coupled to at least one of the conditioning circuit, the energy storage module, and the noise suppression filter, the output stage configured to provide a hardened and stable power output to the ion beam system; and
a protection circuit configured to prevent damage from over-voltage, under-voltage, over-current, or short-circuit conditions;
wherein the power supply system is configured to maintain stable operation of the ion beam system despite variations in the input power source or dynamic load conditions.",ai_generated
US-9422949-B2,Energy-recovery generation system for handling and carrying electric vehicle,"An energy-recovery generation system for handling and carrying an electric vehicle, the system comprising:
a vehicle transport apparatus configured to mechanically engage an electric vehicle and selectively move the electric vehicle, wherein said selective movement includes at least one of lifting, lowering, accelerating, or decelerating the electric vehicle;
a regenerative power conversion unit mechanically coupled to the vehicle transport apparatus, said regenerative power conversion unit configured to generate electrical energy from mechanical energy imparted by the vehicle transport apparatus when at least one of lowering the electric vehicle or decelerating the electric vehicle;
a power conditioning circuit electrically coupled to the regenerative power conversion unit, said power conditioning circuit configured to regulate and condition said generated electrical energy; and
an energy storage subsystem electrically coupled to the power conditioning circuit, said energy storage subsystem configured to receive and store said conditioned electrical energy for subsequent use.",ai_generated
US-9109907-B2,Vehicle position recognition apparatus and method using image recognition information,"Here is a possible patent claim 1 for the invention title:

A vehicle position recognition apparatus, comprising:
an image acquisition unit configured to capture image data representing an external environment of a vehicle;
an image processing unit configured to process the captured image data to generate image recognition information identifying environmental features; and
a position determination unit configured to determine a current position of the vehicle based on the generated image recognition information.",ai_generated
US-7088324-B2,Liquid crystal display driver and method thereof,"Here is a patent claim 1 for 'Liquid crystal display driver and method thereof', drafted as an apparatus claim:

A liquid crystal display driver, comprising:
an input interface configured to receive display data and control signals from an external source;
a data processing unit coupled to the input interface, configured to process the received display data, wherein processing includes at least one of gamma correction, dithering, or color space conversion;
a timing controller coupled to the data processing unit, configured to generate timing signals for synchronizing display operations and driving waveform generation; and
a display output stage coupled to the timing controller and the data processing unit, configured to generate a plurality of pixel driving voltages for driving pixels of a liquid crystal display panel based on the processed display data and the generated timing signals.",ai_generated
US-6646105-B2,Process for treating by-product of polyarylene sulfide,"A method for treating a by-product of polyarylene sulfide production, comprising:
providing a by-product stream originating from the synthesis of polyarylene sulfide;
separating the by-product stream into a solid phase and a liquid phase;
washing the solid phase with a washing solvent to remove impurities;
drying the washed solid phase to obtain a treated solid material; and
recovering at least one valuable component from the liquid phase for reuse or further processing.",ai_generated
US-6780051-B2,Coaxial connector and manufacture thereof,"A coaxial connector, comprising:
    an inner conductor extending along a central axis;
    an outer conductor concentrically surrounding at least a portion of the inner conductor, the outer conductor being electrically conductive;
    a dielectric material positioned between the inner conductor and the outer conductor, the dielectric material having a predetermined permittivity and configuration to maintain a characteristic impedance between the inner conductor and the outer conductor;
    a connector body housing the inner conductor, the outer conductor, and the dielectric material;
    wherein the outer conductor comprises a plurality of radially inward projecting resilient contact fingers configured to mechanically and electrically engage a braided shield of a coaxial cable upon insertion of the coaxial cable into the connector body; and
    wherein the connector body further comprises an integral crimp sleeve portion extending from a rear end thereof, the integral crimp sleeve portion being configured to deform radially inward to mechanically secure the coaxial cable to the connector body without requiring a separate crimp sleeve component.",ai_generated
US-7960962-B2,Soft-start circuit,"1. A soft-start circuit, comprising:
an input node for receiving an input power;
an output node for supplying an output power to a load;
a power control device coupled between the input node and the output node, the power control device configured to regulate the output power supplied to the load;
a ramp generator circuit configured to generate a ramp control signal that gradually increases from a starting level to an ending level over a predetermined soft-start period upon initiation of a soft-start operation; and
a driver circuit coupled to the ramp generator circuit and the power control device, the driver circuit configured to receive the ramp control signal and modulate a conduction characteristic of the power control device in response to the ramp control signal, thereby causing the output power to gradually increase to a desired operating level and limit inrush current during the soft-start period.",ai_generated
US-8224569-B2,Software based driving directions,"A method for providing driving directions, comprising:
  receiving, by a computing device, a user-specified origin location and a user-specified destination location;
  accessing, by the computing device, stored geographical map data;
  calculating, by the computing device, a navigable route from the origin location to the destination location utilizing the stored geographical map data;
  generating, by the computing device, a sequence of turn-by-turn navigation instructions corresponding to the navigable route; and
  presenting, by the computing device, the sequence of turn-by-turn navigation instructions to a user.",ai_generated
US-6742067-B2,Personal computer main board for mounting therein memory module,"A personal computer main board, comprising:
a printed circuit board substrate;
at least one memory slot physically configured to receive a memory module;
a plurality of electrical contacts disposed within the at least one memory slot, configured to electrically couple with a memory module inserted therein;
a memory controller circuit communicatively coupled to the plurality of electrical contacts, the memory controller circuit configured to control read and write operations to an inserted memory module;
a data bus communicatively coupled between the memory controller circuit and the plurality of electrical contacts, for transmitting data between the main board and an inserted memory module; and
a power delivery circuit coupled to the plurality of electrical contacts, for providing operating power to an inserted memory module.",ai_generated
US-8934308-B2,Tracking bit cell,"A tracking bit cell, comprising:
a data storage element configured to store a data bit;
a tracking data storage element configured to store tracking data associated with the data bit, the tracking data indicative of at least one characteristic of an access operation performed on the data bit;
a tracking update circuit coupled to the data storage element and the tracking data storage element, the tracking update circuit configured to update the tracking data in the tracking data storage element responsive to an access operation performed on the data bit in the data storage element; and
a tracking data output circuit coupled to the tracking data storage element, the tracking data output circuit configured to provide the tracking data as an output signal.",ai_generated
US-9778800-B2,"Pixel circuit, display panel and display apparatus","A pixel circuit, comprising:
a data line;
a scan line;
a power line;
a light-emitting element;
a driving transistor having a gate, a source, and a drain, the source coupled to the power line, and the drain coupled to a first terminal of the light-emitting element;
a switching transistor having a gate coupled to the scan line, a first terminal coupled to the data line, and a second terminal coupled to the gate of the driving transistor;
a storage capacitor coupled between the gate of the driving transistor and a reference voltage; and
a compensation transistor having a gate coupled to the scan line, a first terminal coupled to the gate of the driving transistor, and a second terminal coupled to the drain of the driving transistor,
wherein, when the scan line is activated, the compensation transistor is configured to connect the gate of the driving transistor to the drain of the driving transistor to set a voltage on the storage capacitor based on a threshold voltage of the driving transistor prior to emission by the light-emitting element.",ai_generated
US-7891200-B2,Vending machine improvement,"1. A vending machine, comprising:
    a housing configured to store a plurality of products;
    a dispensing mechanism coupled to said housing and configured to dispense a selected product;
    a payment processing unit configured to receive payment for said selected product;
    a user interface comprising a display and an input device, said user interface configured to present available products to a user and receive a user's product selection;
    an inventory sensor system configured to monitor a real-time quantity of each product stored within said housing; and
    a control unit communicatively coupled to said dispensing mechanism, said payment processing unit, said user interface, and said inventory sensor system, wherein said control unit is configured to dynamically update said display of said user interface based on said real-time quantity of each product detected by said inventory sensor system, and further configured to prevent a user from selecting any product identified by said inventory sensor system as being out of stock.",ai_generated
US-6545176-B1,Apparatus and process for the high yield production of methyl methacrylate or methacrylic acid,"What is claimed is:
A system for the high yield production of methyl methacrylate or methacrylic acid, the system comprising:
a reaction zone configured to receive at least one feedstock and a catalyst, and to facilitate a reaction to produce a reaction product stream comprising methyl methacrylate or methacrylic acid;
a separation unit fluidly connected downstream of the reaction zone, the separation unit configured to separate methyl methacrylate or methacrylic acid from the reaction product stream;
a control system operably coupled to the reaction zone and the separation unit, the control system configured to monitor and adjust reaction conditions within the reaction zone and separation parameters within the separation unit, wherein said adjustment of reaction conditions and separation parameters is performed to optimize the yield of methyl methacrylate or methacrylic acid; and
a product output fluidly connected downstream of the separation unit for collecting the separated methyl methacrylate or methacrylic acid.",ai_generated
US-7302814-B2,Apparatus for preventing deflection of substrate tube,"An apparatus for preventing deflection of a substrate tube, comprising:
a frame configured to be positioned adjacent to a substrate tube;
at least one support member, wherein the at least one support member includes a contact surface configured to engage an outer surface of the substrate tube to counteract deflection thereof;
and an adjustment mechanism coupling the at least one support member to the frame, the adjustment mechanism configured to precisely position the at least one support member relative to the substrate tube.",ai_generated
US-8966633-B2,Method and device for multiple engine virus killing,"A method for multiple engine virus killing, comprising:
receiving a data object for virus analysis;
distributing the data object to a plurality of distinct virus scanning engines;
each of the plurality of distinct virus scanning engines independently scanning the data object for malicious code;
receiving a scan result from each of the plurality of distinct virus scanning engines;
determining, based on the received scan results, a maliciousness assessment for the data object; and
responsive to the maliciousness assessment indicating the presence of malicious code, performing a remediation action on the data object.",ai_generated
US-6445677-B1,Cartridge for an information recording medium,"A cartridge for an information recording medium, comprising:
a housing defining an internal cavity;
an information recording medium disposed within the internal cavity of the housing;
an access opening formed in the housing, the access opening configured to allow access to the information recording medium; and
a shutter movably coupled to the housing, the shutter configured to selectively cover the access opening.",ai_generated
US-6751597-B1,System and method for adaptive trade specification and match-making optimization,"A system for adaptive trade specification and match-making optimization, comprising:
a processor;
a memory communicatively coupled to the processor, storing instructions executable by the processor; and
one or more input/output interfaces;
wherein the processor, in communication with the memory and the one or more input/output interfaces, is configured to perform operations including:
receiving, via the one or more input/output interfaces, a plurality of initial trade specifications, each initial trade specification defining at least one desired trade parameter;
dynamically adapting at least one of the initial trade specifications based on a set of adaptive criteria, the adaptive criteria comprising at least one of user preferences, market conditions, or historical trade data, to generate a corresponding adapted trade specification;
identifying a plurality of potential trade matches by comparing the adapted trade specification with available trade opportunities;
optimizing the plurality of potential trade matches by applying a matching algorithm that prioritizes matches based on a plurality of predefined optimization metrics, the optimization metrics comprising at least one of trade value, liquidity, risk profile, or completion likelihood; and
outputting, via the one or more input/output interfaces, a set of optimized trade matches.",ai_generated
US-9356491-B2,Magnetic cap element for a stator of a generator,"A magnetic cap element for a stator of a generator, comprising:
a body having an outer surface and an inner surface;
said body comprising a magnetic material;
wherein said inner surface is configured to interface with a portion of a stator core of a generator; and wherein said magnetic material is configured to influence a magnetic flux path within the stator core.",ai_generated
US-6796627-B2,"Ink jet recording apparatus, method of replenishing ink to subtank in the apparatus, and method of checking the replenished amount of ink","An ink jet recording apparatus, comprising:
a printhead configured to eject ink;
a subtank configured to temporarily store ink supplied to the printhead;
an ink supply source configured to store a main supply of ink;
an ink replenishment mechanism configured to transfer ink from the ink supply source to the subtank;
an ink level detection unit configured to detect an ink level within the subtank; and
a controller coupled to the ink level detection unit and the ink replenishment mechanism, the controller configured to initiate replenishment by activating the ink replenishment mechanism when the detected ink level in the subtank falls below a predetermined first threshold, and further configured to determine an amount of ink replenished to the subtank by receiving a first ink level value from the ink level detection unit prior to initiation of replenishment and receiving a second ink level value from the ink level detection unit after completion of replenishment, and calculating the replenished amount of ink based on a difference between the first ink level value and the second ink level value.",ai_generated
US-6650543-B2,Heat dissipation device,"A heat dissipation device comprising:
a heat absorbing body configured to receive thermal energy from a heat source;
a plurality of heat transfer elements thermally coupled to the heat absorbing body and configured to increase a surface area for heat exchange with a fluid; and
a fluid flow generation mechanism configured to induce fluid flow across the plurality of heat transfer elements, thereby facilitating transfer of thermal energy from the heat absorbing body to the fluid.",ai_generated
US-7015038-B2,Method and apparatus for preparing and culturing cells,"A method for preparing and culturing cells, comprising:
obtaining a biological sample containing cells;
isolating target cells from non-target components within the biological sample;
introducing the isolated target cells into a culture chamber;
supplying a culture medium to the culture chamber;
maintaining a controlled environment within the culture chamber, said controlled environment including a specific temperature range and a defined atmospheric gas composition, to promote cell growth and proliferation; and
recovering the proliferated cells from the culture chamber.",ai_generated
US-7012575-B2,Deceleration module integrated with rolling device for automatically extending/retracting antenna and automatic antenna extending system using the same,"An apparatus for automatically extending and retracting an antenna, comprising:
a rolling device configured to engage and drive the antenna for automatic extension and automatic retraction; and
a deceleration module integrated with the rolling device, the deceleration module configured to reduce a speed of the antenna during at least one of automatic extension and automatic retraction.",ai_generated
US-6489945-B1,Method and system for tracking attitude,"1. A method for tracking attitude of a device, the method comprising:
   receiving first sensor data from an inertial measurement unit coupled to the device, the first sensor data indicative of angular rates and linear acceleration of the device;
   receiving second sensor data from a magnetic field sensor coupled to the device, the second sensor data indicative of a magnetic field experienced by the device;
   processing the first sensor data and the second sensor data using a sensor fusion algorithm to generate estimated attitude parameters of the device relative to a reference frame; and
   providing the estimated attitude parameters for use in an application.",ai_generated
US-9167975-B1,Motion resistant device to monitor heart rate in ambulatory patients,"A motion-resistant device for monitoring heart rate in an ambulatory patient, comprising:
a physiological sensor configured to acquire cardiac-related signals from the ambulatory patient;
a motion sensor configured to detect patient movement and generate motion data;
a processor communicatively coupled to the physiological sensor and the motion sensor, the processor configured to receive the cardiac-related signals and the motion data, and further configured to process the cardiac-related signals using the motion data to generate a compensated heart rate measurement that is substantially resistant to motion artifacts;
an output interface communicatively coupled to the processor, the output interface configured to communicate the compensated heart rate measurement;
a power source configured to energize the physiological sensor, the motion sensor, the processor, and the output interface; and
a housing configured to enclose at least the physiological sensor, the motion sensor, the processor, the output interface, and the power source, wherein the housing is configured for wearable attachment to the ambulatory patient.",ai_generated
US-9688159-B2,"Methods, apparatus, and systems for preventing over-temperature battery operation","A method for preventing over-temperature battery operation, comprising:
monitoring one or more operating parameters of a battery;
determining, based on the one or more operating parameters, a risk of the battery exceeding a predefined temperature threshold; and
responsive to determining the risk, initiating a preventive action to prevent the battery from exceeding the predefined temperature threshold.",ai_generated
US-7290138-B2,Credentials and digitally signed objects,"A system comprising:
a credential management module configured to generate a digital credential for an entity, the digital credential comprising an identifier for the entity, a public key associated with the entity, and at least one attribute pertaining to the entity;
an object signing module configured to receive a data object and generate a digital signature for the data object using a private key corresponding to the public key associated with the entity;
a data storage configured to store the digitally signed data object and the digital credential in an associated manner; and
an object verification module configured to verify the authenticity and integrity of the digitally signed data object by utilizing the public key obtained from the associated digital credential to validate the digital signature.",ai_generated
US-7180861-B2,Strict priority distributed coordination function in wireless networks,"A method for strict priority distributed coordination in a wireless network, comprising:
  establishing a plurality of priority levels for data transmissions in the wireless network;
  associating distinct channel access parameters with each of the plurality of priority levels, wherein channel access parameters associated with a higher priority level provide precedence in acquiring access to a shared wireless medium compared to channel access parameters associated with a lower priority level; and
  transmitting a data frame by a wireless station on the shared wireless medium by applying the distinct channel access parameters corresponding to a priority level of the data frame.",ai_generated
US-8424464-B2,"Portable, collapsible, workstation tray table apparatus","What is claimed is:

A portable, collapsible workstation tray table apparatus, comprising:
a generally planar main support surface defining a working area for receiving items thereon;
a support frame pivotally coupled to the main support surface;
wherein the support frame is configured to selectively transition between an extended, operative configuration, in which the main support surface is supported at a working height above a ground surface, and a collapsed, stowed configuration, in which the apparatus occupies a reduced volume compared to the extended configuration;
wherein the main support surface is selectively adjustable in angular orientation relative to a horizontal plane when in the extended, operative configuration;
and wherein said collapsed, stowed configuration facilitates portable transport and compact storage of the apparatus.",ai_generated
US-8367164-B2,Method of manufacturing nano-template for a high-density patterned medium and high-density magnetic storage medium using the same,"A method of manufacturing a nano-template for a high-density patterned medium, comprising:
providing a substrate;
forming a template layer on the substrate;
patterning said template layer with a plurality of nanometer-scale features, wherein said features are arranged at a density suitable for fabricating a high-density patterned magnetic storage medium;
and processing the patterned template layer to form a durable nano-template configured for replicating said plurality of nanometer-scale features for a high-density patterned magnetic storage medium.",ai_generated
US-6273650-B1,Cemented carbide cutting insert having integral structure for securing the insert in a holder,"A cemented carbide cutting insert, comprising:
an insert body formed of a cemented carbide material, said insert body having at least one cutting edge;
an integral securing structure formed monolithically with said insert body and extending from a mounting surface thereof;
said integral securing structure configured to directly engage a complementary recess within a tool holder;
whereby said cutting insert is mechanically retained within the tool holder solely by the engagement of said integral securing structure with said complementary recess, without the requirement for a separate clamping element.",ai_generated
US-9544782-B2,"Systems, apparatus, and methods for range extension of wireless communication","A system for range extension of wireless communication, comprising:
a receiver chain configured to receive a wireless communication signal from a first wireless communication device;
a range extension processing unit coupled to the receiver chain, the range extension processing unit configured to process the received wireless communication signal to generate a modified wireless communication signal optimized for an extended communication range; and
a transmitter chain coupled to the range extension processing unit, the transmitter chain configured to transmit the modified wireless communication signal to a second wireless communication device, thereby enabling wireless communication between the first wireless communication device and the second wireless communication device over an increased distance.",ai_generated
US-7397564-B2,Turbidity sensor,"1. A turbidity sensor, comprising:
a housing configured to define a sample region for a fluid;
a light source positioned relative to the housing and configured to emit light into the sample region;
a light detector positioned relative to the housing and configured to receive light from the sample region after interaction with the fluid;
wherein the light detector is configured to generate an electrical signal indicative of a characteristic of the received light; and
a processor communicatively coupled to the light detector, the processor configured to determine a turbidity value of the fluid based on the electrical signal generated by the light detector.",ai_generated
US-7815221-B2,GTank-LC and Mini-GTank-LC,"An apparatus for fluid handling, comprising:
a main body defining an internal chamber configured for containing a fluid;
at least one inlet port in fluid communication with the internal chamber for introducing fluid therein;
at least one outlet port in fluid communication with the internal chamber for dispensing fluid therefrom;
a closure mechanism configured to seal an opening of the main body, thereby preventing leakage of the contained fluid;
wherein the main body is constructed from a chemically resistant material;
wherein the main body further comprises external indicia for volumetric measurement of the contained fluid; and
wherein the main body is dimensioned to be modularly compatible with laboratory fluidic systems, and further configured to be scaled to various capacities while maintaining functional integrity.;",ai_generated
US-7337764-B2,Pressure balanced bearing,"A pressure balanced bearing comprising:
a first bearing member configured for rotation about an axis;
a second bearing member concentrically disposed relative to the first bearing member, defining an annular bearing interface therebetween;
a high-pressure fluid region disposed axially adjacent to a first end of the bearing interface, wherein fluid pressure within the high-pressure fluid region exerts an axial thrust force on the first bearing member in a first axial direction;
a balancing chamber defined between a portion of the first bearing member and a portion of the second bearing member, said balancing chamber being axially opposite the high-pressure fluid region relative to the bearing interface;
a pressure balancing surface formed on the first bearing member and exposed to fluid pressure within the balancing chamber, said balancing surface having an effective area such that fluid pressure within the balancing chamber exerts a counter-thrust force on the first bearing member in a second axial direction, opposite to the first axial direction; and
a fluid communication passage connecting the high-pressure fluid region to the balancing chamber, thereby introducing fluid from the high-pressure fluid region into the balancing chamber;
wherein the counter-thrust force substantially offsets the axial thrust force to achieve pressure balancing across the bearing.",ai_generated
US-9538483-B2,Maximizing efficiency of multi-user communications networks,"1.  A method for maximizing efficiency of a multi-user communications network, the method comprising:
    acquiring a plurality of operational parameters indicative of network performance and user demand across a plurality of user devices within the multi-user communications network;
    determining, based on said plurality of operational parameters, a set of optimization objectives for improving network efficiency, wherein said set of optimization objectives comprises at least two conflicting objectives selected from a group consisting of: network throughput, latency, energy consumption, and user fairness;
    generating, by a network controller, a dynamic resource allocation strategy configured to concurrently optimize said at least two conflicting objectives, wherein said dynamic resource allocation strategy comprises an assignment of communication resources including at least one of bandwidth, transmit power, and time slots to said plurality of user devices;
    transmitting, from the network controller, instructions to a plurality of network nodes to implement said dynamic resource allocation strategy; and
    continuously adapting said dynamic resource allocation strategy based on subsequent acquisitions of said plurality of operational parameters to maintain optimized network efficiency.",ai_generated
US-8079742-B2,Illumination structure,"1. An illumination structure comprising:
a housing defining an enclosure;
at least one light-emitting element disposed within the housing;
an electrical power interface electrically coupled to the at least one light-emitting element, the electrical power interface configured to receive electrical power to energize the at least one light-emitting element; and
at least one optical element coupled to the housing and positioned to modify light emitted from the at least one light-emitting element.",ai_generated
US-8273453-B2,Structures comprising an association agent and processes for making same,"Here is an example of patent claim 1 based on the provided title, focusing on the ""Structures"" aspect as is typical for Claim 1 when both product and process are mentioned:

We claim:

1.  A structure comprising:
    a substrate;
    an association agent coupled to said substrate; wherein said association agent is configured to selectively associate with a target entity.",ai_generated
US-7401597-B2,Fuel supply device for motorcycle and motorcycle,"CLAIM 1.
A fuel supply device for a motorcycle, the device comprising:
a fuel tank configured to store fuel;
a filler opening fluidly coupled to the fuel tank, the filler opening configured to receive fuel into the fuel tank;
a fuel pump configured to draw fuel from the fuel tank;
a fuel filter fluidly coupled downstream of the fuel pump;
a fuel delivery line fluidly connecting the fuel filter to a fuel supply interface of a motorcycle engine; and
wherein the fuel pump is configured to supply pressurized fuel from the fuel tank, through the fuel filter and the fuel delivery line, to the fuel supply interface of the motorcycle engine.",ai_generated
US-6761752-B2,Gas particle partitioner,"A gas particle partitioner, comprising:
a housing defining an internal chamber;
an inlet port configured to receive a gas stream comprising gas and entrained particles into the internal chamber;
a separation element positioned within the internal chamber and configured to partition the gas stream into a substantially particle-free gas stream and a particle-enriched stream;
a first outlet port configured to discharge the substantially particle-free gas stream from the internal chamber; and
a second outlet port configured to discharge the particle-enriched stream from the internal chamber.",ai_generated
US-6513258-B1,Adjustable scribe block,"An adjustable scribe block, comprising:
a base having a reference surface adapted to engage a workpiece;
a vertically oriented column slidably engaged with the base;
the column comprising a distal end configured to receive a scribing element;
a scribing element detachably coupled to the distal end of the column; and
a locking mechanism configured to selectively secure the column at a desired vertical position relative to the base, whereby a distance between a tip of the scribing element and the reference surface of the base is adjustable.",ai_generated
US-6168704-B1,Site-selective electrochemical deposition of copper,"A method for site-selective electrochemical deposition of copper, comprising:
providing a substrate;
selectively defining at least one deposition site on the substrate surface;
immersing the substrate in an electrolyte solution comprising copper ions; and
applying an electrochemical potential between the substrate and a counter electrode to cause selective deposition of copper onto the at least one defined deposition site.",ai_generated
US-7868813-B2,Multi-use bearing and range line,"1. An apparatus comprising:
    a line definition mechanism configured to establish a linear path having an ascertainable direction and a measurable length;
    a bearing determination module operatively associated with the line definition mechanism, said bearing determination module configured to ascertain an angular orientation of said linear path relative to a reference;
    a range determination module operatively associated with the line definition mechanism, said range determination module configured to measure a distance along said linear path;
    and an output interface configured to communicate said angular orientation and said distance.",ai_generated
US-6614345-B2,Oil pressure warning system for outboard motor,"An oil pressure warning system for an outboard motor, comprising:
an oil pressure sensor configured to detect oil pressure within an oil lubrication system of the outboard motor;
a controller coupled to the oil pressure sensor, said controller configured to receive a signal from the oil pressure sensor and to compare the detected oil pressure to a predetermined threshold;
a warning indicator coupled to the controller and positioned to be visible or audible to an operator of the outboard motor; and
wherein the controller is further configured to activate the warning indicator when the detected oil pressure falls below the predetermined threshold.",ai_generated
US-8736147-B1,Sound and vibration harnessing energy generator,"An apparatus comprising:
a vibratory element configured to resonate in response to ambient sound waves and mechanical vibrations;
a transduction mechanism mechanically coupled to the vibratory element, wherein the transduction mechanism is configured to convert mechanical energy produced by the resonating vibratory element into electrical energy; and
an electrical output circuit electrically coupled to the transduction mechanism, wherein the electrical output circuit is configured to provide the generated electrical energy for subsequent use or storage.",ai_generated
US-9875453-B2,System to construct an improved view of a process,"A system to construct an improved view of a process, the system comprising:
a data acquisition interface configured to receive process data indicative of a plurality of activities occurring within a process;
a data storage module configured to store the received process data;
a process analysis engine, implemented by one or more processors, configured to analyze the stored process data to identify one or more characteristics of the process, wherein the one or more characteristics include at least one of: process steps, process sequences, resource utilization, performance metrics, bottlenecks, or anomalies;
a view generation module, implemented by one or more processors, configured to construct an improved view of the process based on the identified one or more characteristics; and
an output module configured to present the improved view of the process to a user.",ai_generated
US-9216114-B2,Head-mounted device for settable compound delivery system for inflatable in-ear device,"A head-mounted device, comprising:
a support structure configured to be worn on a user's head;
at least one inflatable in-ear device operably coupled to the support structure and configured to be inserted into an ear canal of the user;
a compound delivery system carried by the support structure and fluidically coupled to the at least one inflatable in-ear device, the compound delivery system configured to deliver a compound to the at least one inflatable in-ear device; and
a settable control mechanism operably coupled to the compound delivery system, the settable control mechanism configured to adjust at least one parameter of the compound delivery to the at least one inflatable in-ear device.",ai_generated
US-7870867-B2,Curb box lock,"A curb box lock apparatus comprising:
a curb box lid configured to cover an opening of a curb box;
a locking mechanism rotatably mounted within the curb box lid;
the locking mechanism comprising at least one locking arm configured to extend radially outward from a bottom surface of the curb box lid;
a keyway accessible from an exterior surface of the curb box lid, the keyway operably coupled to the locking mechanism to selectively actuate rotation of the at least one locking arm between an unlocked position and a locked position;
a curb box frame configured to receive the curb box lid and define the opening for a utility access; and
the curb box frame comprising at least one engaging recess positioned to receive the at least one locking arm when the locking mechanism is in the locked position, thereby securing the curb box lid to the curb box frame.",ai_generated
US-7651343-B2,Low profile electrical connector,"What is claimed is:

1.  An electrical connector, comprising:
    an insulating housing having a top surface, a bottom surface, and a mating face;
    a plurality of electrical contacts disposed within said insulating housing, each of said electrical contacts having a mating portion exposed at said mating face and a termination portion extending from said insulating housing for electrical connection to an external circuit;
    wherein said insulating housing defines an overall height between said top surface and said bottom surface that is less than both an overall width and an overall depth of said insulating housing;
    and wherein said plurality of electrical contacts are configured and arranged within said insulating housing to be entirely contained within said overall height.",ai_generated
US-7394211-B1,Step down power management system for LED flashlight,"A system for providing regulated power to at least one light emitting diode (LED) of an LED flashlight, the system comprising:
an input terminal configured to receive an unregulated DC voltage from a battery power source;
a step-down converter circuit coupled to the input terminal, the step-down converter circuit configured to convert the unregulated DC voltage to a lower DC voltage;
a power management unit coupled to the step-down converter circuit, the power management unit configured to regulate current supplied to the at least one LED;
and an output terminal coupled to the power management unit, the output terminal configured to connect to the at least one LED of the LED flashlight.",ai_generated
US-6496363-B1,Mounting device for mounting a peripheral device on an electronic apparatus,"A mounting device for mounting a peripheral device on an electronic apparatus, comprising:
    a first coupling interface configured to connect with the electronic apparatus;
    a second coupling interface configured to connect with the peripheral device; and
    a connecting structure coupling the first coupling interface and the second coupling interface, the connecting structure configured to support the peripheral device relative to the electronic apparatus.",ai_generated
US-8510853-B2,Content management method and apparatus of mobile terminal,"Here is a potential patent claim 1, written as a method claim, adhering to standard patent claim formatting:

A method for content management in a mobile terminal, comprising:
receiving, by the mobile terminal, a plurality of digital content items from at least one diverse source, wherein said diverse source includes at least one of an internal capture device, an external connected device, a network download, and another application executing on the mobile terminal;
analyzing, by a processor of the mobile terminal, characteristics associated with each received digital content item, wherein said characteristics include at least one of content type, source application, creation date, and embedded metadata;
automatically classifying, by the processor, each received digital content item into a predetermined content category based on said analyzed characteristics;
storing the classified digital content items in a memory of the mobile terminal according to their respective predetermined content categories;
generating a unified user interface for display on the mobile terminal, the unified user interface configured to enable a user to browse, search, and perform management operations on the classified digital content items across different sources and storage locations; and
presenting the unified user interface on a display of the mobile terminal.",ai_generated
US-9484815-B2,Energy-based control of a switching regulator,"A switching regulator for converting an input voltage to an output voltage, said switching regulator comprising:
a switch configured to selectively connect a power source to an energy storage element;
an energy storage element electrically coupled to the switch, said energy storage element configured to store energy transferred from the power source; and
a control circuit configured to monitor at least one operating parameter of the switching regulator related to energy stored within said energy storage element;
determine an energy state of said energy storage element based on said monitored operating parameter;
compare said determined energy state to a reference energy state;
generate a control signal based on said comparison; and
control said switch based on said control signal to regulate energy transfer to said energy storage element and thereby regulate said output voltage.",ai_generated
US-6473940-B1,Knob for a post valve,"A knob for a post valve, comprising:
a main body portion having an outer surface configured for manual gripping and rotation by a user;
wherein the main body portion further comprises an internal cavity;
wherein the internal cavity is configured to receive a valve stem of a post valve; and
wherein the internal cavity includes an engagement feature configured to mechanically couple with the valve stem to transmit rotational motion from the knob to the valve stem.",ai_generated
US-8642433-B2,Method for manufacturing semiconductor device,"A method for manufacturing a semiconductor device, comprising:
providing a semiconductor substrate;
forming a dielectric layer over the semiconductor substrate;
depositing a conductive layer over the dielectric layer;
patterning the conductive layer using a photolithography process to define a desired circuit feature;
etching the patterned conductive layer to form the desired circuit feature; and
introducing dopants into the semiconductor substrate to form active regions within the semiconductor device.",ai_generated
US-6617435-B2,Method for recovering proteins from the interstitial fluid of plant tissues,"A method for recovering proteins from the interstitial fluid of plant tissues, comprising:
obtaining a plant tissue sample;
extracting interstitial fluid from said plant tissue sample;
subjecting said extracted interstitial fluid to at least one protein separation technique; and
collecting the separated proteins.",ai_generated
US-6368501-B1,Appliance drain assembly,"An appliance drain assembly comprising:
a housing having an inlet port configured for fluid communication with an appliance and an outlet port configured for fluid communication with a drain line;
a debris collection screen removably disposed within the housing, the debris collection screen configured to filter particulate matter from fluid flowing from the inlet port to the outlet port;
an access panel pivotally or detachably coupled to the housing, the access panel providing user access to the debris collection screen for cleaning or replacement thereof without detaching the housing from the appliance or the drain line; and
a mounting feature integrally formed with the housing, the mounting feature configured to secure the housing directly to a structural component of the appliance.",ai_generated
US-9074614-B2,Tolerance compensation member,"A tolerance compensation member, comprising:
a main body portion;
at least one deflectable arm extending from the main body portion;
the at least one deflectable arm configured to elastically deform upon engagement with a mating component;
wherein the elastic deformation of the at least one deflectable arm generates a predetermined biasing force against the mating component to accommodate dimensional variations between the main body portion and the mating component.",ai_generated
US-6815912-B2,Discharge lamp lighting apparatus and discharge lamp apparatus,"A discharge lamp lighting apparatus, comprising:
a discharge lamp configured to emit light upon energization;
a power supply circuit coupled to the discharge lamp, the power supply circuit configured to provide operating power to the discharge lamp;
an igniter circuit coupled to the discharge lamp, the igniter circuit configured to generate an ignition voltage to initiate an arc discharge within the discharge lamp; and
a control circuit coupled to at least one of the power supply circuit and the igniter circuit, the control circuit configured to regulate at least one operating parameter of the discharge lamp, thereby maintaining stable operation of the discharge lamp, wherein the control circuit is further configured to adaptively adjust the operating parameter based on at least one characteristic of the discharge lamp, the characteristic selected from a group comprising lamp temperature, lamp impedance, and lamp aging, to optimize lamp efficiency and extend lamp lifetime.",ai_generated
US-6845915-B2,Extended range bar code reader,"1. An extended range bar code reader, comprising:
    a housing;
    an illumination system disposed within the housing, the illumination system configured to emit light towards a bar code;
    an optical imaging system disposed within the housing, the optical imaging system configured to receive light reflected from the bar code;
    an image sensor communicatively coupled to the optical imaging system, the image sensor configured to convert the received light into image data representing the bar code;
    a processing unit disposed within the housing and communicatively coupled to the image sensor, the processing unit configured to decode the bar code from the image data;
    wherein the optical imaging system is configured to provide an extended depth of field, thereby enabling clear image capture of bar codes over an extended range of operating distances from the bar code reader; and
    wherein the illumination system is further configured to provide illumination with sufficient intensity to enable reliable decoding of bar codes over the extended range of operating distances.",ai_generated
US-6597913-B2,Distributed dynamic channel management in cellular systems,"A cellular communication system comprising:
a plurality of base stations, each base station configured to provide wireless communication services to user equipment within a geographic cell;
wherein each base station of said plurality of base stations is further configured to:
  monitor a set of local communication parameters within its respective cell, said local communication parameters including at least one of channel utilization, interference levels, and quality of service demands;
  exchange local communication parameter information with at least one neighboring base station;
  dynamically determine, in a distributed manner, an allocation of communication channel resources for user equipment served by its respective cell, said dynamic determination being based on said monitored set of local communication parameters and said exchanged local communication parameter information; and
  transmit said determined allocation of communication channel resources to said user equipment within its respective cell for communication.",ai_generated
US-8010733-B1,Methods and apparatus for accessing content,"A method for accessing content, comprising:
receiving a content request from a user device, the content request specifying desired content;
identifying one or more potential content sources capable of providing the desired content;
selecting a specific content source from the identified potential content sources based on at least one access parameter associated with the content request or the user device;
obtaining the desired content from the selected specific content source; and
transmitting the obtained content to the user device for presentation.",ai_generated
US-7657622-B1,Unified web hosting and content distribution system and method for assuring predetermined performance levels,"A system for unified web hosting and content distribution, comprising:
at least one origin server configured to host web content and application logic;
a content distribution network communicatively coupled to the at least one origin server, the content distribution network comprising a plurality of edge nodes geographically distributed and configured to cache and serve web content to end-users;
a performance level data store configured to store a plurality of predetermined performance levels, each predetermined performance level defining a target performance characteristic for at least a portion of the web content or application logic;
a performance monitoring engine configured to monitor actual performance metrics of the unified web hosting and content distribution system, the actual performance metrics including, without limitation, network latency, data throughput, and content availability, from a plurality of geographic monitoring points; and
a performance assurance controller communicatively coupled to the performance level data store, the performance monitoring engine, the at least one origin server, and the content distribution network, the performance assurance controller configured to compare the monitored actual performance metrics with the stored predetermined performance levels and, in response to determining that an actual performance metric does not meet a corresponding predetermined performance level, dynamically initiate an adjustment to at least one operational parameter of the unified web hosting and content distribution system, wherein the adjustment is selected from a group comprising: modification of content caching policies, reallocation of computing resources, modification of data routing paths, and activation of additional network capacity, thereby assuring that the actual performance metrics meet or exceed the predetermined performance levels.",ai_generated
US-9387913-B1,Modular floating dry dock,"A modular floating dry dock, comprising a plurality of buoyant pontoon modules, each pontoon module including a deck surface for supporting a vessel and at least one internal ballast tank; a plurality of wing wall modules, each wing wall module configured to be attached along a longitudinal side of at least one of said pontoon modules; wherein said plurality of pontoon modules are configured for selective mechanical connection to one another to form a configurable central working platform; and wherein said plurality of wing wall modules are configured for selective mechanical connection to one another and to said central working platform to define a customizable dry dock basin for elevating and lowering a vessel.",ai_generated
US-7859996-B2,Intelligent congestion feedback apparatus and method,"A method for intelligent congestion feedback, comprising:
monitoring a plurality of operational metrics indicative of potential congestion within a system;
intelligently analyzing said plurality of operational metrics to detect a congestion event and determine at least one characteristic of said congestion event;
generating a feedback message based on said detected congestion event and said at least one characteristic, said feedback message comprising specific guidance for mitigating said congestion event; and
transmitting said feedback message to at least one recipient for implementing said specific guidance.",ai_generated
US-7117226-B2,Method and device for seeking images based on the content taking into account the content of regions of interest,"A method for seeking images based on content, the method comprising:
for each of a plurality of images in a database, determining overall image content features and identifying at least one region of interest within the respective image;
for each identified region of interest, extracting a set of region-specific content features from the respective region of interest;
receiving an image search query;
generating query content features from the received image search query, the generated query content features comprising at least one of overall query content features and query region-specific content features;
comparing the generated query content features with the determined overall image content features of the plurality of images and with the extracted region-specific content features of the at least one region of interest from each respective image;
identifying at least one image from the plurality of images that satisfies the image search query based on said comparison; and
presenting the at least one identified image as a search result.",ai_generated
US-8600727-B2,Streamlined execution of emulated code using block-based translation mode,"A method for streamlining execution of emulated code, the method comprising:
    receiving, by an emulation system, emulated code configured to run on a target processor architecture;
    identifying a basic block within the emulated code, wherein the basic block comprises a sequence of emulated instructions without any control flow transfers except at an end of the sequence;
    translating the identified basic block from the target processor architecture into a corresponding native code block for a host processor architecture;
    storing the native code block in a translation cache associated with the emulation system;
    executing the native code block on the host processor architecture; and
    subsequently, upon detecting that the basic block is to be executed again, retrieving the stored native code block from the translation cache for execution without re-translating the basic block.",ai_generated
US-9872081-B2,Digital content spatial replacement system and method,"A method for digital content spatial replacement, comprising:
receiving original digital content;
identifying a spatial region within the received original digital content;
acquiring replacement digital content;
replacing the identified spatial region of the original digital content with the acquired replacement digital content to generate modified digital content, wherein said replacing comprises spatially integrating the acquired replacement digital content into the identified spatial region; and
outputting the modified digital content.",ai_generated
US-9783937-B2,Pavement joints and methods for treating the same,"A method for treating a pavement joint, the method comprising:
preparing a pavement joint having opposing sidewalls and a bottom surface formed within a pavement structure;
applying a flowable treatment material into the prepared pavement joint, such that the treatment material contacts at least a portion of the opposing sidewalls and the bottom surface; and
allowing the flowable treatment material to cure or solidify within the pavement joint, thereby forming a solid or semi-solid filler material that resists ingress of moisture and debris into the pavement structure through the joint.",ai_generated
US-8472559-B2,Polar transmitter and related signal transmitting method,"A polar transmitter comprising:
an input configured to receive a modulated baseband signal;
a signal decomposer coupled to the input, the signal decomposer configured to generate an amplitude signal and a phase signal from the modulated baseband signal;
a phase modulator coupled to the signal decomposer, the phase modulator configured to generate a phase-modulated radio frequency (RF) signal based on the phase signal;
an amplitude modulator coupled to the signal decomposer, the amplitude modulator configured to generate a modulated supply voltage based on the amplitude signal; and
a power amplifier coupled to the phase modulator and the amplitude modulator, the power amplifier configured to amplify the phase-modulated RF signal, wherein a supply voltage of the power amplifier is controlled by the modulated supply voltage generated by the amplitude modulator.",ai_generated
US-7467381-B2,Resource partitioning and direct access utilizing hardware support for virtualization,"A computing system, comprising:
a processor having hardware virtualization support;
a memory coupled to the processor;
at least one hardware resource coupled to the processor;
a hypervisor executing on the processor;
at least one virtual machine executing on the processor under control of the hypervisor;
wherein the processor, utilizing the hardware virtualization support, is configured to:
    allocate a dedicated portion of the at least one hardware resource to the at least one virtual machine; and
    enable the at least one virtual machine to directly access the allocated dedicated portion of the at least one hardware resource without requiring the hypervisor to mediate each access operation;
    wherein said hardware virtualization support facilitates both the allocation of the dedicated portion and the direct access thereto.",ai_generated
US-7301515-B2,Detectable flat panel display and recognition system therefor,"1. A system for recognizing a flat panel display, comprising:
    a flat panel display, wherein the flat panel display is configured to generate a machine-readable detectable pattern;
    an image capture device configured to obtain an image including the detectable pattern generated by the flat panel display; and
    a processing unit communicatively coupled to the image capture device, the processing unit configured to process the obtained image to recognize the detectable pattern and extract information therefrom.",ai_generated
US-6707372-B2,Thermal switch containing preflight test feature and fault location detection,"A thermal switch, comprising:
a thermal sensor configured to detect a temperature;
a switching element coupled to the thermal sensor, wherein the switching element is configured to change state upon detection of a predetermined temperature by the thermal sensor;
a preflight test controller configured to initiate a test sequence;
a test stimulus generator, responsive to the preflight test controller, configured to impart a thermal stimulus to the thermal sensor;
a test verification module coupled to the switching element, configured to determine an operational status of the thermal switch based on a state change of the switching element in response to the thermal stimulus;
a plurality of monitoring points integrated within the thermal switch, each monitoring point configured to provide a status signal;
a fault diagnostic module coupled to the plurality of monitoring points and the test verification module, configured to analyze the status signals and the operational status to identify a type and a location of a fault within the thermal switch; and
an output interface coupled to the fault diagnostic module, configured to communicate the identified type and location of the fault.",ai_generated
US-9528483-B2,High pressure fuel delivery pipe assembly for direct injection of fuel,"A high pressure fuel delivery pipe assembly for direct injection of fuel, comprising:
a rigid metallic conduit having an interior bore configured to convey fuel at pressures suitable for direct injection;
a first fitting coupled to a first end of said metallic conduit, said first fitting configured to fluidly connect said metallic conduit to a high pressure fuel source; and
a second fitting coupled to a second end of said metallic conduit, said second fitting configured to fluidly connect said metallic conduit to a fuel injector.",ai_generated
US-7543536-B2,Apparatus for transporting and positioning an inspection device within a walled cavity,"An apparatus for transporting and positioning an inspection device within a walled cavity, comprising:
a mobile chassis configured to traverse an interior volume of the walled cavity;
a propulsion system coupled to the mobile chassis, the propulsion system configured to propel the mobile chassis within the interior volume;
a positioning mechanism coupled to the mobile chassis, the positioning mechanism comprising an attachment interface configured to secure an inspection device and a motion assembly configured to adjust a spatial position and orientation of the secured inspection device relative to the mobile chassis; and
a control system communicatively coupled to the propulsion system and the positioning mechanism, the control system configured to control the propulsion system for transporting the mobile chassis and to control the motion assembly for positioning the inspection device.",ai_generated
US-6202467-B1,Hybrid integrated circuit for a gas sensor,"A hybrid integrated circuit for a gas sensor, comprising:
a substrate;
a gas sensing element mounted on the substrate, the gas sensing element configured to generate an electrical signal in response to a detected gas;
signal processing circuitry mounted on the substrate and electrically coupled to the gas sensing element, the signal processing circuitry configured to process the electrical signal generated by the gas sensing element;
control circuitry mounted on the substrate and electrically coupled to at least one of the gas sensing element or the signal processing circuitry, the control circuitry configured to manage operational parameters of the gas sensing element;
an output interface mounted on the substrate and electrically coupled to at least one of the signal processing circuitry or the control circuitry, the output interface configured to provide data representative of the detected gas;
and electrical interconnections on the substrate, coupling the gas sensing element, the signal processing circuitry, the control circuitry, and the output interface.",ai_generated
US-7404095-B2,Firmware controlled supply voltage adjustment,"A system for firmware controlled supply voltage adjustment, comprising:
a processor configured to execute firmware;
a voltage regulator coupled to the processor;
wherein the firmware, when executed by the processor, is configured to determine at least one operating parameter and generate a control signal based on the at least one determined operating parameter; and
wherein the voltage regulator is configured to receive the control signal and dynamically adjust an output supply voltage supplied to a load based on the received control signal.",ai_generated
US-6881958-B2,Phosphor plate positioning device,"A phosphor plate positioning device, comprising:
a plate-receiving portion configured to securely hold a phosphor plate;
a bite-engaging portion coupled to the plate-receiving portion, the bite-engaging portion configured to be gripped by a subject's teeth; and
an aiming member coupled to the plate-receiving portion and extending outwardly therefrom, the aiming member configured to provide an alignment guide for an X-ray source relative to the phosphor plate.",ai_generated
US-6324698-B1,Split sock,"A sock, comprising:
a toe portion;
a heel portion;
a sole portion extending between said toe portion and said heel portion;
an instep portion opposite said sole portion;
a cuff portion configured to receive a wearer's ankle and lower leg;
wherein said sock is longitudinally separable along a length extending from an opening of said cuff portion, along said instep portion, and to said toe portion, thereby defining a first longitudinal edge and a second longitudinal edge; and
a separable fastener mechanism disposed along said first longitudinal edge and said second longitudinal edge, said fastener mechanism operable to selectively engage and disengage said first and second longitudinal edges to transition said sock between an open, generally planar configuration and a closed, foot-receiving tubular configuration.",ai_generated
US-9013366-B2,Display environment for a plurality of display devices,"1. A display environment, comprising:
a plurality of display devices, each display device configured to render visual content;
a content source configured to provide visual content;
a display controller communicatively coupled to the content source and to the plurality of display devices, the display controller configured to receive the visual content from the content source and to distribute the visual content to the plurality of display devices; and
a spatial arrangement of the plurality of display devices;
wherein the display controller is further configured to manage the presentation of the visual content across the plurality of display devices to collectively form a unified visual output within the display environment.",ai_generated
US-8840473-B2,Shooting equipment shooting direction control system for shooter game,"A shooting direction control system for a shooter game, the system comprising:
a shooting equipment device configured to be manipulated by a user;
at least one sensor integrated within the shooting equipment device, the at least one sensor configured to detect at least one of an orientation and a positional movement of the shooting equipment device in a physical space;
a processing unit coupled to the at least one sensor, the processing unit configured to receive data from the at least one sensor and to determine a shooting direction command based on the detected at least one of the orientation and the positional movement; and
a communication module coupled to the processing unit, the communication module configured to transmit the determined shooting direction command to a game system for controlling a shot direction within the shooter game.",ai_generated
US-9654339-B1,Method and system for provisioning specification subsets for standards-based communication network devices,"A method for provisioning specification subsets for standards-based communication network devices in a communication network, the method comprising:
identifying a specific communication network device, said device being configured to operate according to at least one communication standard;
determining a required functional capability for said specific communication network device within said communication network;
selecting, based on said required functional capability, a specification subset from a comprehensive communication standard specification, wherein said specification subset defines only those parameters, protocols, and functionalities necessary for said required functional capability of said specific communication network device and omits those not necessary for said required functional capability;
transmitting said selected specification subset to said specific communication network device; and
configuring said specific communication network device according to said transmitted specification subset, thereby enabling said specific communication network device to operate with said required functional capability while minimizing resource utilization associated with the comprehensive communication standard specification.",ai_generated
US-7359619-B1,Transmitting signals to cause replays to be recorded at a plurality of receivers,"A method for transmitting signals to cause replays to be recorded at a plurality of receivers, the method comprising:
identifying, at a source, a temporal segment of a media stream for recording as a replay;
generating, at the source, a control signal comprising metadata identifying the temporal segment;
transmitting, from the source, the control signal to a plurality of distinct receivers; and
causing each of the plurality of distinct receivers to record the temporal segment of the media stream as a replay, based on receipt of the control signal.",ai_generated
US-7726088-B2,Flooring system,"A flooring system comprising:
A flooring system comprising:
    a plurality of flooring panels, each flooring panel having a top surface, a bottom surface, and a plurality of side edges;
    an interlocking mechanism disposed along at least two opposing side edges of each flooring panel, the interlocking mechanism configured to mechanically engage with an interlocking mechanism of an adjacent flooring panel to form a secure, substantially seamless joint;
    a core layer positioned between the top surface and the bottom surface of each flooring panel, the core layer being substantially waterproof; and
    a backing layer disposed on the bottom surface of each flooring panel, the backing layer providing sound dampening and moisture barrier properties.",ai_generated
US-9776651-B2,Cart,"A cart comprising a main frame structure;
at least two wheels rotatably coupled to the main frame structure;
a load-bearing platform operatively connected to the main frame structure, said platform configured to support items;
and a handle assembly extending from the main frame structure, said handle assembly configured to facilitate manual propulsion and steering of the cart;
wherein the main frame structure is selectively collapsible between an extended, operational configuration and a compact, storage configuration;
and wherein the handle assembly is height-adjustable and further comprises a locking mechanism for securing the handle assembly at a plurality of desired heights.",ai_generated
US-9234530-B1,Thermal energy recovery,"A method for thermal energy recovery, comprising:
receiving thermal energy from a thermal energy source into a heat transfer medium;
transferring said heat transfer medium from said thermal energy source to a thermal energy utilization system; and
recovering said thermal energy from said heat transfer medium within said thermal energy utilization system for a beneficial application.",ai_generated
US-8535137-B2,Card game methods and computer-readable medium for a card game incorporating scatter awards,"A method for operating a card game, the method comprising:
providing a plurality of cards, wherein at least a portion of the plurality of cards comprises at least one scatter symbol;
distributing a hand of cards to a player from the plurality of cards;
evaluating the hand of cards for one or more winning combinations;
evaluating the hand of cards for a number of scatter symbols present within the hand of cards, irrespective of a specific position or arrangement of the scatter symbols within the hand of cards;
determining a scatter award based on the number of scatter symbols present within the hand of cards; and
providing a payout to the player based on at least one of the one or more winning combinations and the scatter award.",ai_generated
US-8985091-B2,Double linkage triggering system used for crossbow,"A triggering system for a crossbow, comprising:
a housing configured to be mounted to a crossbow frame;
a trigger pivotally mounted within the housing;
a sear pivotally mounted within the housing, the sear configured to engage and retain a pre-stressed bowstring;
a first linkage element having a first end pivotally coupled to the trigger;
a second linkage element pivotally mounted within the housing, the second linkage element having a first end operatively coupled to the sear such that pivotal movement of the second linkage element disengages the sear from the pre-stressed bowstring;
wherein a second end of the first linkage element is configured to engage and pivot a second end of the second linkage element upon actuation of the trigger, thereby causing the disengagement of the sear from the pre-stressed bowstring and providing a mechanical advantage to the trigger pull.",ai_generated
US-7032596-B2,Cardiopulmonary resuscitation device and method,"A cardiopulmonary resuscitation device, comprising:
a chest compression mechanism configured to apply rhythmic compressions to a chest of a patient;
a ventilation mechanism configured to deliver ventilations to airways of the patient;
a controller operatively coupled to the chest compression mechanism and the ventilation mechanism, the controller configured to coordinate the rhythmic compressions and the ventilations according to a predetermined cardiopulmonary resuscitation protocol; and
a patient support structure configured to position the device relative to the patient's chest and airways to enable the application of the rhythmic compressions and the delivery of the ventilations.",ai_generated
US-9798088-B2,Barrier structures for underfill blockout regions,"A semiconductor package, comprising:
a substrate;
an electronic component positioned over the substrate, defining a gap therebetween;
an underfill material disposed within the gap, said underfill material configured to flow into the gap;
a blockout region on the substrate, wherein the underfill material is excluded from the blockout region; and
a barrier structure formed on the substrate, said barrier structure at least partially circumscribing the blockout region and physically preventing ingress of the underfill material into the blockout region during flow of the underfill material into the gap.",ai_generated
US-8306042-B1,Class-based deterministic packet routing,"A system for class-based deterministic packet routing, comprising:
a packet classification module configured to classify an incoming packet into one of a plurality of routing classes based on at least one characteristic of the incoming packet;
a routing policy module configured to store a mapping between each of the plurality of routing classes and a corresponding predetermined deterministic route; and
a packet forwarding module configured to route the classified packet along the corresponding predetermined deterministic route identified by the routing policy module.",ai_generated
US-8198693-B2,Solid-state image pickup apparatus and production method thereof,"1. A solid-state image pickup apparatus, comprising:
    a semiconductor substrate;
    a pixel array formed on the semiconductor substrate, the pixel array comprising a plurality of pixels, each pixel including a photodetector configured to generate an electrical charge in response to incident light;
    readout circuitry formed on the semiconductor substrate and communicatively coupled to the pixel array, the readout circuitry configured to read out the electrical charge from each pixel and convert the electrical charge into an analog electrical signal;
    an analog-to-digital converter coupled to the readout circuitry, the analog-to-digital converter configured to convert the analog electrical signal into a digital electrical signal;
    control circuitry coupled to the pixel array, the readout circuitry, and the analog-to-digital converter, the control circuitry configured to control operation of the pixel array, the readout circuitry, and the analog-to-digital converter, including timing of charge generation, signal readout, and conversion; and
    an output interface coupled to the analog-to-digital converter, the output interface configured to output image data based on the digital electrical signals.",ai_generated
US-6575526-B2,Hydroform structural reinforcement system,"A structural reinforcement system comprising:
a reinforcement member defining an internal cavity and an outer surface, said outer surface configured to be positioned adjacent to a surface of a structural component to be reinforced;
a fluid pressure source fluidly coupled to the internal cavity of the reinforcement member;
a sealing mechanism configured to seal the internal cavity of the reinforcement member;
wherein, upon introduction of fluid under pressure from the fluid pressure source into the sealed internal cavity, the reinforcement member is configured to expand radially outwardly, thereby exerting a reinforcing force against the structural component and conforming the outer surface of the reinforcement member to the surface of the structural component.",ai_generated
US-8192220-B2,Socket connector with load plate equipped with locking device,"A socket connector, comprising:
a load plate configured to apply pressure to an electrical component when installed in the socket connector, said load plate being movably coupled to the socket connector; and
a locking device, said locking device being integrated with or coupled to said load plate and configured to selectively secure said load plate in a loaded position.",ai_generated
US-9781786-B2,Control circuit and method of a LED driver,"A control circuit for an LED driver, the control circuit comprising:
a power input configured to receive an input power signal;
a sensing module configured to detect an operating parameter of an LED string coupled to the LED driver, the operating parameter including at least one of an LED current and an LED voltage;
a control unit coupled to the sensing module, the control unit configured to generate a control signal based on a comparison between the detected operating parameter and a predetermined reference parameter; and
an output driver coupled to the control unit, the output driver configured to generate an output drive signal for controlling the LED driver circuit, wherein the output drive signal regulates the operating parameter of the LED string to maintain it substantially at the predetermined reference parameter.",ai_generated
US-6549472-B2,Packet-based integrated circuit dynamic random access memory device incorporating an on-chip row register cache to reduce data access latencies,"A packet-based integrated circuit dynamic random access memory (DRAM) device, comprising:
a DRAM array structured into rows and columns for storing data;
an on-chip row register cache integrated with the DRAM array; and
packet processing circuitry coupled to the DRAM array and the on-chip row register cache;
wherein the packet processing circuitry is configured to receive memory access requests as packets; to retrieve data from a selected row of the DRAM array into the on-chip row register cache upon an initial access to the selected row; and to provide data from the on-chip row register cache in response to subsequent memory access requests for data within the selected row, thereby reducing data access latencies.",ai_generated
US-9004135-B2,Method and apparatus for bonding together two wafers by molecular adhesion,"A method for bonding together two wafers by molecular adhesion, comprising:
    preparing a first surface of a first wafer and a second surface of a second wafer to enable molecular adhesion;
    bringing the prepared first surface into intimate contact with the prepared second surface; and
    initiating molecular bonding between the first surface and the second surface to form a bonded wafer pair.",ai_generated
US-7579258-B2,Semiconductor interconnect having adjacent reservoir for bonding and method for formation,"A semiconductor interconnect comprising:
a conductive pathway configured to electrically couple a first semiconductor element to a second semiconductor element;
wherein the conductive pathway comprises a bonding interface configured for metallurgical bonding to at least one of the first semiconductor element or the second semiconductor element; and
at least one reservoir disposed adjacent to the bonding interface of the conductive pathway;
wherein the at least one reservoir is configured to store a bonding material; and
wherein the bonding material is configured to be supplied from the at least one reservoir to the bonding interface during a bonding process to form a metallurgical bond between the conductive pathway and at least one of the first semiconductor element or the second semiconductor element.",ai_generated
US-6318016-B1,Luminous fishing lure,"A luminous fishing lure, comprising:
a lure body having an elongated form, said lure body configured to be submerged in water and further configured to be retrieved through water;
said lure body having a first end and a second end;
a line attachment point disposed at said first end of said lure body;
at least one hook coupled to said lure body, said at least one hook configured to engage a fish; and
a luminous element integrated with said lure body, said luminous element configured to emit light when submerged in water, thereby attracting fish.",ai_generated
US-6492147-B2,Method for producing microbial polyester,"A method for producing microbial polyester, comprising:
cultivating a microorganism capable of producing polyester in a culture medium comprising a carbon source under conditions suitable for polyester accumulation by the microorganism; and
recovering the polyester from the microorganism.",ai_generated
US-8492023-B2,Electric vehicle propulsion system and method utilizing solid-state rechargeable electrochemical cells,"Here is a patent claim 1 for an electric vehicle propulsion system:

1.  An electric vehicle propulsion system comprising:
    a battery pack comprising a plurality of solid-state rechargeable electrochemical cells;
    at least one electric motor electrically coupled to the battery pack, said at least one electric motor configured to generate motive force for an electric vehicle;
    an inverter electrically coupled between the battery pack and the at least one electric motor, said inverter configured to convert direct current (DC) power from the battery pack into alternating current (AC) power for the at least one electric motor;
    a controller electrically coupled to the battery pack, the inverter, and the at least one electric motor, said controller configured to manage power flow between the battery pack and the at least one electric motor, and to control operation of the at least one electric motor; and
    a charging interface electrically coupled to the battery pack, said charging interface configured to receive external electrical power for recharging the plurality of solid-state rechargeable electrochemical cells.",ai_generated
US-8080633-B2,Antiviral compositions comprising a multiple branched peptide construct containing human CD38 leukocyte surface antigen polypeptides,"Claim 1. An antiviral composition comprising a multiple branched peptide construct, wherein said multiple branched peptide construct comprises at least one human CD38 leukocyte surface antigen polypeptide.",ai_generated
US-6242222-B1,Programmed sequential mutagenesis,"1. A method for programmed sequential mutagenesis, the method comprising:
    defining a sequence of desired mutations for a target nucleic acid molecule or protein; and
    introducing a plurality of said desired mutations into the target nucleic acid molecule or protein in a predetermined sequential order corresponding to said defined sequence of mutations.",ai_generated
US-9776948-B2,Process for the preparation of succinic acid ester,"A process for the preparation of succinic acid ester comprising:
reacting succinic acid with an alcohol in the presence of an esterification catalyst under esterification conditions; and
recovering the succinic acid ester.",ai_generated
US-6914104-B2,Process for polymerization of α-olefin,"A process for the polymerization of an α-olefin, comprising:
contacting at least one α-olefin monomer with a catalyst system in a reaction zone;
wherein said catalyst system comprises a transition metal compound and an activator;
maintaining said reaction zone at an effective polymerization temperature ranging from about 0°C to about 200°C and an effective polymerization pressure ranging from about 1 bar to about 100 bar;
and recovering a poly-α-olefin therefrom.",ai_generated
US-8814346-B2,Metallic ink jet printing system and method for graphics applications,"1. A metallic ink jet printing system for graphics applications, comprising:
    an ink jet printhead configured to eject droplets of metallic ink;
    an ink supply system fluidically coupled to the ink jet printhead, the ink supply system containing a metallic ink composition;
    a substrate transport mechanism configured to position a substrate relative to the ink jet printhead for printing;
    a controller coupled to the ink jet printhead and the substrate transport mechanism, the controller configured to receive graphics data and generate print control signals for causing the ink jet printhead to selectively eject the metallic ink composition onto the substrate to form a metallic graphic thereon according to the graphics data; and
    a curing apparatus positioned to treat the metallic ink composition deposited on the substrate to fix the metallic graphic.",ai_generated
US-8043997-B2,Lost circulation material formulation and method of use,"A lost circulation material formulation comprising:
a fibrous component comprising at least one of natural fibers and synthetic fibers;
a particulate bridging agent comprising particles having a range of sizes configured to bridge and seal fractures within a subterranean formation;
a fluid loss control additive configured to reduce permeability of a filter cake formed against a subterranean formation; and
a carrier fluid,
wherein the formulation is configured to be introduced into a wellbore to mitigate or prevent the loss of drilling fluid into the subterranean formation.",ai_generated
US-8603335-B2,Filter with ejection mechanism,"What is claimed is:
1.  A filter device comprising:
    a housing defining an internal filtration chamber;
    a filter element disposed within the filtration chamber, the filter element configured to separate particulate matter from a fluid passing through the filtration chamber;
    a fluid inlet defined by the housing and configured to introduce unfiltered fluid into the filtration chamber;
    a fluid outlet defined by the housing and configured to discharge filtered fluid from the filtration chamber; and
    an ejection mechanism operably coupled to the housing and configured to selectively displace the filter element from the filtration chamber.",ai_generated
US-8909133-B2,Gain measurement and monitoring for wireless communication systems,"A method for gain measurement and monitoring in a wireless communication system, comprising:
receiving an input signal at an amplifier within the wireless communication system;
measuring a first characteristic of the input signal;
amplifying the input signal to produce an output signal;
measuring a second characteristic of the output signal;
determining an operational gain value based on the measured first characteristic and the measured second characteristic; and
monitoring said operational gain value by comparing said operational gain value to a predetermined gain threshold.",ai_generated
US-8952035-B2,Combination of anti-angiogenic substance and anti-tumor platinum complex,"I claim:

1.  A composition for use in treating cancer comprising a therapeutically effective amount of an anti-angiogenic substance; and a therapeutically effective amount of an anti-tumor platinum complex.",ai_generated
US-9836122-B2,Eye glint imaging in see-through computer display systems,"A see-through computer display system, comprising:
a see-through display configured to present virtual content to a user while allowing the user to view an external environment through the display;
an illumination source integrated with the see-through display, wherein the illumination source is configured to emit light towards an eye of the user to generate an eye glint; and
an image sensor integrated with the see-through display, wherein the image sensor is configured to capture an image of the eye glint generated by the illumination source from the eye of the user.",ai_generated
US-9649153-B2,Delivery devices with coolable energy emitting assemblies,"What follows is a potential Claim 1 based on the invention title. Keep in mind that a true patent claim drafting process would involve a detailed understanding of the invention's specifics, novel features, and prior art. This is a generic example.

An energy delivery device, comprising:
a housing;
an energy emitting assembly disposed within the housing, the energy emitting assembly configured to generate and emit energy towards a target region; and
a cooling system operatively coupled to the energy emitting assembly, the cooling system comprising at least one cooling element configured to actively reduce a temperature of at least a portion of the energy emitting assembly during operation of the energy emitting assembly.",ai_generated
US-8394127-B2,Low profile spinal prosthesis incorporating a bone anchor having a deflectable post and a compound spinal rod,"A low profile spinal prosthesis comprising:
a bone anchor configured for implantation into a vertebral body;
the bone anchor including a head portion and a deflectable post extending from the head portion;
the deflectable post configured to engage with a spinal rod and to permit angular adjustment of the spinal rod relative to the bone anchor head, and further configured to rigidly fix the spinal rod once adjusted;
a compound spinal rod having a longitudinal axis and a first portion and a second portion;
the first portion and the second portion comprising different materials or having different mechanical properties along the longitudinal axis;
the compound spinal rod configured to be received and secured by the deflectable post of the bone anchor;
the compound spinal rod further configured to distribute biomechanical loads across multiple vertebral segments, thereby providing a low profile spinal prosthesis for stabilization of a spinal segment.",ai_generated
US-8070797-B2,Medical device with a porous surface for delivery of a therapeutic agent,"A medical device, comprising:
a porous surface disposed on at least a portion of the medical device, the porous surface defining a plurality of pores; and
a therapeutic agent disposed within the plurality of pores for delivery of the therapeutic agent to a target site.",ai_generated
US-8466073-B2,Capping layer for reduced outgassing,"A capping layer for reducing outgassing from an underlying material, the capping layer comprising:
a material characterized by low permeability to volatile compounds;
wherein the capping layer is disposed over an underlying material susceptible to outgassing; and
wherein the capping layer forms a substantially hermetic barrier between the underlying material and an ambient environment, thereby effectively reducing a rate of outgassing of volatile compounds from the underlying material.",ai_generated
US-9479061-B2,DC to DC converter assembly,"A DC to DC converter assembly, comprising:
an input terminal configured to receive a first direct current (DC) voltage;
an output terminal configured to provide a second direct current (DC) voltage;
a power conversion stage coupled between the input terminal and the output terminal, the power conversion stage comprising at least one semiconductor switching device and at least one passive energy storage component; and
a control unit coupled to the power conversion stage, the control unit configured to generate switching signals to control operation of the at least one semiconductor switching device, thereby converting the first DC voltage to the second DC voltage.",ai_generated
US-8298238-B2,Methods and apparatus for pivotable guide surfaces for arthroplasty,"An apparatus for arthroplasty, comprising:
a main body configured for attachment to a bone;
at least one guide surface disposed on said main body, said at least one guide surface configured to guide a surgical instrument;
a pivot mechanism operatively coupling said at least one guide surface to said main body, said pivot mechanism configured to allow said at least one guide surface to pivot about an axis relative to said main body; and
a locking mechanism configured to selectively fix said at least one guide surface at a desired angular orientation relative to said main body.",ai_generated
US-7718616-B2,Bone growth particles and osteoinductive composition thereof,"An osteoinductive composition, comprising bone growth particles; wherein the bone growth particles comprise a biocompatible calcium phosphate material; said particles having a size range effective for promoting bone ingrowth and formation; and further comprising a pharmaceutically acceptable carrier.",ai_generated
US-7478557-B2,Common centroid micromachine driver,"1. A micromachine driver, comprising:
    an input configured to receive a control signal;
    an output configured to provide an actuation signal to a micromachine;
    a driver circuit coupled between the input and the output, the driver circuit configured to generate the actuation signal based on the control signal;
    wherein at least one matched circuit element within the driver circuit is physically arranged in a common centroid layout on a semiconductor substrate to reduce mismatch due to process variations.",ai_generated
US-8416473-B2,Solid-state imaging device,"What follows is an example of a broad claim 1 for a solid-state imaging device. Patent claims are highly specific to the actual invention's novel features, so this is a generic example.

1.  A solid-state imaging device, comprising:
    a plurality of photodetectors arranged in an array, each photodetector configured to generate an electrical charge in response to incident light;
    a charge transfer mechanism coupled to the plurality of photodetectors, the charge transfer mechanism configured to transfer the electrical charge from the photodetectors;
    a readout circuit coupled to the charge transfer mechanism, the readout circuit configured to convert the transferred electrical charge into an output signal; and
    an output terminal coupled to the readout circuit, the output terminal configured to output the output signal.",ai_generated
US-6319242-B1,Apparatus and method for controlled removal of stenotic material from stents,"An apparatus for controlled removal of stenotic material from a stent located within a body lumen, comprising:
a flexible catheter body configured for intravascular delivery to a stent deployed within a body lumen;
a treatment element disposed at a distal end of the flexible catheter body, the treatment element configured to interact with and remove stenotic material from the stent;
a sensing element disposed at the distal end of the flexible catheter body, the sensing element configured to detect a characteristic difference between the stenotic material and the stent material;
a control unit operably coupled to the flexible catheter body, the control unit configured to receive data from the sensing element and to regulate operation of the treatment element based on the detected characteristic difference, thereby preferentially removing the stenotic material while substantially preserving the integrity of the stent; and
an energy delivery system operably coupled to the control unit and the treatment element, for providing activation energy to the treatment element.",ai_generated
US-6508272-B1,Device and method for operating at least two valves,"A device for operating at least two valves, comprising:
at least a first valve and a second valve;
an operating mechanism configured to selectively change an operational state of said at least a first valve and said second valve; and
a controller communicatively coupled to said operating mechanism, said controller configured to generate and transmit control signals to said operating mechanism to cause said operating mechanism to change the operational state of said at least a first valve and said second valve according to a predetermined operating scheme.",ai_generated
US-7736080-B2,Writing instrument with a tape flag dispenser,"A writing instrument comprising:
a body having a first end and a second end;
a writing component extending from the first end of the body;
a tape flag dispenser mechanism integrated within the body, said tape flag dispenser mechanism configured to dispense individual tape flags;
a supply of tape flags housed within the body and operatively connected to the tape flag dispenser mechanism; and
an egress opening in the body, said egress opening configured to allow passage of said individual tape flags from the body.",ai_generated
US-8349437-B2,Temporary outdoor graphic film,"A temporary outdoor graphic film comprising:
a polymeric film layer having a first major surface configured for receiving a graphic print and a second major surface opposite the first major surface, said polymeric film layer being weather-resistant and UV-stable;
a pressure-sensitive adhesive layer disposed on the second major surface of the polymeric film layer, said adhesive layer being a temporary adhesive, wherein the temporary adhesive is clean-removable from a substrate after outdoor exposure for a period of at least three months without leaving substantial residue or damaging the substrate;
and a removable release liner temporarily adhered to the pressure-sensitive adhesive layer, thereby protecting the adhesive layer prior to application.",ai_generated
US-9338905-B2,Curved display apparatus,"A curved display apparatus, comprising:
a display panel having a curved display surface configured to present visual information;
a housing structured to support the curved display panel; and
at least one electronic circuit electrically coupled to the curved display panel, the at least one electronic circuit configured to provide display signals to the curved display panel.",ai_generated
US-9211324-B2,"Chimeric infectious DNA clones, chimeric porcine circoviruses and uses thereof",An isolated chimeric infectious DNA clone comprising a nucleic acid sequence; wherein said nucleic acid sequence comprises a genomic backbone of a first porcine circovirus and a heterologous nucleic acid sequence derived from a second porcine circovirus; wherein said first and second porcine circoviruses are distinct; and wherein said chimeric infectious DNA clone is capable of replicating and producing infectious chimeric porcine circovirus particles.,ai_generated
US-6389345-B2,Method and apparatus for determining a cross slope of a surface,"An apparatus for determining a cross slope of a surface, comprising:
a housing configured to be positioned on the surface such that a predetermined axis of the housing is aligned with a cross-slope direction of the surface;
at least one tilt sensor disposed within the housing, the at least one tilt sensor configured to generate a signal indicative of an angle of tilt of the housing relative to a horizontal plane along said predetermined axis;
a processing unit communicatively coupled to the at least one tilt sensor, the processing unit configured to receive the signal and to calculate the cross slope of the surface based on the indicated angle of tilt; and
an output interface communicatively coupled to the processing unit, the output interface configured to provide an indication of the calculated cross slope.",ai_generated
US-6251246-B1,Material for establishing solid state contact for ion selective electrodes,"A material for establishing solid state contact for an ion selective electrode, comprising:
an electronically conductive component; and
a redox-active component;
wherein the electronically conductive component and the redox-active component are physically integrated to form a solid layer configured to be positioned between an ion-selective membrane and an external electronic conductor, thereby facilitating stable electronic potential transduction.",ai_generated
US-6936007-B2,Method and apparatus for health and disease management combining patient data monitoring with wireless internet connectivity,"A method for health and disease management, comprising:
monitoring patient data, wherein the patient data includes physiological and/or behavioral metrics obtained from one or more patient-worn sensors or input devices;
wirelessly transmitting said monitored patient data via an internet connection to a remote computing system;
receiving said transmitted patient data at the remote computing system;
analyzing said received patient data to identify health status indicators, trends, or potential health risks;
generating health management recommendations or alerts based on said analysis; and
wirelessly delivering said recommendations or alerts to a display device or communication interface associated with the patient or a healthcare provider, thereby enabling remote and proactive health and disease management.",ai_generated
US-7427225-B2,Remote control toy top,"A remote control toy top comprising:
a top housing configured to enclose internal components and provide an outer shell for the toy top;
a rotatable shaft extending from the top housing and configured to contact a surface for spinning;
a motor disposed within the top housing and mechanically coupled to the rotatable shaft, the motor configured to impart rotational motion to the rotatable shaft;
a first power source disposed within the top housing and electrically coupled to the motor and a receiver, the first power source configured to provide electrical energy;
the receiver disposed within the top housing and electrically coupled to a first control circuitry, the receiver configured to receive wireless control signals;
the first control circuitry disposed within the top housing and electrically coupled to the receiver and the motor, the first control circuitry configured to interpret received wireless control signals and control operation of the motor based on said signals;
a remote control housing separate from the top housing;
at least one user input device disposed on the remote control housing, the user input device configured to generate user input signals;
a transmitter disposed within the remote control housing and electrically coupled to a second control circuitry, the transmitter configured to wirelessly transmit control signals;
a second power source disposed within the remote control housing and electrically coupled to the transmitter and the at least one user input device, the second power source configured to provide electrical energy; and
the second control circuitry disposed within the remote control housing and electrically coupled to the at least one user input device and the transmitter, the second control circuitry configured to generate the wireless control signals based on the user input signals.",ai_generated
US-6909514-B2,Wheel profile inspection apparatus and method,"I will provide a claim 1 for an apparatus. A method claim would follow a similar structure but focus on steps rather than components.

Here is a possible claim 1 for the 'Wheel profile inspection apparatus':

1.  An apparatus for inspecting a profile of a wheel, the apparatus comprising:
    a sensor system configured to acquire profile data from a surface of the wheel as the wheel passes through an inspection zone;
    a positioning mechanism configured to establish a relative spatial relationship between the sensor system and the wheel to enable comprehensive profile data acquisition;
    a processing unit communicatively coupled to the sensor system and configured to receive the acquired profile data and determine at least one profile characteristic of the wheel based on the received profile data; and
    an output interface communicatively coupled to the processing unit and configured to present an inspection result derived from the determined profile characteristic.",ai_generated
US-6188547-B1,Slider with pressure relief trenches,"A slider comprising:
a body;
a sliding surface defined by the body and configured for relative movement against a mating surface; and
a plurality of pressure relief trenches formed in the sliding surface, wherein the plurality of pressure relief trenches are configured to reduce pressure generated between the sliding surface and the mating surface during said relative movement.",ai_generated
US-6579020-B2,Thermal printer,"A thermal printer comprising:
a print head comprising a plurality of thermal elements, the print head configured to selectively heat a thermal print media;
a media feed mechanism operably coupled to the print head, the media feed mechanism configured to advance the thermal print media past the print head;
a controller operably coupled to the print head and the media feed mechanism, the controller configured to receive print data and generate control signals for selectively activating the plurality of thermal elements and for controlling the advancement of the thermal print media based on the print data; and
a housing enclosing the print head, the media feed mechanism, and the controller;
whereby an image is formed on the thermal print media.",ai_generated
US-7805319-B2,Systems and methods for a consumer to determine food/medicine interactions,"A system for facilitating determination of potential food-medicine interactions for a consumer, the system comprising:
a data input interface configured to receive, from the consumer, at least one medication identifier and at least one food identifier;
a memory storing a plurality of known food-medicine interaction data;
a processor communicatively coupled to the data input interface and the memory, the processor configured to compare the received at least one medication identifier and the received at least one food identifier with the stored plurality of known food-medicine interaction data and to identify at least one potential food-medicine interaction based on the comparison; and
an output interface communicatively coupled to the processor, the output interface configured to present information regarding the identified at least one potential food-medicine interaction to the consumer.",ai_generated
US-7958032-B2,Generating event messages corresponding to event indicators,"A method for generating event messages corresponding to event indicators, the method comprising:
receiving, by a computing system, a plurality of event indicators, wherein each event indicator is indicative of an occurrence of a particular event;
identifying, for each received event indicator, an event type associated therewith;
extracting event data from the received event indicator based on the identified event type;
selecting an event message template from a plurality of predefined event message templates, wherein the selection is based on the identified event type;
populating the selected event message template with the extracted event data to form a customized event message;
generating the customized event message;
and transmitting the customized event message to a designated recipient.",ai_generated
US-9497697-B2,Magnetically securing two screens of a handheld communication device,"1. A handheld communication device, comprising:
    a first display screen;
    a second display screen;
    a first magnetic securing element disposed on or within the first display screen; and
    a second magnetic securing element disposed on or within the second display screen,
    wherein the first magnetic securing element and the second magnetic securing element are configured to magnetically engage to secure the first display screen to the second display screen.",ai_generated
US-8540826-B2,Method of surface treatment of aluminum foil and its alloy and method of producing immobilized nanocatalyst of transition metal oxides and their alloys,"A method of producing an immobilized nanocatalyst on a surface of an aluminum substrate, the method comprising:
treating a surface of an aluminum foil or an aluminum alloy foil to prepare a surface adapted for catalyst immobilization; and
immobilizing a nanocatalyst comprising transition metal oxides or alloys thereof onto the prepared surface.",ai_generated
US-7859802-B2,Burden resistor temperature compensation algorithm,"A method for compensating for temperature effects on a burden resistor in an electrical measurement circuit, the method comprising:
obtaining a raw voltage measurement across the burden resistor;
obtaining a temperature measurement associated with the burden resistor;
accessing stored temperature-resistance characteristic data for the burden resistor, the stored data defining a relationship between the resistance of the burden resistor and temperature;
calculating a temperature-compensated resistance value for the burden resistor based on the obtained temperature measurement and the accessed temperature-resistance characteristic data;
determining a compensated current value flowing through the burden resistor using the obtained raw voltage measurement and the calculated temperature-compensated resistance value; and
outputting the compensated current value.",ai_generated
US-7940652-B1,Pseudowire protection using a standby pseudowire,"A method for pseudowire protection, comprising:
establishing an active pseudowire between a first provider edge (PE) device and a second PE device;
establishing a standby pseudowire between the first PE device and the second PE device, wherein the standby pseudowire is configured to carry service traffic upon failure of the active pseudowire;
transmitting the service traffic over the active pseudowire;
monitoring a status of the active pseudowire;
detecting a fault associated with the active pseudowire based on the monitoring; and
in response to detecting the fault, switching transmission of the service traffic from the active pseudowire to the standby pseudowire.",ai_generated
US-9662464-B2,Automatic pairing of wireless peripherals in a system such as pressure support respiratory therapy system,"A system for providing patient therapy, comprising:
a therapy delivery unit configured to provide therapy to a patient, the therapy delivery unit comprising a first wireless transceiver and a processor;
at least one wireless peripheral device configured to monitor a patient parameter or deliver therapy, the at least one wireless peripheral device comprising a second wireless transceiver; and
a non-transitory computer readable medium coupled to the processor and storing instructions, which when executed by the processor, configure the therapy delivery unit to:
automatically detect a presence of the at least one wireless peripheral device within a communication range of the first wireless transceiver; and
responsive to detecting the presence, automatically establish a secure wireless communication link between the therapy delivery unit and the at least one wireless peripheral device without user initiation of a pairing process, thereby pairing the at least one wireless peripheral device with the therapy delivery unit for use in providing patient therapy.",ai_generated
US-8120448-B2,High frequency nanotube oscillator,"An oscillator, comprising:
a nanotube resonator;
a support structure physically coupled to the nanotube resonator, wherein the nanotube resonator is configured to oscillate relative to the support structure at a high frequency;
an actuation mechanism coupled to the nanotube resonator, the actuation mechanism configured to induce mechanical oscillation of the nanotube resonator; and
a detection mechanism coupled to the nanotube resonator, the detection mechanism configured to detect mechanical oscillation of the nanotube resonator and generate an electrical output signal representative of said mechanical oscillation.",ai_generated
US-6919662-B2,Motor,"I am unable to provide legal advice or prepare actual patent claims, as this requires specific expertise in patent law and a thorough understanding of the invention and prior art. However, I can provide an example of a possible structure for a patent claim 1 for an invention titled ""Motor,"" based on a hypothetical electric motor with specific features.

Here is an example:

1. A motor comprising:
a housing defining an interior volume;
a stator assembly disposed within the interior volume of the housing, the stator assembly including a plurality of electromagnetic windings circumferentially arranged around a central axis;
a rotor assembly rotatably disposed within the stator assembly and configured to rotate about the central axis, the rotor assembly including a rotor core and a plurality of permanent magnets embedded within the rotor core, wherein the permanent magnets are arranged in a V-shape configuration within individual rotor slots to concentrate magnetic flux; and
a shaft mechanically coupled to the rotor assembly, extending outwardly from the housing, and configured to transmit rotational output, the shaft rotatably supported by at least one bearing assembly within the housing.",ai_generated
US-7349551-B2,Lapel microphone with push to talk switch,"A lapel microphone apparatus, comprising:
a housing dimensioned to be discreetly worn on an item of clothing;
a microphone element disposed within the housing, the microphone element configured to convert ambient sound into an electrical audio signal;
a push-to-talk switch mechanically coupled to the housing, the push-to-talk switch electrically coupled to the microphone element and configured to selectively enable and disable an output of the electrical audio signal from the microphone element;
an attachment mechanism coupled to the housing, the attachment mechanism configured to removably secure the housing to the item of clothing; and
an output cable electrically coupled to the microphone element and the push-to-talk switch, the output cable configured to transmit the selectively enabled electrical audio signal to an external communication device.",ai_generated
US-8248358-B2,Altering frame rates in a MEMS display by selective line skipping,"A method for altering a frame rate in a Micro-Electro-Mechanical System (MEMS) display, comprising:
selectively omitting at least one line of image data intended for display by the MEMS display during a frame period;
wherein said selective omitting of at least one line of image data alters the frame rate of the MEMS display.",ai_generated
US-7950084-B1,Multi-layer mattress with an air filtration foundation,"A multi-layer mattress comprising:
    a plurality of comfort and support layers arranged vertically to form a mattress body;
    an air filtration foundation positioned beneath at least a portion of the mattress body;
    said air filtration foundation comprising:
        a housing defining an internal air passage;
        at least one air inlet port disposed in the housing and configured to draw ambient air into the internal air passage;
        at least one air outlet port disposed in the housing and configured to discharge filtered air from the internal air passage;
        a filter element positioned within the internal air passage between the at least one air inlet port and the at least one air outlet port, said filter element configured to remove particulate matter and/or contaminants from air passing therethrough; and
        an air moving device fluidly connected to the internal air passage and configured to generate an airflow from the at least one air inlet port, through the filter element, and to the at least one air outlet port.",ai_generated
US-7863101-B2,Stacking semiconductor device and production method thereof,"A stacked semiconductor device, comprising:
a first semiconductor die comprising a first active circuit region;
a second semiconductor die comprising a second active circuit region, the second semiconductor die being vertically disposed over and physically coupled to the first semiconductor die;
a bonding interface physically coupling the first semiconductor die and the second semiconductor die;
a plurality of vertical electrical interconnects electrically coupling the first active circuit region of the first semiconductor die to the second active circuit region of the second semiconductor die;
wherein at least a portion of the plurality of vertical electrical interconnects comprises through-silicon vias (TSVs) extending through one of the first semiconductor die or the second semiconductor die; and
an external interconnect structure electrically coupled to at least one of the first semiconductor die or the second semiconductor die, the external interconnect structure configured for external signal communication.",ai_generated
US-6642935-B1,Image displaying apparatus and method thereof,"An image displaying apparatus, comprising:
an image data receiving unit configured to receive image data;
an image processing unit coupled to the image data receiving unit, the image processing unit configured to process the received image data by at least adjusting display parameters thereof;
a display panel coupled to the image processing unit, the display panel configured to render an image based on the processed image data;
a control unit coupled to at least the image processing unit and the image data receiving unit, the control unit configured to manage operation of the image displaying apparatus; and
a memory unit coupled to the image processing unit and the control unit, the memory unit configured to store program instructions executable by at least one of the image processing unit and the control unit.",ai_generated
US-7590172-B2,Low bias estimation of small signal-to-noise ratio,"A method for low bias estimation of a signal-to-noise ratio (SNR) under small SNR conditions, the method comprising:
receiving a composite signal comprising a signal component and a noise component;
obtaining a first statistical measure representing a total power of the composite signal;
obtaining a second statistical measure representing a noise power of the noise component;
employing an estimation function that combines the first statistical measure and the second statistical measure to produce an estimated signal-to-noise ratio, wherein the estimation function is specifically configured to mitigate estimation bias that arises when the signal-to-noise ratio is small; and
outputting the estimated signal-to-noise ratio as a low-bias estimate.",ai_generated
US-9156536-B1,Marine propulsion system with efficient engine speed delta,"A marine propulsion system with efficient engine speed control, comprising:
at least one marine engine configured to generate rotational power;
at least one propeller operatively coupled to the at least one marine engine;
a shaft system connecting the at least one marine engine to the at least one propeller;
at least one engine speed sensor configured to detect an actual engine speed of the at least one marine engine;
at least one operational parameter sensor configured to detect at least one operational parameter indicative of a vessel operating condition; and
a propulsion control unit (PCU) in operative communication with the at least one marine engine, the PCU configured to;
    receive the actual engine speed from the at least one engine speed sensor;
    receive the at least one operational parameter from the at least one operational parameter sensor;
    determine a target engine speed based on the actual engine speed, the at least one operational parameter, and a pre-defined efficiency criterion;
    calculate a target engine speed delta, representing a difference between the actual engine speed and the determined target engine speed, such that adjusting the actual engine speed by the target engine speed delta moves the engine towards an optimal operating point according to the efficiency criterion; and
    generate an engine control signal to adjust the actual engine speed of the at least one marine engine in accordance with the calculated target engine speed delta, thereby efficiently optimizing at least one of fuel consumption, power delivery, or emissions.",ai_generated
US-9590789-B2,Techniques for reducing communication errors in a wireless communication system,"A method for reducing communication errors in a wireless communication system, comprising:
transmitting, by a wireless communication device, a plurality of data units encoded with error control information over a wireless communication channel;
receiving, by the wireless communication device, feedback information indicative of a reception quality of the transmitted data units;
determining, by the wireless communication device, at least one characteristic of communication errors based on the received feedback information;
adaptively adjusting, by the wireless communication device, at least one communication parameter for subsequent transmissions over the wireless communication channel based on the determined at least one characteristic of communication errors; and
transmitting, by the wireless communication device, subsequent data units over the wireless communication channel using the adjusted at least one communication parameter to reduce communication errors.",ai_generated
US-8308395-B2,"Road construction machine, leveling device, as well as method for controlling the milling depth or milling slope in a road construction machine","A road construction machine, comprising:
a chassis;
a milling tool, configured to mill a road surface, operatively connected to the chassis;
an adjustment mechanism, operatively connected to the milling tool and configured to adjust a vertical position or an angular inclination of the milling tool relative to the chassis;
a leveling device, comprising:
    at least one sensor, configured to detect an actual vertical position or an actual angular inclination of the milling tool relative to a reference;
    a control unit, operatively connected to the at least one sensor and to the adjustment mechanism, the control unit being configured to receive sensor data from the at least one sensor and to generate control signals based on a comparison between the detected actual vertical position or actual angular inclination and a target milling depth or a target milling slope;
wherein the adjustment mechanism is configured to receive the control signals from the control unit and to adjust the vertical position or the angular inclination of the milling tool to achieve the target milling depth or the target milling slope.",ai_generated
US-8961969-B2,Antagonist antibodies against EphB3,"1. An isolated antibody or antigen-binding fragment thereof that specifically binds to EphB3;
wherein the antibody or antigen-binding fragment thereof antagonizes EphB3 activity.",ai_generated
US-6641251-B1,Printing system for printing in scan and print media feed directions and method of performing a printing operation,"A printing system, comprising:
a print media transport mechanism configured to advance print media along a print media feed direction;
a printhead assembly comprising at least one printhead, said printhead assembly configured to apply print fluid to said print media;
a printhead scanning mechanism coupled to said printhead assembly, said printhead scanning mechanism configured to reciprocate said printhead assembly across said print media along a scan direction, said scan direction being substantially orthogonal to said print media feed direction;
a controller communicatively coupled to said print media transport mechanism, said printhead assembly, and said printhead scanning mechanism, said controller configured to control said print media transport mechanism, said printhead assembly, and said printhead scanning mechanism to perform a printing operation;
wherein said controller is further configured to selectively configure said printing system to operate in a first mode wherein image formation on said print media progresses primarily along said scan direction, and to selectively configure said printing system to operate in a second mode wherein image formation on said print media progresses primarily along said print media feed direction.",ai_generated
US-9748707-B2,Signal transmission cable,"A signal transmission cable comprising:
at least one elongated electrical conductor configured to transmit an electrical signal;
a dielectric insulation layer concentrically disposed around each said at least one elongated electrical conductor, wherein said dielectric insulation layer comprises a foamed polymeric material configured to minimize signal attenuation at high frequencies;
a shielding layer surrounding said at least one elongated electrical conductor and said dielectric insulation layer, wherein said shielding layer comprises a laminated metallic foil wrap circumferentially enclosing said foamed polymeric material and configured to provide improved electromagnetic interference suppression; and
an outer protective jacket enclosing said at least one elongated electrical conductor, said dielectric insulation layer, and said shielding layer, wherein said outer protective jacket comprises a flame-retardant, low-smoke-zero-halogen (LSZH) compound.",ai_generated
US-6553345-B1,Universal remote control allowing natural language modality for television and multimedia searches and requests,"A universal remote control apparatus, comprising:
an input interface configured to receive natural language commands from a user;
a processing unit communicatively coupled to the input interface, the processing unit configured to process the received natural language commands, to interpret the processed natural language commands to identify a user request, wherein the user request is directed to at least one of a television function or a multimedia function, and to generate a control signal corresponding to the identified user request; and
a communication interface communicatively coupled to the processing unit, the communication interface configured to transmit the generated control signal to at least one of a television or a multimedia device.",ai_generated
US-7919194-B2,High strength steel sheet having superior ductility,"A high strength steel sheet;
said steel sheet comprising, by weight percent:
carbon from 0.05% to 0.25%;
manganese from 1.0% to 3.0%;
silicon from 0.5% to 2.5%;
aluminum from 0.01% to 1.5%;
phosphorus less than 0.03%;
sulfur less than 0.008%;
optionally, at least one alloying element selected from the group consisting of niobium, titanium, vanadium, chromium, molybdenum, boron, and nickel, each in an amount of up to 1.0% by weight;
and a remainder of iron and inevitable impurities;
wherein said steel sheet has a tensile strength of at least 980 MPa;
wherein said steel sheet has a total elongation of at least 18%; and
wherein said steel sheet has a product of tensile strength (MPa) and total elongation (%) of at least 20,000 MPa*%.",ai_generated
US-8658905-B2,Multilayer wiring substrate,"A multilayer wiring substrate, comprising:
a plurality of dielectric layers;
a plurality of wiring layers interleaved with the plurality of dielectric layers; and
a plurality of via conductors electrically connecting at least two of the plurality of wiring layers through at least one of the plurality of dielectric layers.",ai_generated
US-6399759-B1,Ant proteases and methods of inhibition,"An isolated protease, wherein said protease is derived from an ant and is capable of hydrolyzing a peptide bond, and wherein the activity of said protease is susceptible to inhibition by a protease inhibitor.",ai_generated
US-6561333-B2,Spring clutch utilizing torque slip clips,"A spring clutch comprising:
a drive member configured to receive input torque;
a driven member configured to output torque;
a clutch plate assembly disposed between said drive member and said driven member, said clutch plate assembly including at least one friction surface;
a spring mechanism configured to apply a clamping force to said clutch plate assembly to selectively engage said drive member and said driven member; and
a plurality of torque slip clips distinct from said spring mechanism, wherein each of said torque slip clips is mechanically coupled to said clutch plate assembly and configured to selectively reduce the effective clamping force applied by said spring mechanism, thereby allowing controlled relative rotational movement between said drive member and said driven member when a predetermined torque threshold is exceeded.",ai_generated
US-6661844-B2,"Adaptive method of encoding and decoding a series of pictures by transformation, and devices for implementing this method","A method for encoding and decoding a series of pictures, comprising:
    at an encoder, receiving an input series of pictures;
    analyzing at least one characteristic of said input series of pictures;
    adaptively selecting an encoding transformation scheme from a plurality of available transformation schemes based on said at least one characteristic;
    applying said selected encoding transformation scheme to encode said input series of pictures into an encoded bitstream;
    generating said encoded bitstream, wherein said encoded bitstream comprises information indicative of said selected encoding transformation scheme;
    and, at a decoder, receiving said encoded bitstream;
    extracting said information indicative of said selected encoding transformation scheme from said encoded bitstream;
    adaptively selecting a decoding transformation scheme corresponding to said extracted information;
    applying said selected decoding transformation scheme to decode said encoded bitstream into a reconstructed series of pictures;
    and outputting said reconstructed series of pictures.",ai_generated
US-6331628-B1,Process for the preparation of benzonitrile compounds,"1. A process for the preparation of a benzonitrile compound, comprising:
    contacting a benzene derivative, said benzene derivative comprising a functional group convertible to a cyano group, with a reagent capable of converting said functional group to a cyano group;
    under conditions effective to facilitate said conversion;
    thereby forming the benzonitrile compound.",ai_generated
US-6203317-B1,Orthodontic elastomeric ligature with slippery coating and method of making same,"An orthodontic elastomeric ligature, comprising;
an elastomeric body; and
a slippery coating disposed on at least a portion of the elastomeric body.",ai_generated
US-7726976-B2,Shielded electrical interconnect,"1. A shielded electrical interconnect, comprising:
    a cable core, the cable core comprising at least one electrical conductor and an insulating material surrounding the at least one electrical conductor, electrically isolating the at least one electrical conductor;
    a conductive shield layer circumferentially disposed around the cable core, wherein the conductive shield layer is configured to attenuate electromagnetic interference to and from the at least one electrical conductor;
    and an outer protective jacket enclosing the conductive shield layer.",ai_generated
US-7886567-B2,Steering rack manufacture,"A method of manufacturing a steering rack, the method comprising:
providing a metal blank;
machining the metal blank to form a main body portion having a predetermined length and cross-section;
forming a plurality of rack teeth along a longitudinal surface of the main body portion;
machining end portions of the main body portion to include connection features for tie rods;
selectively heat treating at least the plurality of rack teeth to achieve a desired hardness profile; and
finishing the surface of the steering rack to meet specified surface roughness and corrosion resistance requirements.",ai_generated
US-8744278-B2,"Method for electric power supply of optical receiver, digital signal processing circuit, and optical receiver","A method for supplying electric power within an optical receiver, the method comprising:
receiving an optical signal at a photodetector of the optical receiver;
converting the received optical signal into an electrical signal;
generating an electric power supply by deriving power from at least one of: the received optical signal, the electrical signal converted from the optical signal, or an external power source;
conditioning the generated electric power supply;
supplying the conditioned electric power supply to at least one component of the optical receiver, including a digital signal processing circuit; and
controlling at least one operational parameter of the electric power supply or power consumption of the optical receiver using the digital signal processing circuit.",ai_generated
US-7416590-B2,Water-based ink set for ink-jet recording,"A water-based ink set for ink-jet recording, comprising:
a plurality of water-based inks, said plurality of water-based inks including at least a cyan ink, a magenta ink, a yellow ink, and a black ink;
wherein each of the plurality of water-based inks comprises a colorant, water, at least one water-soluble organic solvent, and at least one surfactant;
wherein each of the plurality of water-based inks has a viscosity ranging from 1.5 mPa·s to 5.0 mPa·s at 25°C and a surface tension ranging from 25 mN/m to 45 mN/m at 25°C;
wherein the colorant in at least one of the plurality of water-based inks is a pigment;
wherein the ink set is configured for jetting onto a recording medium to form an image;
and wherein the ink set is capable of producing an image with improved print quality characteristics selected from the group consisting of optical density, color gamut, drying time, and bleed resistance.",ai_generated
US-7412512-B2,Indirect addressing method and system for locating a target element in a communication network,"A method for locating a target element in a communication network, the method comprising:
obtaining, at a source element, an indirect identifier associated with a target element in the communication network, said indirect identifier being insufficient for direct addressing of the target element within the communication network;
transmitting, from the source element, a location request to an address resolution entity in the communication network, said location request comprising the indirect identifier;
resolving, by the address resolution entity, the indirect identifier to a direct network address for the target element;
transmitting, from the address resolution entity to the source element, the direct network address; and
establishing, by the source element, communication with the target element using the received direct network address.",ai_generated
US-6568658-B2,Quick-connect railing connector,"A quick-connect railing connector, comprising:
a first connector body configured to engage a rail member;
a second connector body configured to engage a structural support member;
said first connector body comprising a male engagement feature;
said second connector body defining a female receptacle configured to receive the male engagement feature;
wherein at least one of the first connector body or the second connector body includes a resilient locking element;
said resilient locking element configured to automatically engage a corresponding retention feature upon insertion of the male engagement feature into the female receptacle;
thereby mechanically securing the first connector body to the second connector body without requiring separate tools or external fasteners for initial assembly;
wherein the secured first connector body and second connector body are configured to resist disengagement from gravitational and typical lateral forces encountered by a railing system.",ai_generated
US-9192518-B2,System for treating ophthalmic target tissue using a treatment pattern of lesions,"1. A system for treating ophthalmic target tissue, the system comprising:
    a laser source configured to generate laser energy;
    an optical beam delivery system coupled to the laser source, the optical beam delivery system configured to direct the laser energy to an ophthalmic target tissue;
    a pattern generation unit coupled to the optical beam delivery system, the pattern generation unit configured to dynamically form a treatment pattern on the ophthalmic target tissue; and
    a control unit coupled to the laser source and the pattern generation unit, the control unit configured to control emission of the laser energy from the laser source and operation of the pattern generation unit to deliver the laser energy to the ophthalmic target tissue to create a plurality of lesions thereon according to the treatment pattern.",ai_generated
US-7849444-B2,Test executive with buffer overwrite detection for parameters of user-supplied code modules,"1. An apparatus comprising:
    at least one processor;
    and memory coupled to the at least one processor, the memory storing instructions that, when executed by the at least one processor, configure the apparatus to function as a test executive by:
        receiving one or more user-supplied code modules;
        preparing parameters for execution of the one or more user-supplied code modules, wherein each parameter is associated with a memory buffer;
        executing the one or more user-supplied code modules;
        monitoring the memory buffers associated with the parameters during execution of the one or more user-supplied code modules;
        detecting a buffer overwrite condition in at least one of the monitored memory buffers;
        and providing an indication of the detected buffer overwrite condition.",ai_generated
US-7064628-B2,Crossbar switch,"1. A crossbar switch comprising:
a plurality of input lines;
a plurality of output lines;
a switching matrix comprising a plurality of switching elements, each switching element positioned at an intersection of one of the plurality of input lines and one of the plurality of output lines; and
a control unit configured to selectively actuate at least one of the plurality of switching elements to establish a connection between a selected input line and a selected output line through a corresponding actuated switching element.",ai_generated
US-7197213-B2,System and method for controlling deflection of optical beams,"What follows is an example of patent claim 1 for the given invention title. It is important to note that a real patent application would involve a much more detailed understanding of the actual invention, including its specific components, functionality, and advantages, to draft claims that accurately and broadly protect the invention.

**Claim 1**

A system for controlling deflection of optical beams, comprising:
a beam deflector configured to receive an input optical beam and to impart a deflection to the input optical beam along a deflection path; and
a controller operably coupled to the beam deflector, the controller configured to generate a control signal based on at least one predetermined parameter, wherein the control signal is transmitted to the beam deflector to adjust the deflection of the input optical beam according to the at least one predetermined parameter.",ai_generated
US-8263331-B2,Device and method for the detection of an analyte,"A device for the detection of an analyte; comprising:
a sample inlet configured to receive a sample suspected of containing the analyte;
a fluid pathway fluidly coupled to the sample inlet;
a sensing element disposed within the fluid pathway and configured to selectively interact with the analyte;
a detector communicatively coupled to the sensing element, the detector configured to generate a signal indicative of the interaction between the sensing element and the analyte;
a processing unit communicatively coupled to the detector, the processing unit configured to analyze the signal and determine the presence or concentration of the analyte; and
an output interface communicatively coupled to the processing unit, the output interface configured to present detection results.",ai_generated
US-7270781-B2,System for producing alloy containing rare earth metal,"A system for producing an alloy containing a rare earth metal, comprising:
a melting furnace configured to melt at least one base metal to form a molten base metal;
a rare earth metal introduction mechanism configured to introduce a rare earth metal or a rare earth master alloy into the molten base metal within a processing chamber;
an inert gas supply system fluidly coupled to the processing chamber, configured to maintain an inert atmosphere within the processing chamber during the introduction of the rare earth metal and subsequent alloying;
an agitation device configured to homogenize the molten alloy containing the rare earth metal;
a tapping mechanism configured to draw the homogenized molten alloy from the processing chamber; and
a casting apparatus configured to receive the homogenized molten alloy and form a solidified alloy product containing the rare earth metal.",ai_generated
US-7175411-B2,Process for the production of a cable and device for performing this process,"A process for the production of a cable, the process comprising:
    providing at least one conductor;
    applying an insulation layer over the at least one conductor to form at least one insulated conductor;
    forming a cable core using the at least one insulated conductor; and
    applying an outer protective layer over the cable core to produce the cable.",ai_generated
US-8433331-B2,Initial connection establishment in a wireless communication system,"A method for initial connection establishment in a wireless communication system, comprising:
  a wireless device identifying and synchronizing with an available network access point;
  the wireless device transmitting an initial access request message to the available network access point;
  the available network access point allocating communication resources to the wireless device based on the initial access request message; and
  the wireless device receiving an indication of the allocated communication resources from the available network access point to establish a wireless communication link.",ai_generated
US-9596676-B2,Calibration of a downlink transmit path of a base station,"A method for calibrating a downlink transmit path of a base station, the method comprising:
generating a test signal at a baseband processor of the base station;
transmitting the test signal through a downlink transmit chain of the base station;
coupling a portion of the transmitted test signal from the downlink transmit chain to a receive chain within the base station;
down-converting and digitizing the coupled portion of the transmitted test signal to generate a digitized feedback signal;
determining, based on the digitized feedback signal, one or more performance characteristics of the downlink transmit path;
comparing the one or more determined performance characteristics to one or more desired performance characteristics;
calculating one or more calibration parameters for the downlink transmit path based on the comparison; and
applying the one or more calculated calibration parameters to adjust operation of the downlink transmit path during subsequent downlink transmissions.",ai_generated
US-9395969-B2,Complex computer environment installation,"A method for installing a complex computer environment comprising a plurality of interdependent software and/or hardware components, the method comprising:
obtaining an environment definition for said complex computer environment, wherein said environment definition specifies said plurality of interdependent software and/or hardware components and their inter-component dependencies;
analyzing said environment definition to identify a structured deployment order for said plurality of interdependent software and/or hardware components based on said specified inter-component dependencies;
automatically provisioning each of said plurality of interdependent software and/or hardware components onto one or more target computing resources according to said structured deployment order;
applying specific configuration parameters to each of said provisioned components based on said environment definition; and
performing a validation check to confirm the successful and operational installation of said complex computer environment.",ai_generated
US-7070797-B2,Method of treating hematologic tumors and cancers,"A method of treating hematologic tumors and cancers, comprising administering to a subject diagnosed with a hematologic tumor or cancer a therapeutically effective amount of a pharmaceutical composition comprising an active agent; thereby treating said hematologic tumor or cancer in said subject.",ai_generated
US-9509135-B2,Fault current limiter,"A fault current limiter, comprising:
a current monitoring unit configured to measure current flowing through an electrical circuit and to detect a fault condition when the measured current exceeds a predetermined threshold;
a control unit communicatively coupled to the current monitoring unit, the control unit configured to generate a limiting activation signal upon detection of the fault condition; and
a current limiting element coupled in series with the electrical circuit and electrically coupled to the control unit, the current limiting element configured to modify an electrical characteristic of the electrical circuit in response to the limiting activation signal to reduce current flow through the electrical circuit during the fault condition.",ai_generated
US-8998652-B2,Interactive pin array device,"A device comprising:
a plurality of pins arranged in an array;
each of said plurality of pins being independently movable along a longitudinal axis;
a plurality of actuators, each actuator mechanically coupled to a respective pin of said plurality of pins and configured to selectively move said respective pin;
at least one sensor configured to detect an environmental input or a user input; and
a controller in communication with said plurality of actuators and said at least one sensor;
wherein said controller is configured to receive input data from said at least one sensor and, based on said input data, generate control signals to selectively actuate at least a subset of said plurality of actuators, thereby causing corresponding movement of at least a subset of said plurality of pins to create a dynamic tactile display or haptic feedback.",ai_generated
US-9473707-B2,Systems and methods for producing visual representations of objects,"A system for producing visual representations of objects, comprising a memory storing computer-executable instructions; and a processor coupled to the memory, the processor configured to execute the computer-executable instructions to perform operations comprising: acquiring data descriptive of an object; generating a visual representation of the object based on the acquired data; and causing a display device to present the visual representation.",ai_generated
US-8842592-B2,System and method for registration of a network access device during loss of power,"A system for registration of a network access device during loss of power, the system comprising:
a network access device, comprising a communication interface configured to transmit and receive data over a network; a power management module configured to monitor an operational power supply of the network access device; a backup power source selectively activatable to provide power to at least a portion of the network access device; and a processor coupled to the communication interface, the power management module, and the backup power source; wherein the processor is configured to:
detect a degradation in the operational power supply via the power management module, indicative of an impending power loss condition;
responsive to detecting the degradation in the operational power supply, activate the backup power source;
initiate a registration procedure with a network server over the network via the communication interface, said registration procedure configured to update a registration state of the network access device with the network server; and
transmit, using power from the activated backup power source, registration data associated with the registration procedure to the network server prior to a complete cessation of the operational power supply, thereby registering the network access device during loss of power.",ai_generated
US-9886439-B2,Archival management of database logs,"A system for archival management of database logs, the system comprising:
a log acquisition module configured to obtain database log data generated by a database system;
an archival policy module configured to establish one or more archival policies, wherein each archival policy defines criteria for identifying database log data eligible for archival;
a log archival module communicatively coupled to the log acquisition module and the archival policy module, the log archival module configured to:
    evaluate the obtained database log data against the one or more archival policies;
    select database log data that satisfies the criteria of an archival policy;
    process the selected database log data for archival, wherein processing comprises at least one of compressing the selected database log data or encrypting the selected database log data; and
    generate archival metadata descriptive of the selected database log data;
an archival storage module configured to store the processed database log data and the generated archival metadata in an archival storage system; and
a retrieval module communicatively coupled to the archival storage module, the retrieval module configured to receive a retrieval query for specific database log data and, utilizing the generated archival metadata, retrieve the specific database log data from the archival storage system.",ai_generated
US-8439525-B2,Luminaires having enhanced light distribution and applications thereof,"A luminaire, comprising:
a housing;
at least one light source disposed within the housing; and
an optical assembly supported by the housing and optically coupled to the at least one light source, the optical assembly comprising one or more optical elements specifically configured to shape and direct light emitted from the at least one light source to produce an optimized light distribution pattern over a target region.",ai_generated
US-6198214-B1,Large area spacer-less field emissive display package,"A large area field emissive display package, comprising:
a front substrate having an inner surface defining an anode electrode and a phosphor layer;
a rear substrate having an inner surface defining a cathode array comprising a plurality of field emitters;
a vacuum gap defined between the inner surface of the front substrate and the inner surface of the rear substrate;
a peripheral seal hermetically coupling the front substrate to the rear substrate to form a vacuum enclosure;
wherein said vacuum gap is maintained across a large display area without the inclusion of discrete structural spacers bridging said vacuum gap within an active display region of the display package.",ai_generated
US-8964592-B2,"Wireless terminal device, wireless communication system and control method for wireless terminal device","A wireless terminal device, comprising:
a transceiver configured to transmit and receive wireless signals;
a processor communicatively coupled to the transceiver; and
a memory communicatively coupled to the processor, wherein the memory stores instructions that, when executed by the processor, cause the wireless terminal device to monitor a wireless communication condition associated with the wireless terminal device, determine an operational parameter or mode for wireless communication based on the monitored wireless communication condition, and configure the transceiver to operate according to the determined operational parameter or mode.",ai_generated
US-6681008-B2,Automated toll-free telecommunications information service and apparatus,"I will provide a standard patent claim 1 based on the title, describing a system (apparatus).

1.  A system for providing automated toll-free telecommunications information, comprising:
    a telecommunications interface configured to receive an incoming toll-free telephone call from a remote caller;
    an interactive voice response (IVR) module coupled to the telecommunications interface, the IVR module configured to provide audio prompts to the caller and receive caller input corresponding to an information request;
    a database storing a plurality of information records;
    a processing unit coupled to the IVR module and the database, the processing unit configured to interpret the caller input to identify a requested information record from the database and retrieve the identified requested information record;
    an audio playback module coupled to the processing unit and the telecommunications interface, the audio playback module configured to convert the retrieved information record into an audio signal; and
    transmit the audio signal through the telecommunications interface to the remote caller.",ai_generated
US-7206597-B2,Transmission apparatus and auto gain control method,"A transmission apparatus for performing auto gain control, said apparatus comprising:
a signal input configured to receive an input signal;
a variable gain element coupled to the signal input, said variable gain element configured to apply a variable gain to the input signal;
a signal detector coupled to an output of said variable gain element, said signal detector configured to measure a signal level characteristic of a signal output by said variable gain element;
an output port configured to output an output signal based on the signal output by said variable gain element; and
a controller coupled to said signal detector and to said variable gain element, said controller configured to generate a gain control signal based on said measured signal level characteristic and to provide said gain control signal to said variable gain element to adjust said variable gain, wherein said gain control signal is generated to maintain said signal level characteristic of said output signal substantially constant at a predetermined target level.",ai_generated
US-9759287-B2,Torque-transmitting coupling,"1. A torque-transmitting coupling comprising:
    a first coupling member configured to receive input torque from a driving shaft;
    a second coupling member configured to transmit output torque to a driven shaft; and
    a torque transfer assembly disposed between the first coupling member and the second coupling member;
    wherein the torque transfer assembly is configured to transmit torque from the first coupling member to the second coupling member.",ai_generated
US-7691771-B2,Regeneration of ionic liquid catalyst by hydrogenation using a supported catalyst,"A method for regenerating an ionic liquid catalyst, the method comprising:
contacting a spent ionic liquid catalyst with hydrogen in the presence of a supported catalyst;
wherein said contacting effects a hydrogenation reaction to regenerate the ionic liquid catalyst; and
recovering the regenerated ionic liquid catalyst.",ai_generated
US-6299809-B1,Method and composition for making foamed polyethylene material,"A method for making a foamed polyethylene material, comprising:
combining a polyethylene resin, a blowing agent, and a nucleating agent to form a polymer mixture;
heating the polymer mixture to a temperature above the melting point of the polyethylene resin to form a molten polymer composition;
extruding the molten polymer composition through a die into an environment of lower pressure, thereby expanding the molten polymer composition and activating the blowing agent to form a foamed polyethylene material; and
cooling the foamed polyethylene material to stabilize its cellular structure.",ai_generated
US-6724522-B2,Light wave conversion arrangement and method for making same for dental procedures,"A light wave conversion arrangement for dental procedures, comprising a light source configured to emit input light waves; a light conversion material optically coupled to the light source, the light conversion material configured to absorb at least a portion of the input light waves and emit output light waves having a different characteristic than the input light waves; and an output aperture configured to direct the emitted output light waves toward a target area during a dental procedure.",ai_generated
US-8153051-B2,Method and apparatus for heating steel components in a continuous furnace,"A method for heating steel components in a continuous furnace, comprising:
continuously introducing steel components into an entry end of a continuous furnace;
transporting the steel components through a plurality of heating zones within the continuous furnace;
heating the steel components in at least one of the plurality of heating zones according to a predetermined temperature profile; and
continuously discharging the heated steel components from an exit end of the continuous furnace.",ai_generated
US-9619644-B2,Third-party captive portal,"1. A system, comprising:
a network gateway configured to intercept network traffic from a client device attempting to access a network;
a redirection module configured to direct the client device to a captive portal interface hosted by a third-party server upon intercepting the network traffic, wherein the third-party server is external to a network infrastructure providing the network access;
a communication interface configured to facilitate an interaction between the client device and the third-party server via the captive portal interface, the interaction comprising at least one of user authentication, user authorization, or user agreement with terms presented by the third-party server; and
an access control module configured to receive an authorization status from the third-party server based on the interaction and, responsive to a successful authorization status, grant the client device access to the network.",ai_generated
US-6502202-B1,Self-adjusting multi-speed pipeline,"A self-adjusting multi-speed pipeline system, comprising:
a plurality of pipeline segments, each segment configured to perform a discrete operation on an input stream;
a monitoring unit configured to continuously assess at least one operational parameter associated with the pipeline system;
a control unit communicatively coupled to the monitoring unit, wherein the control unit is configured to determine a target operating speed for at least one of the plurality of pipeline segments based on the assessed operational parameter; and
an adjustment mechanism communicatively coupled to the control unit and at least one of the plurality of pipeline segments, wherein the adjustment mechanism is configured to dynamically alter an operating speed of said at least one of the plurality of pipeline segments according to the target operating speed determined by the control unit.",ai_generated
US-9301680-B2,"Device for monitoring position and movements of an eye, particularly suitable for ocular radiotherapy","A device for monitoring position and movements of an eye, particularly suitable for ocular radiotherapy, comprising:
an image acquisition unit configured to acquire images of at least a portion of an eye;
an illumination source configured to illuminate said portion of the eye during image acquisition;
a processing unit operatively coupled to the image acquisition unit and configured to receive said acquired images;
wherein the processing unit is further configured to: analyze the acquired images to identify at least one anatomical feature of the eye; determine a real-time three-dimensional position of the eye based on the identified anatomical feature; and track movements of the eye by continuously updating said real-time three-dimensional position;
an output interface operatively coupled to the processing unit and configured to provide data representative of the monitored position and movements of the eye;
wherein the output interface is further configured to generate an alert signal or provide control data if the monitored position or movements deviate from a predetermined tolerance range.",ai_generated
US-9733866-B2,Dynamic drive selection for migration of files based on file size for a data storage system,"A data storage system comprising:
    a file identification component configured to identify a file for migration from a source storage drive;
    a file size determination component configured to determine a size of the identified file;
    a drive selection component configured to dynamically select a target storage drive from a plurality of available storage drives for the identified file based on the determined size of the identified file; and
    a file migration component configured to migrate the identified file from the source storage drive to the selected target storage drive.",ai_generated
US-8108572-B2,Communication system and its method and communication apparatus and its method,"A communication system, comprising:
a first communication apparatus including a first processor and a first transceiver, the first processor configured to generate communication data and to control the first transceiver to transmit the communication data;
a second communication apparatus including a second processor and a second transceiver, the second processor configured to receive communication data via the second transceiver and to process the received communication data;
a communication channel coupling the first communication apparatus and the second communication apparatus for facilitating data transfer therebetween;
wherein at least one of the first communication apparatus and the second communication apparatus is configured to monitor a plurality of channel conditions of the communication channel; and
wherein at least one of the first communication apparatus and the second communication apparatus is further configured to adapt at least one transmission parameter of the communication data based on the monitored channel conditions to optimize a communication performance metric.",ai_generated
US-7257501-B2,Apparatus and method for identifying informative data in a process control environment,"An apparatus for identifying informative data in a process control environment, comprising:
    a data input module configured to receive process data representing a plurality of process parameters from the process control environment;
    a processing unit communicatively coupled to the data input module, the processing unit configured to apply an analysis algorithm to the received process data to identify informative data, wherein the informative data is indicative of at least one of a deviation from an expected operational state or a significant operational trend within the process control environment; and
    an output module communicatively coupled to the processing unit, the output module configured to communicate the identified informative data or an alert based on the identified informative data.",ai_generated
US-8602718-B2,Transverse-axis turbine with twisted foils,"A transverse-axis turbine, comprising a rotor; said rotor mounted for rotation about a central axis; a plurality of foils coupled to said rotor, wherein each of said foils extends substantially parallel to said central axis of rotation; wherein each of said plurality of foils comprises a twisted aerodynamic profile along its length; said twisted aerodynamic profile defining a variable chord angle along the length of each foil; said variable chord angle configured to optimize aerodynamic interaction with a fluid flow; whereby the turbine is operable to extract energy from said fluid flow.",ai_generated
US-7616121-B2,"Method for attaching IC tag, article with IC tag attached, and IC tag","Here is a potential claim 1, focusing on the ""article with IC tag attached"" as it often provides the broadest protection for a novel combination:

An article comprising:
an article body; and
an IC tag attached to the article body, the IC tag comprising an integrated circuit and an antenna, wherein the IC tag is configured to wirelessly communicate data.",ai_generated
US-7614245-B2,Fuel cell power generation refrigerating system,"I will provide a broad and foundational claim 1 for a ""Fuel cell power generation refrigerating system,"" assuming the invention leverages both the electrical and thermal outputs of the fuel cell for efficiency, which is a common advantage of such systems.

**Claim 1:**

A system comprising:
a fuel cell stack configured to convert a fuel into electrical energy and heat;
a refrigerating unit configured to produce a cooling effect;
an electrical power coupling configured to transfer at least a portion of the electrical energy generated by the fuel cell stack to the refrigerating unit to power the refrigerating unit; and
a thermal energy transfer mechanism configured to transfer at least a portion of the heat generated by the fuel cell stack to the refrigerating unit for use in producing the cooling effect.",ai_generated
US-9573632-B2,Suspension system for a driver&#39;s compartment of a vehicle,"1. A suspension system for a driver's compartment of a vehicle, comprising:
a driver's compartment;
a vehicle chassis;
at least one support member coupled between the driver's compartment and the vehicle chassis;
at least one resilient element operatively coupled between the driver's compartment and the vehicle chassis;
and at least one damping element operatively coupled between the driver's compartment and the vehicle chassis.",ai_generated
US-8457753-B2,Neural stimulation for increased contrast,"A method for increasing perceptual contrast in a subject, the method comprising:
    applying neural stimulation to at least one neural region within a nervous system of the subject;
    wherein the applied neural stimulation is configured to enhance a perceived difference between distinct stimuli or features experienced by the subject.",ai_generated
US-8678703-B2,Watercraft lift,"A watercraft lift comprising:
a frame structure configured to be positioned relative to a body of water;
at least one watercraft support member coupled to the frame structure and configured to engage a watercraft; and
a lifting mechanism coupled to the frame structure and operatively connected to the at least one watercraft support member, wherein the lifting mechanism is configured to vertically displace the at least one watercraft support member to raise and lower the watercraft relative to the body of water.",ai_generated
US-9792508-B2,Apparatus for recognizing lane partition lines,"An apparatus for recognizing lane partition lines, comprising:
an image acquisition unit configured to capture real-time image data of a road ahead of a vehicle;
an image processing unit operatively coupled to the image acquisition unit, the image processing unit configured to receive the real-time image data;
a feature extraction module integrated within the image processing unit, the feature extraction module configured to identify candidate line segments from the received image data;
a lane line classification module integrated within the image processing unit, the lane line classification module configured to distinguish and classify the identified candidate line segments as lane partition lines based on predetermined criteria; and
an output unit operatively coupled to the image processing unit, the output unit configured to generate a recognition result indicating the identified lane partition lines.",ai_generated
US-8520915-B2,Medical image diagnosis apparatus specifying a spot on a projection image for subsequent 3D imaging,"A medical image diagnosis apparatus, comprising:
a display unit configured to present a projection image of a subject;
a user input device configured to enable a user to select a specific spot on the presented projection image;
a processing unit coupled to the display unit and the user input device, the processing unit configured to determine a spatial coordinate corresponding to the selected specific spot; and
a communication interface coupled to the processing unit, the communication interface configured to transmit control instructions based on the determined spatial coordinate to a three-dimensional (3D) imaging device, the control instructions directing the 3D imaging device to acquire a 3D image of a region of interest encompassing the determined spatial coordinate.",ai_generated
US-8455968-B2,Storage element and memory device,"A memory device, comprising:
an array of storage elements arranged in rows and columns, each storage element configured to store a data bit;
a plurality of word lines coupled to respective rows of the array of storage elements;
a plurality of bit lines coupled to respective columns of the array of storage elements; and
control circuitry coupled to the plurality of word lines and the plurality of bit lines, wherein the control circuitry is configured to select at least one storage element by activating a selected word line and a selected bit line, and to perform a memory operation on the selected at least one storage element, the memory operation being at least one of a write operation to store the data bit or a read operation to retrieve the data bit.",ai_generated
US-9094153-B2,Dynamic modulation selection,"1. A method comprising:
obtaining a plurality of operational parameters associated with a communication environment, the plurality of operational parameters including at least one of channel quality indicators, desired data throughput, or energy consumption targets;
selecting a modulation scheme from a plurality of available modulation schemes based on the plurality of operational parameters and according to a set of predetermined criteria; and
modulating data signals for transmission over a communication channel using the selected modulation scheme.",ai_generated
US-7365751-B2,Texture processor,"A texture processor, comprising:
an input interface configured to receive texture-related input, wherein the texture-related input comprises source texture data or parameters for texture generation;
a processing unit coupled to the input interface, the processing unit configured to perform at least one texture operation on the texture-related input, the at least one texture operation selected from the group consisting of texture synthesis, texture analysis, texture transformation, and texture filtering, wherein the texture operation modifies or creates spatial patterns, surface properties, or visual characteristics represented by the texture;
a memory module coupled to the processing unit, the memory module configured to store processed texture data; and
an output interface coupled to the processing unit, the output interface configured to provide the processed texture data for a subsequent application.",ai_generated
US-6697983-B1,Data link layer tunneling technique for high-speed data in a noisy wireless environment,"A method for tunneling data link layer frames to enable high-speed data transmission in a noisy wireless environment, the method comprising:
  receiving, at a transmitting node, a data link layer frame;
  encapsulating the received data link layer frame into a tunnel frame by adding a tunnel header, the tunnel header comprising error control information and sequencing information;
  applying an adaptive error resilience scheme to the tunnel frame prior to transmission, the adaptive error resilience scheme dynamically adjusting at least one parameter based on sensed wireless channel conditions to mitigate noise effects;
  transmitting the tunnel frame over a wireless medium at a data rate configured for high-speed throughput;
  receiving, at a receiving node, the tunnel frame from the wireless medium;
  processing the received tunnel frame, including performing error detection and, if necessary, error correction or requesting retransmission based on the error control information, the sequencing information, and the adaptive error resilience scheme; and
  decapsulating the original data link layer frame from the processed tunnel frame;
  wherein the encapsulation, adaptive error resilience scheme, and transmission cooperate to maintain high data throughput across the noisy wireless environment.",ai_generated
US-8078044-B2,"Image stabilization apparatus, image sensing apparatus and image stabilization method","An image stabilization apparatus, comprising:
  a motion sensor configured to detect movement of the image stabilization apparatus;
  a processing unit coupled to the motion sensor, configured to determine a compensation value based on the detected movement; and
  a correction unit coupled to the processing unit, configured to apply an image stabilization correction based on the determined compensation value.",ai_generated
US-9533144-B2,Stimulus signal for simultaneous measurement of auditory steady state responses and psychophysical pitch discrimination,"A stimulus signal configured for simultaneous measurement of auditory steady state responses and psychophysical pitch discrimination, the stimulus signal comprising a carrier signal having a time-varying instantaneous frequency, wherein the variation in instantaneous frequency defines at least two distinct pitch components for psychophysical pitch discrimination; and an amplitude modulation applied to the carrier signal, the amplitude modulation having a modulation frequency selected to evoke an auditory steady state response.",ai_generated
US-6323062-B1,Wafer coating method for flip chips,"A method for coating a wafer for flip chips, the method comprising:
providing a semiconductor wafer comprising a plurality of integrated circuits and a plurality of interconnection pads;
applying a functional coating layer over the semiconductor wafer;
patterning the functional coating layer to expose at least a portion of the plurality of interconnection pads;
and conditioning the patterned functional coating layer to provide a desired property for subsequent flip chip assembly.",ai_generated
US-7110880-B2,Communication method and arrangement,"A communication method, comprising:
establishing a communication link between a first communication entity and a second communication entity;
exchanging data between the first communication entity and the second communication entity via the established communication link;
monitoring, by at least one of the first communication entity or the second communication entity, one or more dynamic communication conditions associated with the communication link or the exchanged data;
determining, based on the monitored one or more dynamic communication conditions, at least one optimized communication parameter for the exchanging of data; and
applying the at least one optimized communication parameter to the communication link for subsequent exchanging of data.",ai_generated
US-6325017-B1,Apparatus for forming a high dielectric film,"An apparatus for forming a high dielectric film, comprising:
a processing chamber;
a substrate support disposed within the processing chamber, configured to hold a substrate;
one or more precursor delivery systems coupled to the processing chamber, configured to introduce one or more film-forming precursors into the processing chamber;
an energy source coupled to the processing chamber, configured to activate the one or more film-forming precursors to facilitate deposition of the high dielectric film on the substrate;
a vacuum system coupled to the processing chamber, configured to evacuate the processing chamber; and
a controller communicatively coupled to the one or more precursor delivery systems, the energy source, and the vacuum system, configured to control a film formation process to form the high dielectric film on the substrate.",ai_generated
US-6345564-B1,Semi-levered landing gear and auxiliary strut thereof,"A semi-levered landing gear apparatus, comprising:
a main strut assembly having an upper end configured for pivotal attachment to an aircraft structure, and a lower end;
a wheel support arm pivotally coupled to the lower end of the main strut assembly at a first pivot point, said wheel support arm configured to receive a wheel axle; and
an auxiliary strut having a first end pivotally coupled to the wheel support arm at a second pivot point, and a second end pivotally coupled to the main strut assembly at a third pivot point,
wherein the arrangement of the main strut assembly, the wheel support arm, and the auxiliary strut forms a linkage that, upon application of a vertical load to the wheel axle, causes the auxiliary strut to exert a levering force on the main strut assembly at the third pivot point, thereby contributing to the compression of the main strut assembly in a semi-levered manner.",ai_generated
US-6594656-B1,Active database trigger processing using a trigger gateway,"A system for active database trigger processing, the system comprising:
a database configured to store data and generate one or more trigger events in response to predefined database operations;
a trigger gateway comprising one or more processors and memory, the trigger gateway communicatively coupled to the database;
wherein the trigger gateway is configured to:
receive the one or more trigger events generated by the database;
dynamically identify, based on a set of externally defined trigger configuration rules, one or more trigger actions corresponding to a received trigger event; and
execute the identified one or more trigger actions external to the database, thereby providing a decoupled processing mechanism for database trigger events without directly embedding trigger logic within a schema of the database.",ai_generated
US-9328766-B2,Rolling bearing having an integrated generator and method for the energy management of a rolling bearing of said type,"A rolling bearing comprising:
an inner ring;
an outer ring concentric with the inner ring;
a plurality of rolling elements disposed between the inner ring and the outer ring;
an integrated generator configured to generate electrical energy from relative rotational movement between at least two components of the rolling bearing, the integrated generator comprising:
a plurality of magnets affixed to a first component selected from the inner ring, the outer ring, and a cage; and
a plurality of coils affixed to a second component selected from the inner ring, the outer ring, and the cage, the second component being different from the first component, such that relative rotation between the first component and the second component induces current in the coils;
a power management circuit electrically coupled to the integrated generator, the power management circuit configured to condition the generated electrical energy;
an energy storage unit electrically coupled to the power management circuit for storing conditioned electrical energy; and
an output interface electrically coupled to the power management circuit for supplying electrical energy to an external load, wherein the output interface is controlled by a control unit configured to manage charging of the energy storage unit and discharge of electrical energy.",ai_generated
US-7008755-B2,Method for forming a planarized layer of a semiconductor device,"A method for forming a planarized layer of a semiconductor device, comprising:
providing a semiconductor substrate having topographical features thereon, wherein said topographical features define a non-planar upper surface;
depositing a layer of material over the non-planar upper surface of the semiconductor substrate;
subjecting the deposited layer of material to a planarization process to remove portions of the deposited layer of material until a substantially planar upper surface is formed.",ai_generated
US-6818684-B2,Methods and compositions involving polar monomers and multivalent cations,"A composition comprising:
at least one polar monomer;
at least one multivalent cation; and
wherein said at least one polar monomer and said at least one multivalent cation are engaged in a chemical or coordinative interaction to form a stable association or a polymeric structure.",ai_generated
US-7112441-B2,3-dimensional klinostat for culture of cells,"1. A 3-dimensional klinostat for culture of cells, comprising:
a sample holder configured to securely receive at least one cell culture vessel;
a first rotation mechanism coupled to the sample holder, wherein the first rotation mechanism is configured to rotate the sample holder about a first axis;
a second rotation mechanism coupled to the first rotation mechanism, wherein the second rotation mechanism is configured to rotate the first rotation mechanism and the sample holder about a second axis substantially orthogonal to the first axis;
at least one motor configured to drive the first rotation mechanism and the second rotation mechanism;
and a control unit coupled to the at least one motor, wherein the control unit is configured to independently control rotational speed and direction of the first rotation mechanism and the second rotation mechanism to generate a 3-dimensional random or quasi-random gravity vector averaging environment for the at least one cell culture vessel.",ai_generated
US-7463086-B2,Apparatus and method for tuning a band pass filter,"An apparatus and method for tuning a band pass filter, comprising:
a band pass filter configured to filter an input signal within a predetermined frequency range;
a tuning circuit coupled to the band pass filter, the tuning circuit configured to adjust at least one characteristic of the band pass filter selected from the group consisting of a center frequency, a bandwidth, and a quality factor;
a control unit coupled to the tuning circuit, the control unit configured to generate a control signal for the tuning circuit;
wherein the control unit is further configured to determine a desired characteristic for the band pass filter and to generate the control signal based on the desired characteristic;
and wherein the tuning circuit is further configured to adjust the at least one characteristic of the band pass filter in response to the control signal.",ai_generated
US-8396587-B2,Conveyance control system and conveyance control method,"A conveyance control system, comprising:
a plurality of sensors configured to acquire operational data associated with a conveyance and environmental data associated with a surrounding environment of the conveyance;
a processing unit communicatively coupled to the plurality of sensors, the processing unit configured to receive the operational data and the environmental data, to analyze the received data based on a predetermined control logic, and to generate one or more control commands for the conveyance;
an actuation interface communicatively coupled to the processing unit, the actuation interface configured to transmit the one or more control commands to one or more actuators of the conveyance to modify an operational state of the conveyance, the operational state including at least one of a speed, a direction, an acceleration, or a position of the conveyance;
a communication interface communicatively coupled to the processing unit, the communication interface configured to receive external control inputs for the conveyance and to transmit operational status data of the conveyance to an external system; and
a memory unit communicatively coupled to the processing unit, the memory unit storing instructions executable by the processing unit for carrying out the predetermined control logic and storing operational parameters for controlling the conveyance.",ai_generated
US-7011888-B2,Process for protecting fiber-reinforced carbon-containing composites against oxidation,"I'll assume a common approach for protecting carbon composites, which involves applying a protective coating, often ceramic-based, and then processing it.

A process for protecting a fiber-reinforced carbon-containing composite against oxidation, the process comprising:
providing a fiber-reinforced carbon-containing composite;
forming an oxidation protective coating on at least one surface of the fiber-reinforced carbon-containing composite, wherein the oxidation protective coating comprises at least one ceramic material; and
heat treating the oxidation protective coating to densify the coating.",ai_generated
US-9360577-B2,Method and apparatus for processing seismic data,"Here is an example of patent claim 1 for the invention title 'Method and apparatus for processing seismic data', structured as an apparatus claim:

1.  An apparatus for processing seismic data, comprising:
    a data input configured to receive seismic data;
    a processor coupled to the data input and configured to execute programmed instructions to:
        analyze characteristics of the received seismic data;
        determine one or more processing parameters based on the analyzed characteristics;
        apply the one or more processing parameters to the received seismic data to generate processed seismic data, wherein the processed seismic data exhibits enhanced features for subsurface geological interpretation; and
    a data output coupled to the processor and configured to output the processed seismic data.",ai_generated
US-9326198-B2,"Communication system, mobile station, and switching control method","A communication system comprising:
a mobile station configured to communicate with a network infrastructure;
a network component configured to manage operational states of the mobile station;
wherein the network component is configured to determine a switching instruction for the mobile station based on at least one operational parameter of the mobile station or the network infrastructure;
and wherein the mobile station is configured to receive the switching instruction and, in response, perform a state transition according to the switching instruction.",ai_generated
US-6318462-B1,Downhole anti-rotation tool,"1. A downhole anti-rotation tool comprising:
a tubular body having a first end and a second end, the tubular body configured for connection into a wellbore tubular string;
at least one radially outwardly extendable anchoring member disposed on the tubular body;
an actuation mechanism cooperatively engaged with the at least one anchoring member, the actuation mechanism configured to selectively extend the at least one anchoring member from a retracted position to an extended position;
wherein, in the extended position, the at least one anchoring member is configured to engage an interior surface of a wellbore; and
wherein engagement of the at least one anchoring member with the interior surface of the wellbore inhibits rotation of the tubular body relative to the wellbore.",ai_generated
US-8937260-B2,Control mechanism for a circuit-breaking device and a circuit-breaking device comprising said mechanism,"1. A control mechanism for a circuit-breaking device, said control mechanism comprising:
   a sensing element configured to detect an operational parameter of a circuit;
   a control unit coupled to the sensing element, said control unit configured to evaluate the detected operational parameter against a predetermined condition; and
   an actuation element operably coupled to the control unit, said actuation element configured to initiate a circuit interruption operation by the circuit-breaking device when the predetermined condition is met.",ai_generated
US-9522049-B2,Electric-motor arrangement for a dental handpiece,"An electric-motor arrangement for a dental handpiece, comprising:
a handpiece housing configured to be grasped by a user;
an electric motor disposed within the handpiece housing;
a drive shaft rotatably coupled to the electric motor, the drive shaft extending towards a distal end of the handpiece housing;
a tool coupling mechanism at the distal end of the handpiece housing, the tool coupling mechanism configured to detachably secure a dental tool to the drive shaft; and
an electrical connector configured to supply power to the electric motor.",ai_generated
US-9123319-B2,Vocal processing with accompaniment music input,"A method for vocal processing with accompaniment music input, comprising:
receiving a vocal audio input signal;
receiving an accompaniment music audio input signal;
processing the vocal audio input signal to modify at least one characteristic of the vocal audio input signal, wherein said modification is determined based at least in part on a characteristic of the accompaniment music audio input signal;
and generating a processed vocal audio output signal.",ai_generated
US-7212503-B2,Control-hold mode,"A method for operating a controlled system configured to generate a control output for affecting a process, the method comprising:
receiving a command to activate a control-hold mode;
in response to the command, initiating the control-hold mode, wherein a current control output value of the controlled system is recorded;
during the control-hold mode, maintaining the recorded control output value as the control output for affecting the process, thereby stabilizing the process at a state corresponding to the recorded control output value, notwithstanding subsequent changes in a control input signal; and
terminating the control-hold mode in response to a deactivation command or a predefined condition.",ai_generated
US-8852480-B2,Method for manufacturing hollow structure for breathing mask,"A method for manufacturing a hollow structure for a breathing mask, comprising:
providing a polymeric material;
providing a removable core structure;
forming the polymeric material around the removable core structure to define at least one wall of the hollow structure;
solidifying the polymeric material to form the hollow structure;
removing the removable core structure from within the solidified polymeric material to define an internal cavity within the hollow structure; and
configuring the hollow structure for use as a component of a breathing mask.",ai_generated
US-7000871-B2,Ice detection assembly installed on an aircraft,"An ice detection assembly configured for installation on an aircraft, the assembly comprising:
an ice detection sensor configured to detect presence of ice on an external surface of the aircraft;
a mounting structure operatively connected to the ice detection sensor and configured to secure the ice detection sensor to the aircraft; and
a signal output from the ice detection sensor indicative of the detected presence of ice.",ai_generated
US-6239697-B1,Fire alarm system,"A system comprising:
at least one fire detection sensor configured to detect a fire condition and generate a detection signal in response thereto;
a central control unit communicatively coupled to the at least one fire detection sensor, the central control unit configured to receive said detection signal and, in response thereto, generate a notification signal;
at least one notification device communicatively coupled to the central control unit, the at least one notification device configured to activate upon receipt of said notification signal; and
a power supply electrically coupled to the at least one fire detection sensor, the central control unit, and the at least one notification device.",ai_generated
US-7730196-B2,Efficient transfer of messages using reliable messaging protocols for web services,"A method for efficient transfer of messages using reliable messaging protocols for web services, comprising:
establishing a communication session between a sender web service and a receiver web service;
generating a message by said sender web service for transmission to said receiver web service;
applying a reliable messaging protocol to said message, wherein said reliable messaging protocol is configured to provide at least one delivery guarantee for said message;
optimizing said message transfer for efficiency by minimizing an overhead associated with said reliable messaging protocol while preserving said at least one delivery guarantee;
transmitting said optimized message from said sender web service to said receiver web service; and
confirming successful delivery of said message to said receiver web service in accordance with said reliable messaging protocol.",ai_generated
US-9416819-B2,Re-circulating ball sliding support assembly,"A re-circulating ball sliding support assembly, comprising:
an elongate guide member having at least one load raceway extending along a longitudinal axis thereof;
a carriage member configured to slide along said elongate guide member, said carriage member having at least one corresponding load raceway;
a plurality of re-circulating rolling elements disposed between said guide member load raceway and said corresponding carriage member load raceway;
wherein said carriage member further defines at least one return channel connecting opposite ends of said corresponding carriage member load raceway;
whereby said plurality of re-circulating rolling elements are configured to continuously cycle through said guide member load raceway, said corresponding carriage member load raceway, and said return channel as said carriage member slides along said elongate guide member to provide low-friction linear motion.",ai_generated
US-9389901-B2,Load balancing of cloned virtual machines,"A method for load balancing cloned virtual machines, the method comprising:
maintaining a plurality of virtual machine (VM) instances, wherein each VM instance is a clone of a base VM image;
monitoring a current workload and resource utilization of each of the plurality of VM instances;
receiving an incoming service request requiring processing by a VM instance;
determining, based on the monitored workload and resource utilization, a target VM instance from the plurality of VM instances to process the incoming service request, wherein determining the target VM instance further comprises:
    identifying an existing VM instance with a lowest relative load; and
    in response to determining that no existing VM instance has sufficient available resources to efficiently process the incoming service request, initiating provisioning of a new VM instance by cloning the base VM image, and designating the new VM instance as the target VM instance;
directing the incoming service request to the determined target VM instance; and
dynamically adjusting a total number of active VM instances based on aggregated workload and resource utilization across the plurality of VM instances.",ai_generated
US-7836829-B2,Rail-bound vehicle for an amusement park ride,"A rail-bound vehicle for an amusement park ride, comprising a chassis defining a passenger compartment; at least one wheel assembly mounted to the chassis, the at least one wheel assembly configured to engage with a rail of the amusement park ride; at least one passenger seat positioned within the passenger compartment; and a safety restraint system operably coupled to the at least one passenger seat, the safety restraint system configured to secure a passenger in the at least one passenger seat.",ai_generated
US-7054241-B2,Optical disc apparatus,"An optical disc apparatus comprising:
a disc drive mechanism configured to receive and rotate an optical disc;
an optical pickup unit configured to emit a light beam towards the optical disc and receive a reflected light beam therefrom;
a signal processing circuit coupled to the optical pickup unit, configured to process the received reflected light beam to extract data therefrom, and further configured to generate a modulated light beam for recording data onto the optical disc based on input data;
a control unit coupled to the disc drive mechanism, the optical pickup unit, and the signal processing circuit, configured to control operations of the disc drive mechanism, the optical pickup unit, and the signal processing circuit; and
an interface circuit coupled to the signal processing circuit and the control unit, configured to transmit the extracted data to an external device and to receive the input data from the external device.",ai_generated
US-7867857-B2,Transistor and method for manufacturing same,"A transistor comprising:
a semiconductor substrate;
a source region and a drain region formed within the semiconductor substrate, the source region and the drain region being laterally spaced apart;
a channel region located between the source region and the drain region, the channel region including a raised portion extending upwardly from the semiconductor substrate;
a gate dielectric layer conformally disposed over at least the raised portion of the channel region; and
a gate electrode positioned over the gate dielectric layer, wherein the gate electrode extends along at least three sides of the raised portion of the channel region.",ai_generated
US-7620358-B2,Developer collecting apparatus having tiltable waste developer container,"1. A developer collecting apparatus comprising:
a waste developer container configured to receive waste developer; and
a tilting mechanism coupled to the waste developer container, wherein the tilting mechanism is configured to tilt the waste developer container relative to the developer collecting apparatus.",ai_generated
US-7248680-B1,"Computer-based method and apparatus for controlling, monitoring, recording and reporting telephone access","A computer-implemented method for controlling, monitoring, recording and reporting telephone access, the method comprising:
receiving, by a computer system, a request for telephone access from a user;
determining, by the computer system, whether to grant or deny said telephone access based on a set of predefined access rules associated with the user;
controlling, by the computer system, said telephone access by either granting said telephone access or denying said telephone access based on said determination;
monitoring, by the computer system, communication events associated with said telephone access, including call initiation, call duration, and call termination;
recording, by the computer system, data associated with each monitored communication event, said data including user identification, access time, and communication event details; and
generating, by the computer system, a report based on the recorded data, said report comprising information related to telephone access patterns or usage.",ai_generated
US-7023051-B2,Localized strained semiconductor on insulator,"I claim:
1.  A semiconductor device structure comprising:
    a substrate;
    an insulator layer disposed over the substrate; and
    a semiconductor layer disposed over the insulator layer,
    wherein the semiconductor layer comprises a localized region exhibiting a lattice strain, and
    wherein a remainder of the semiconductor layer is substantially unstrained.",ai_generated
US-8884683-B1,Semiconductor integrated circuit and operating method of semiconductor integrated circuit,"A semiconductor integrated circuit, comprising:
a semiconductor substrate;
a plurality of active devices formed on the semiconductor substrate;
a plurality of passive devices formed on the semiconductor substrate; and
interconnection layers coupling the plurality of active devices and the plurality of passive devices to form at least one functional block, wherein the at least one functional block is structurally configured to execute a predetermined operating method for the semiconductor integrated circuit.",ai_generated
US-8332900-B2,Method and system for performance metric analysis of video assets,"A method for performance metric analysis of video assets, comprising:
obtaining digital video asset data representing at least one video asset;
collecting user interaction data associated with playback of the at least one video asset;
generating a plurality of performance metrics based on the digital video asset data, the user interaction data, or combinations thereof;
analyzing the plurality of performance metrics to derive analytical insights regarding performance of the at least one video asset; and
outputting an indication of the analytical insights.",ai_generated
US-8356081-B2,Automated domain name registration,"I claim:

1.  A system for automated domain name registration, comprising:
    one or more processors;
    one or more non-transitory computer-readable media storing instructions executable by the one or more processors;
    a network interface configured to communicate with external domain name registries and domain registrars;
    a domain name request module configured to receive a desired domain name and associated registration parameters from a user;
    an availability checking module configured to automatically transmit the desired domain name to one or more domain name registries via the network interface and receive an availability status thereof;
    a registration data generation module configured to automatically compile registrant information based on the associated registration parameters;
    a registrar interface module configured to automatically transmit the desired domain name, the compiled registrant information, and a registration request to a selected domain registrar via the network interface upon confirmation of availability; and
    a payment processing module configured to automatically initiate and manage payment for the domain name registration with the selected domain registrar.",ai_generated
US-6461433-B1,Fluid-jet deposition of radioactive material,"A method for fluid-jet deposition of radioactive material, comprising:
providing a fluid comprising a radioactive material;
generating a fluid jet from the fluid;
directing the fluid jet towards a substrate;
whereby the radioactive material is deposited onto the substrate.",ai_generated
US-8491372-B2,"Systems, methods and apparatus for facilitating multi-round lottery play","A system for facilitating multi-round lottery play, comprising:
a processor;
a memory coupled to the processor, the memory storing computer-executable instructions;
a communication interface coupled to the processor;
wherein the processor, when executing the instructions, is configured to perform operations including:
defining a sequence of a plurality of lottery rounds, each lottery round characterized by a respective set of lottery parameters;
receiving a plurality of player entries for a first lottery round of the sequence;
determining one or more winners for the first lottery round based on the plurality of player entries and the respective set of lottery parameters for the first lottery round;
managing a transition from the first lottery round to a subsequent lottery round of the sequence, wherein the subsequent lottery round is configured to be affected by an outcome of the first lottery round;
receiving player entries for the subsequent lottery round; and
determining one or more winners for the subsequent lottery round based on the player entries for the subsequent lottery round and a respective set of lottery parameters for the subsequent lottery round.",ai_generated
US-7769943-B2,"Flexible, low cost apparatus and method to introduce and check algorithm modifications in a non-volatile memory","An apparatus for introducing and checking algorithm modifications in a non-volatile memory, the apparatus comprising:
a non-volatile memory device configured to store a plurality of algorithms, including modified algorithms;
a programmable processing unit communicatively coupled to the non-volatile memory device;
an input interface communicatively coupled to the programmable processing unit, configured to receive algorithm modification data comprising at least one algorithm or a change to an existing algorithm;
an output interface communicatively coupled to the programmable processing unit, configured to output checking results;
the programmable processing unit being further configured to:
write the received algorithm modification data to the non-volatile memory device;
execute the modified algorithm from the non-volatile memory device with test data;
monitor an operational output generated by the execution of the modified algorithm;
compare the monitored operational output with an expected operational output associated with the test data;
determine a validation status based on the comparison; and
cause the output interface to output the validation status.",ai_generated
US-6992265-B2,Integrated engine welder and electric compressor,"1. An apparatus comprising:
a prime mover engine;
a generator mechanically coupled to the prime mover engine, said generator configured to provide welding power for a welding operation and auxiliary electrical power;
an electric air compressor configured to be powered by the auxiliary electrical power from the generator; and
a common frame configured to house the prime mover engine, the generator, and the electric air compressor in a unitary assembly.",ai_generated
US-8086148-B2,Electrophotographic image forming apparatus,"1. An electrophotographic image forming apparatus, comprising a photoconductor configured to carry an electrostatic latent image; a charging unit configured to uniformly charge a surface of the photoconductor; an exposing unit configured to form the electrostatic latent image on the charged surface of the photoconductor; a developing unit configured to develop the electrostatic latent image with toner to form a toner image on the photoconductor; a transfer unit configured to transfer the toner image from the photoconductor to a recording medium; and a fusing unit configured to fix the transferred toner image to the recording medium.",ai_generated
US-7294215-B2,Method and device for cooling steel sheet,"A method for cooling a steel sheet, comprising:
    continuously transporting a hot steel sheet through a cooling zone;
    contacting at least one surface of the continuously transporting steel sheet with a cooling fluid within the cooling zone; and
    controlling at least one parameter of the cooling fluid contact to reduce a temperature of the steel sheet.",ai_generated
