publication_number,title,claim1,label
US-6430053-B1,Pluggable transceiver module having rotatable release and removal lever with living hinge,"A pluggable transceiver module configured for insertion and extraction from a host receptacle, the module comprising:
    a module housing configured for insertion and extraction from a host receptacle, the module housing having an electrical interface configured to engage a corresponding electrical interface of the host receptacle; and
    a lever pivotally connected to the module housing, the lever comprising an actuation portion external to the module housing when the module housing is inserted into the host receptacle, the lever configured to rotate, thereby facilitating release and removal of the module from the host receptacle;
    wherein the lever includes a living hinge integrally formed with a body of the lever, the living hinge establishing a pivot axis for pivoting of the lever relative to the module housing.",refine
US-6663803-B1,Fabrication of a fractally attributively delamination resistive composite structure,"A method for fabricating a composite structure with fractal attributes that confer delamination resistance, the method comprising:
supplying a plurality of layers comprising composite materials;
creating at least one interface between at least two adjacent layers of the plurality of layers, wherein the at least one interface exhibits a fractal geometry;
stacking the plurality of layers, incorporating said at least one interface having fractal geometry;
consolidating the stacked layers to yield an integrated composite structure;
wherein the fractal geometry of the at least one interface imparts fractal characteristics to the integrated composite structure, thereby enhancing its delamination resistance.",refine
US-6424590-B1,Semiconductor device,"A semiconductor device, comprising:
a semiconductor substrate;
a channel region disposed within the semiconductor substrate;
a three-dimensional gate structure laterally surrounding the channel region;
a composite high-k gate dielectric layer interposed between the three-dimensional gate structure and the channel region;
source and drain regions formed in the semiconductor substrate proximate to the channel region; and
multiple metallic contacts electrically connected to the source region and the drain region, respectively, wherein at least one of said metallic contacts overlaps a segment of the three-dimensional gate structure.",refine
US-6174448-B1,Method for stripping aluminum from a diffusion coating,"A method for stripping aluminum from a diffusion coating, comprising:
contacting a substrate bearing a diffusion coating on its surface, the diffusion coating containing aluminum, using a stripping solution;
wherein the stripping solution is an acidic composition comprising phosphoric acid and at least one fluoride-containing compound;
maintaining the contact at an elevated temperature for a period sufficient to remove at least a portion of the aluminum from the diffusion coating; and
subsequently rinsing the substrate to eliminate the stripping solution and any detached aluminum.",refine
US-7828399-B1,Universal locker system,"A comprehensive locker system, including:
multiple independently lockable storage compartments;
an electronic locking mechanism for each of the multiple independently lockable storage compartments;
a main locker controller coupled to each electronic locking mechanism;
one or more user interface modules coupled to the main locker controller, the one or more user interface modules adapted to obtain an access credential from a user;
a display unit coupled to the main locker controller, the display unit adapted to show information to a user; and
a communication interface coupled to the main locker controller, the communication interface arranged for communication with an external server;
wherein the main locker controller is arranged to:
obtain the access credential from the one or more user interface modules;
validate the received access credential;
allocate one of the multiple independently lockable storage compartments to the user contingent on the validated access credential and compartment availability; and
electronically enable access to the assigned independently lockable storage compartment through its electronic locking mechanism following successful validation of the access credential.",refine
US-6226105-B1,System for processing images by selecting appropriate document size,"A system for processing images by selecting an appropriate document size, the system comprising:
an image input interface adapted to acquire image data;
a processing unit coupled to the image input interface;
a memory coupled to the processing unit, the memory storing instructions and a set of predefined document size criteria;
wherein the processing unit is configured to execute instructions to:
ascertain one or more characteristics of the image content from the received image data;
compare the ascertained image characteristics against the stored predefined document size criteria;
choose a suitable document size from a plurality of available document sizes based on the comparison;
process the image data according to the chosen document size; and
output the processed image data.",refine
US-6249393-B1,Disk drive having a write condition detector for suspending write operations while a transducer flying height deviates from its operating flying height,"A disk drive comprising:
a storage disk;
a transducer adapted to perform write operations to the storage disk;
a controller arranged to manage the write operations; and
a write condition detector interfaced with said transducer and said controller, said write condition detector configured to identify when a flying height of said transducer deviates from a predetermined operating flying height and, responsive to said identification, instruct said controller to suspend said write operations.",refine
US-6295493-B1,Vehicle roll rigidity control device,"A vehicle roll rigidity control system, comprising:
a sensor configured to sense one or more vehicle operating parameters reflecting a vehicle roll state;
a controller in communication with the sensor, configured to determine a target roll rigidity based on said one or more vehicle operating parameters; and
an actuator in communication with the controller, configured to modify the roll rigidity of the vehicle responsive to the target roll rigidity.",refine
US-6563821-B1,Channel bonding in a remote communications server system,"A remote communications server system, comprising:
    a plurality of communication interfaces, each of which is configured to establish a separate communication channel with a remote client;
    a processing unit functionally coupled to said plurality of communication interfaces;
    a memory functionally coupled to the processing unit, said memory storing program instructions;
    a channel bonding module, implemented by the processing unit, configured to combine said plurality of separate communication channels into a single logical connection for data exchange with the remote client;
    said channel bonding module further arranged to distribute outgoing data across said plurality of separate communication channels pursuant to a predetermined load-balancing scheme; and
    said channel bonding module additionally configured to reassemble incoming data received over said plurality of separate communication channels into a coherent data stream for processing by the remote communications server system.",refine
US-7328841-B1,Method and system for transaction authorization,"A method for transaction authorization, comprising:
receiving, by a computing system, a transaction authorization request linked to a transaction initiated by a user;
obtaining, by the computing system, transaction details pertinent to the transaction and user authentication data for the user;
conducting, by the computing system, an authorization assessment utilizing the obtained transaction details and user authentication data;
establishing, by the computing system, an authorization decision derived from the authorization assessment;
forwarding, by the computing system, the authorization decision to an originating entity for the transaction; and
logging, by the computing system, the transaction details and the authorization decision into a secure data repository.",refine
US-6446258-B1,Interactive instruction scheduling and block ordering,"A method for optimizing program code execution, comprising:
obtaining program code composed of multiple instructions arranged into basic blocks;
displaying to a user a visual depiction of said program code along with various optimization choices concerning instruction scheduling within said basic blocks and basic block ordering;
obtaining user selections of at least one of said optimization choices or direct modifications to said instruction scheduling within said basic blocks or said basic block ordering;
responsively applying the selected optimization choices or user-provided modifications to produce an optimized instruction schedule for said instructions within said basic blocks and an optimized basic block order for said basic blocks; and
producing optimized program code utilizing said optimized instruction schedule and said optimized basic block order.",refine
US-6228708-B1,Method of manufacturing high voltage mixed-mode device,"A method of fabricating a high voltage mixed-mode device, the method comprising:
obtaining a semiconductor substrate;
forming a plurality of low voltage (LV) active regions and a plurality of high voltage (HV) active regions on the semiconductor substrate;
selectively forming a first gate dielectric layer having a first thickness over the LV active regions;
selectively forming a second gate dielectric layer having a second thickness, greater than said first thickness, over the HV active regions;
forming gate electrodes over the first and second gate dielectric layers;
forming LV source/drain regions within the LV active regions, said LV source/drain regions having a first junction depth and a first doping concentration profile;
forming HV source/drain regions within the HV active regions, said HV source/drain regions having a second junction depth and a second doping concentration profile, wherein said second junction depth exceeds said first junction depth and said second doping concentration profile incorporates a drift region adapted for high voltage operation;
forming isolation structures between certain of the LV active regions and the HV active regions; and
forming conductive interconnects electrically coupled to the LV source/drain regions, the HV source/drain regions, and the gate electrodes, thereby completing the high voltage mixed-mode device.",refine
US-6343300-B1,File updating method capable of updating an operation file without interrupting online processing,"A method for modifying an operation file without disrupting online processing, the method comprising:
retaining a first instance of an operation file as an active file, which is continuously accessed by active online processing;
generating a second instance of the operation file, wherein the second instance is separate from the first instance and incorporates updated data;
verifying the second instance of the operation file to ensure its operational readiness; and
redirecting access for the ongoing online processing from the first instance of the operation file to the second instance of the operation file, thereby enabling the ongoing online processing to seamlessly transition its access from the first instance to the second instance without interruption.",refine
US-6340448-B1,Surface plasmon sensor,"1. A surface plasmon sensor, comprising:
   a substrate;
   a metal layer positioned on the substrate, the metal layer configured to support surface plasmon resonance;
   an optical coupling element adapted to couple light from a light source to the metal layer for exciting the surface plasmon resonance;
   a sensing region located adjacent to the metal layer, the sensing region adapted to receive a sample; and
   a detector configured to detect a characteristic change in the surface plasmon resonance resulting from an interaction between the sample and the metal layer within the sensing region.",refine
US-6381068-B1,Reflective projection screen and projection system,"1. A projection system comprising a projector adapted to generate and project an image-bearing light beam; and a reflective projection screen disposed to accept the image-bearing light beam from the projector, the reflective projection screen including a reflective surface structured and arranged to direct the incident image-bearing light beam towards a viewing region, wherein the reflective surface exhibits a reflective characteristic adapted to improve image contrast and brightness for an observer in the viewing area.",refine
US-6236076-B1,Ferroelectric field effect transistors for nonvolatile memory applications having functional gradient material,"A ferroelectric field-effect transistor device, including:
a substrate;
a source electrode positioned over said substrate;
a drain electrode positioned over said substrate, thereby defining a channel region therebetween;
a gate stack situated over said channel region, said gate stack comprising a ferroelectric layer; and
a gate electrode formed over said gate stack;
wherein said ferroelectric layer displays a functional gradient.",refine
US-6365935-B1,TFT having hydrogen containing buffer and substrate regions,"A thin-film transistor (TFT) including:
a hydrogenated substrate;
a hydrogenated buffer layer situated over the hydrogenated substrate;
a semiconductor layer located above the hydrogenated buffer layer;
a gate insulator positioned upon the semiconductor layer;
a gate electrode formed above the gate insulator; and
a source electrode and a drain electrode, both electrically connected to the semiconductor layer.",refine
US-6831927-B1,Fault protection for hitless and errorless switching of telecommunications signals,"1. A system for fault-tolerant handling of telecommunications signals, comprising:
   an input port configured for receiving an incoming telecommunications signal;
   a primary signal path connected to said input port, said primary signal path configured to transmit said incoming telecommunications signal;
   a backup signal path connected to said input port, said backup signal path configured to transmit said incoming telecommunications signal;
   a fault detection module coupled to said primary signal path, said fault detection module configured to identify a fault condition within said primary signal path;
   a switching module coupled to an output of said primary signal path and an output of said backup signal path, said switching module configured to designate one of said primary signal path and said backup signal path as an active signal source;
   an output port configured to supply an outgoing telecommunications signal from said active signal source; and
   a control module connected to said fault detection module and said switching module, said control module configured to, responsive to said fault detection module identifying said fault condition, instruct said switching module to shift the active signal source from said primary signal path to said backup signal path;
   wherein said system is configured to execute said shift in a manner that ensures said outgoing telecommunications signal remains substantially uninterrupted and substantially error-free during a transition period and subsequently.",refine
US-6207016-B1,Method for dividing a paper web,"A method for segmenting a paper web, comprising:
propelling a continuous paper web along a path;
sensing a predetermined length of the continuous paper web;
activating a cutting device upon sensing the predetermined length; and
imparting a cutting force by said cutting device to the continuous paper web at a location corresponding to the predetermined length, thereby severing the continuous paper web into at least two discrete portions.",refine
US-6181577-B1,Auxiliary bias circuit for a power supply and a method of operation thereof,"1. An auxiliary bias circuit for a power supply, including:
    an input terminal arranged to receive a primary voltage from the power supply;
    an output terminal arranged to provide an auxiliary bias voltage to a control circuit of the power supply;
    a voltage conversion stage coupled between the input terminal and the output terminal, said voltage conversion stage configured to produce the auxiliary bias voltage from the primary voltage;
    a control module coupled to the voltage conversion stage, said control module adapted to regulate the auxiliary bias voltage; and
    a sensing module coupled to the power supply, said sensing module adapted to detect an operational state of the power supply;
    wherein the control module is further configured to activate the voltage conversion stage to supply the auxiliary bias voltage during a first operational mode of the power supply, and to either deactivate the voltage conversion stage or diminish its operation during a second operational mode of the power supply when a main bias source is active.",refine
US-6631171-B1,QPSK modulation signal receiving unit,"A QPSK signal receiver, comprising:
an input configured for receiving a QPSK modulated signal;
a downconverter coupled to the input and operable to translate the received QPSK modulated signal into a baseband or an intermediate frequency (IF) signal;
an analog-to-digital converter coupled to the downconverter and configured for digitizing the baseband or IF signal;
a demodulator coupled to the analog-to-digital converter and operable to recover data symbols from the digitized baseband or IF signal, employing carrier synchronization and symbol timing synchronization; and
an output port coupled to the demodulator and arranged to output the recovered data symbols.",refine
US-6748122-B1,"Image processing apparatus, image processing method and image processing program storage medium","An image processing apparatus, comprising:
an input unit adapted to acquire image data;
a memory unit adapted to store image data and image processing instructions;
a processing unit coupled to the input unit and the memory unit, and configured to execute the image processing instructions stored in the memory unit for performing an image processing operation on the acquired image data; and
an output unit coupled to the processing unit, and configured to output the processed image data resulting from said image processing operation.",refine
US-7278342-B1,Tool connecting device,"1. A tool attachment device, comprising:
    a main body including a first end and a second end;
    a first coupling structure located at the first end and adapted to couple with a drive element;
    a second coupling structure located at the second end and adapted to couple with a tool element;
    a locking mechanism movably carried by the main body, said locking mechanism arranged to selectively engage and retain the tool element within the second coupling structure; and
    an actuation member operatively coupled to the locking mechanism, said actuation member adapted to transition the locking mechanism between an engaged state and a disengaged state.",refine
US-6248170-B1,Swab device for coating an element,"A swab device for applying a coating to an article, the device comprising:
an elongated shaft having a first end and a second end;
an applicator head coupled to the first end of the elongated shaft;
wherein the applicator head includes an absorbent material adapted to absorb a coating composition; and
wherein the applicator head is further configured to uniformly apply the absorbed coating composition onto a surface of the article.",refine
US-6224569-B1,Compact needle point shield,"A compact needle tip shield comprising:
a body having a first and a second end, the first end presenting an aperture adapted to receive a needle tip;
and a protective component functionally connected to the body, the protective component being movable between a deployed position, wherein the protective component projects from the first end to cover the needle tip, and a stowed position, wherein the protective component is substantially retracted within the body, thereby providing a compact profile.",refine
US-7048727-B1,Continuous feeding and decompressing device and method,"A device for continuous feeding and decompressing material, including:
a housing forming an interior volume;
an inlet port in fluid connection with the interior volume for admitting a material;
a continuous feeding mechanism situated within the interior volume, connected to the inlet port, and arranged to continuously transport the material from the inlet port;
a decompression chamber formed within the interior volume and in fluid connection with the continuous feeding mechanism, wherein the decompression chamber is adapted to lower the pressure on the transported material;
a vacuum source connected to the decompression chamber and arranged to extract gas from the decompression chamber to sustain a reduced pressure therein; and
an outlet port in fluid connection with the decompression chamber for expelling the decompressed material.",refine
US-6315297-B1,Seal,"1. A seal, comprising:
    a resilient sealing member having a predetermined cross-sectional profile;
    the resilient sealing member additionally comprising at least a first contact surface and a second contact surface;
    wherein said first contact surface is adapted to establish a fluid-tight interface with a first structural element;
    wherein said second contact surface is adapted to establish a fluid-tight interface with a second structural element; and
    wherein the resilient sealing member is sized for compressive engagement between the first structural element and the second structural element, thereby preventing fluid passage therebetween.",refine
US-6903558-B1,Digitizing ohmmeter system,"An ohmmeter system, comprising:
a current source arranged to supply a predetermined current across an unknown resistance;
a voltage sensing circuit operative to measure an analog voltage drop across the unknown resistance;
an analog-to-digital converter communicatively coupled to the voltage sensing circuit, the analog-to-digital converter arranged to convert the measured analog voltage drop into a digital voltage signal;
a processing unit electrically coupled to the analog-to-digital converter, the processing unit programmed to compute a digital resistance value utilizing the predetermined current and the digital voltage signal; and
an output interface connected to the processing unit, the output interface adapted to display the digital resistance value.",refine
US-6221241-B1,Process for removal of sulphur together with other contaminants from fluids,"A method for eliminating sulfur and at least one additional contaminant from a fluid, comprising:
contacting said fluid with an adsorbent material capable of adsorbing sulfur compounds and said at least one additional contaminant from said fluid under effective adsorption conditions;
segregating said fluid from said adsorbent material to obtain a treated fluid exhibiting diminished concentrations of sulfur compounds and said at least one additional contaminant; and
regenerating said adsorbent material to eliminate adsorbed sulfur compounds and said at least one additional contaminant therefrom, thereby making said adsorbent material ready for subsequent application.",refine
US-6444033-B1,Article comprising a diffuser with flow control features,"1. An article, comprising:
a diffuser possessing an inlet and an outlet, said diffuser configured to accept a fluid flow at the inlet and expel the fluid flow from the outlet; and
at least one flow control feature incorporated within the diffuser, wherein the at least one flow control feature is operable to modify at least one characteristic of the fluid flow between the diffuser's inlet and outlet.",refine
US-6657628-B1,"Method and apparatus for specification, control and modulation of social primitives in animated characters","A method for defining, managing, and modulating social primitives for animated characters, the method comprising:
defining a plurality of social primitives, wherein each social primitive embodies a fundamental unit of social behavior for an animated character;
managing the application of at least one social primitive from said plurality of social primitives to an animated character based on a contextual input pertinent to the animated character; and
modulating at least one characteristic parameter of the applied social primitive to dynamically refine a nuance of the core social behavior exhibited by the animated character.",refine
US-6420791-B1,Alignment mark design,"An alignment mark design including multiple geometric features disposed in a pattern; wherein said geometric features possess specific shapes and dimensions; wherein said pattern defines a specific spatial relationship between said geometric features; and wherein said predetermined shapes, dimensions, and spatial relationship are adapted to enable generation of a measurable signal indicative of relative positional alignment between a first component and a second component.",refine
US-6898437-B1,Power adaption in a multi-station network,"A method for power management in a multi-station network, said method comprising:
receiving, by a first station within the multi-station network, a communication signal from at least one other station of said network;
assessing, by the first station, a channel characteristic derived from the received communication signal;
ascertaining, by the first station, a transmission power level for future transmissions based on the assessed characteristic; and
dispatching, by the first station, a subsequent communication signal employing the ascertained transmission power level;
wherein the ascertained transmission power level is adapted to preserve a target communication quality for the subsequent communication signal while substantially optimizing the energy efficiency of the first station.",refine
US-6463328-B1,Adaptive brain stimulation method and system,"A method for adaptive brain stimulation, comprising:
obtaining brain activity data from a subject;
analyzing the obtained brain activity data to ascertain a current brain state of the subject;
comparing the current brain state to a target brain state or a therapeutic goal;
modifying one or more stimulation parameters of a brain stimulation signal in response to said comparison; and
transmitting the brain stimulation signal with the modified stimulation parameters to a brain region of the subject.",refine
US-6529209-B1,Method for providing privately viewable data in a publically viewable display,"A method for providing private data within a publicly viewable display environment, the method comprising:
rendering public information on a public display device, said public display device being observable by a plurality of individuals;
detecting at least one authorized individual from said plurality of individuals;
creating private information linked with said public information; and
optically rendering said private information, whereby said private information is spatially correlated with said public information on said public display device, and is visually discernible by said at least one authorized individual via an authorized viewing apparatus, yet substantially visually indiscernible to unauthorized individuals lacking said authorized viewing apparatus.",refine
US-6856598-B1,Communications system,"A communications system, comprising:
a transmitter arranged to generate and transmit a data signal bearing information;
a receiver configured to receive said data signal and to derive said information therefrom; and
a communication channel interconnecting said transmitter and said receiver;
wherein said transmitter and said receiver operate in accordance with a predetermined communication protocol to enable said transmission and reception of said data signal.",refine
US-7970062-B1,Method for distributing high and low-bandwidth voice channels using a minimum number of timeslots,"A method for distributing high and low-bandwidth voice channels with minimized timeslot usage, comprising:
identifying a collection of voice channels, said collection of voice channels including at least one high-bandwidth voice channel and at least one low-bandwidth voice channel;
ascertaining a bandwidth requirement for each of the plurality of voice channels;
assigning the plurality of voice channels to a group of available timeslots by:
    designating each high-bandwidth voice channel to at least one dedicated timeslot in accordance with its ascertained bandwidth requirement; and
    combining a plurality of low-bandwidth voice channels into a shared timeslot according to their ascertained bandwidth requirements;
wherein said allocating minimizes the total number of timeslots used for conveying the identified plurality of voice channels; and
forwarding the allocated plurality of voice channels within the minimized total number of timeslots.",refine
US-7654213-B1,Normal belt capstan assembly,"A capstan assembly for a standard belt, comprising:
a rotatable capstan body featuring a circumferential belt engagement surface adapted to frictionally engage the standard belt;
a drive mechanism mechanically linked to the capstan body for imparting rotational motion thereto;
a support structure mechanically connected to the drive mechanism and the capstan body to facilitate mounting of the assembly; and
a tensioning mechanism arranged to exert a force upon the standard belt against the circumferential belt engagement surface, thereby ensuring consistent frictional engagement between the capstan body and the standard belt.",refine
US-6482143-B1,Raidoactive therapeutic seed having selective marker configuration,"A radioactive therapeutic seed comprising:
a hermetically sealed, biocompatible capsule having an elongated body;
a radioactive isotope contained within said capsule; and
a plurality of radiopaque markers placed on or within a wall of said capsule, said markers being arranged in a selective configuration;
wherein said selective configuration is defined by at least one of a distinct pattern, a distinct number, a distinct shape, or a distinct arrangement of said markers;
and wherein said selective configuration is configured to uniquely identify at least one characteristic of the seed selected from a type of seed, a dose strength, an intended target, or an orientation of the seed, when viewed under medical imaging.",refine
US-6305807-B1,Digital electrochromic mirror system,"A system comprising:
an electrochromic mirror adapted to modify an optical characteristic upon receipt of an electrical signal;
a digital controller communicatively coupled to the electrochromic mirror, the digital controller arranged to produce a digital control signal;
at least one sensor communicatively coupled to the digital controller, the sensor adapted to discern an environmental condition or user input and transmit sensor data to the digital controller;
a driver circuit communicatively coupled to the digital controller and electrically coupled to the electrochromic mirror, the driver circuit configured to receive the digital control signal from the digital controller and to deliver the electrical signal to the electrochromic mirror responsive to the digital control signal, thereby causing the electrochromic mirror to adjust its optical property in accordance with the detected environmental condition or user input.",refine
US-6920334-B1,Method and apparatus for providing gain control feedback in RF amplifiers,"A method for offering gain control feedback in an RF amplifier, comprising:
amplifying an RF input signal to generate an RF output signal;
observing an output characteristic of the RF output signal;
comparing the observed output characteristic to a target reference value;
generating an error signal that reflects the difference between the observed output characteristic and the target reference value; and
supplying the error signal to a gain control input of the RF amplifier, thereby enabling adjustment of the RF amplifier's gain to lessen the difference.",refine
US-6305997-B1,Self-aligning universal joint assembly for a stern drive,"1. A self-aligning universal joint assembly for a stern drive, the assembly comprising:
   a first shaft member adapted for connection to an engine output shaft;
   a second shaft member adapted for connection to a propeller drive shaft;
   a universal joint interposed between and linking the first shaft member and the second shaft member, the universal joint configured to transmit torque while facilitating a primary angular displacement between the first shaft member and the second shaft member; and
   a self-aligning mechanism incorporated into at least one of the first shaft member, the second shaft member, or the universal joint, the self-aligning mechanism including a resiliently deformable element or a spherical bearing arrangement, the self-aligning mechanism configured to passively correct for static and dynamic axial, radial, or offset angular misalignments between the first shaft member and the second shaft member that extend beyond the primary angular displacement capability of the universal joint, thereby facilitating automatic alignment adjustment of the universal joint assembly within the stern drive.",refine
US-6335511-B1,Control method and apparatus for an arc welding system,"1. A control system for an arc welding system, said system comprising:
a welding power source configured to furnish electrical energy for creating an arc between a welding electrode and a workpiece;
a welding torch configured to secure the welding electrode and guide the arc;
at least one sensor configured to detect at least one real-time welding parameter during the arc welding operation;
a control unit in communication with the at least one sensor and the welding power source, said control unit programmed to obtain the detected real-time welding parameter from said at least one sensor, compare said detected real-time welding parameter with a predetermined target parameter, ascertain a deviation between said detected real-time welding parameter and said predetermined target parameter, and generate a control signal responsive to the ascertained deviation; and
at least one actuator in communication with the control unit and configured to modify an output characteristic of the welding power source or a positioning characteristic of the welding torch based on the control signal, thereby enabling dynamic control of the arc welding operation.",refine
US-6366251-B1,Antenna protection device,"An apparatus for protecting an antenna, comprising:
a housing fabricated from a weather-resistant material and adapted to substantially envelop at least a portion of an antenna;
a mounting mechanism coupled to said housing and adapted for securely fastening said housing to a support structure or directly to the antenna; and
wherein the housing features a signal-transmissive region adapted to permit electromagnetic signals to traverse to or from the enclosed antenna, while incurring minimal signal degradation.",refine
US-6359081-B1,"Block copolymer with condensation or vinyl polymer, functions imparting, and lower cohesive E segments","A block copolymer comprising:
a first polymer block comprising a polymer resulting from a condensation polymerization or a vinyl polymerization; and
a second polymer block containing E segments, where said E segments exhibit a lower cohesive energy density than said first polymer block.",refine
US-6247635-B1,High density connector having a ball type of contact surface,"A high density electrical connector, comprising:
a housing including an insulating body;
a plurality of electrically conductive contacts retained within said housing;
wherein said contacts are configured in a multi-row array;
each of said contacts comprising a mating end and a terminal end;
the mating end of at least one of said plurality of contacts presenting a substantially spherical contact surface;
said substantially spherical contact surface adapted for resilient electrical engagement with a corresponding mating contact surface of an opposing connector.",refine
US-6909902-B1,Radio base station equipment and mobile station equipment determining location of mobile station by associating with another radio base station or mobile station in a mobile communication system,"A method for ascertaining a location of a mobile station equipment in a mobile communication system, the method comprising:
establishing a connection between a first mobile station equipment and at least one other communication equipment, said at least one other communication equipment comprising at least one of a radio base station equipment and a second mobile station equipment;
exchanging position-relevant data between said first mobile station equipment and said at least one other communication equipment via said connection; and
ascertaining the location of said first mobile station equipment by at least one of said first mobile station equipment and said at least one other communication equipment utilizing said exchanged position-relevant data.",refine
US-6318267-B1,Integrated circuit configuration and ignition unit,"An ignition unit comprising:
an integrated circuit arranged to produce ignition control signals in accordance with a programmable configuration;
an igniter operatively connected to the integrated circuit;
wherein the integrated circuit modifies at least one characteristic of an ignition event produced by the igniter pursuant to the programmable configuration.",refine
US-7355416-B1,Measurement of cable quality by power over ethernet,"A method for assessing the quality of an Ethernet cable utilizing Power over Ethernet (PoE) techniques, the method comprising:
connecting a Power over Ethernet (PoE) test apparatus to a target Ethernet cable;
supplying electrical power from the PoE test apparatus to at least one conductor pair of the target Ethernet cable;
the PoE test apparatus measuring at least one electrical property of the target Ethernet cable while the electrical power is supplied;
the PoE test apparatus determining a quality metric for the target Ethernet cable based on the measured electrical property; and
producing an output reflecting the determined quality metric.",refine
US-7395589-B1,Rotational power servo toolpost,"A rotational power servo toolpost comprising:
a toolpost base adapted for mounting on a machine tool carriage;
a rotatable tool mounting turret affixed to the toolpost base, the turret having at least one tool receiving interface;
a servo motor functionally connected to the rotatable tool mounting turret, said servo motor arranged to effect rotational movement of the rotatable tool mounting turret;
at least one position sensor arranged to supply feedback to a control system concerning an angular position of the rotatable tool mounting turret;
the control system functionally linked to the servo motor and the at least one position sensor, said control system adapted to precisely control and maintain the angular position of the rotatable tool mounting turret utilizing feedback from the at least one position sensor; and
a locking mechanism functionally connected to the rotatable tool mounting turret and the control system, said locking mechanism arranged to selectively lock the rotatable tool mounting turret at a desired angular position as directed by the control system.",refine
US-6745210-B1,Method for visualizing data backup activity from a plurality of backup devices,"A method comprising:
    receiving, by one or more processors, data reflecting backup operations from a plurality of separate backup devices;
    analyzing, by the one or more processors, the received data to derive aggregated backup activity metrics;
    creating, by the one or more processors, a graphical visualization utilizing the aggregated backup activity metrics, wherein the graphical visualization provides an integrated overview of backup operations from the multiple separate backup devices; and
    presenting the graphical visualization via a display unit.",refine
US-6381360-B1,Apparatus and method for stereoscopic image processing,"A system for processing stereoscopic images, including:
a receiver configured to acquire a stereoscopic image pair comprising a left view image and a right view image;
a processing circuit in communication with the receiver, configured to generate depth information from said stereoscopic image pair and, based on the depth information, to generate a modified stereoscopic image; and
an output interface in communication with the processing circuit, configured to output said modified stereoscopic image.",refine
US-6438904-B1,Root wrapping type aseismic reinforcement construction and method for base of column member,"A seismic reinforcement assembly for a column member base, comprising:
a column member with a lower end portion;
a foundation configured to support the lower end portion of the column member;
a wrap-around reinforcement structure enclosing the lower end portion of the column member at its interface with the foundation;
wherein the wrap-around reinforcement structure is integrally joined with both the column member's lower end portion and the foundation to provide enhanced confinement, shear resistance, and bending moment capacity to the column member during seismic forces.",refine
US-6851105-B1,"Method and system for generating, applying, and defining a pattern","A computer-implemented method for generating, applying, and defining a pattern, the method comprising:
    obtaining a pattern definition, the definition comprising at least one characteristic defining the pattern;
    creating said pattern based on the received definition, the generated pattern comprising a plurality of elements configured according to the at least one characteristic; and
    implementing the generated pattern to a target entity to alter or define the target entity.",refine
US-7584443-B1,Clock domain conflict analysis for timing graphs,"A method for clock domain conflict analysis for timing graphs, comprising:
obtaining a timing graph representing an integrated circuit design;
determining multiple clock domains within the timing graph, each clock domain being linked to at least one clock signal;
locating at least one clock domain crossing (CDC) within the timing graph, wherein the at least one CDC signifies a data path or signal transition from a first clock domain to a second clock domain, where the second clock domain differs from the first clock domain;
conducting a clock domain conflict analysis on the at least one located CDC to uncover at least one potential timing conflict related to the clock domain crossing; and
producing an output reporting the at least one uncovered potential timing conflict.",refine
US-7135675-B1,Multi-pixel and multi-column electron emission inspector,"An apparatus for electron emission inspection, said apparatus comprising:
a plurality of electron columns, each comprising an electron source and an electron optical system, and each configured to generate and direct an electron beam toward a distinct region of a device under inspection;
a stage adapted to support the device under inspection;
a multi-pixel detector array arranged to receive emitted electrons from the device under inspection; and
a control unit interfaced with the plurality of electron columns and the multi-pixel detector array, said control unit configured to acquire electron emission data from multiple pixels across various distinct regions of the device under inspection, utilizing signals received from the multi-pixel detector array and by directing the plurality of electron columns.",refine
US-6672507-B1,Method and apparatus for printing a billing statement to provide supplementary product sales,"**Option A: Method Claim 1**
A method for outputting a billing statement to facilitate additional product sales, the method comprising:
acquiring billing information associated with a customer account;
retrieving customer profile data associated with said customer account;
identifying one or more supplemental product offers pertinent to said customer account based on said customer profile data and said billing information;
generating a billing statement layout comprising said billing information and said identified one or more supplemental product offers integrated for concurrent display; and
printing said generated billing statement, thereby promoting additional product sales.

**Option B: Apparatus Claim 1**
An apparatus for outputting a billing statement to facilitate additional product sales, the apparatus comprising:
at least one processor;
a memory coupled to said at least one processor, said memory storing instructions executable by said at least one processor;
an input module configured to acquire billing information associated with a customer account;
an offer selection module configured to retrieve customer profile data associated with said customer account and identify one or more supplemental product offers pertinent to said customer account based on said customer profile data and said billing information;
a statement generation module configured to generate a billing statement layout comprising said billing information and said identified one or more supplemental product offers integrated for concurrent display; and
a printing interface configured to cause output of said generated billing statement, thereby promoting additional product sales.",refine
US-6576074-B1,Pavement marking system,"A pavement marking system, comprising:
a pavement marking material suitable for application to a pavement surface, said material including a binder, a pigment, and a plurality of retroreflective elements embedded therein, said retroreflective elements adapted to reflect light back towards its source;
an applicator device adapted to dispense the pavement marking material onto the pavement surface in a predefined pattern, wherein the dispensed material forms a raised profile on the pavement surface, said raised profile configured to enhance visibility and provide tactile feedback to a vehicle;
a sensor system adapted to detect environmental conditions and/or vehicle presence;
a control unit operationally linked to the sensor system and configured to receive data therefrom; and
an active illumination element incorporated into the pavement marking material, said active illumination element adapted to emit light, wherein the control unit is further configured to selectively activate or modify an intensity or color of the active illumination element based on data received from the sensor system, thereby dynamically augmenting the visibility of the pavement marking system.",refine
US-6497279-B1,Method of using a heater with a fiber optic string in a wellbore,"A method comprising:
placing a heater within a wellbore;
locating a fiber optic string within the wellbore such that the fiber optic string is in thermal communication with the heater;
activating the heater to generate heat within the wellbore;
receiving temperature data from the fiber optic string, said data indicative of a thermal profile within the wellbore influenced by the generated heat; and
analyzing said temperature data to determine a condition of the wellbore.",refine
US-7399194-B1,Electric connector,"An electric connector, comprising:
a housing providing at least one cavity;
at least one conductive contact positioned within said at least one cavity and secured therein by said housing;
said at least one conductive contact comprising a first end adapted for electrically coupling to an external conductor; and
a second end arranged for electrically coupling to a corresponding conductive contact of a mating connector, wherein said housing is additionally arranged to ensure electrical isolation between said at least one conductive contact and any other conductive contacts of the electric connector.",refine
US-8630947-B1,Method and system for providing electronic bill payment and presentment,"A method for providing electronic bill payment and presentment, the method comprising:
obtaining, by an electronic bill payment and presentment system, electronic bill data from a biller;
displaying the obtained electronic bill data to a payee associated with the biller via a user interface;
receiving, from the payee via the user interface, an approval for an electronic payment for the displayed bill;
effectuating, by the electronic bill payment and presentment system, an electronic payment transaction from a financial account of the payee to a financial account of the biller contingent on the obtained approval;
and furnishing, by the electronic bill payment and presentment system, a payment status update to at least one of the payee or the biller.",refine
US-6272615-B1,Data processing device with an indexed immediate addressing mode,"A data processing apparatus, comprising:
a processor core adapted to execute instructions;
a memory system coupled to the processor core, adapted to store instructions and data;
an instruction decoder, coupled to the processor core and the memory system, adapted to retrieve and interpret instructions from the memory system;
at least one general-purpose register, accessible by the processor core, adapted to hold data and address pointers, comprising at least one index register;
an arithmetic logic unit (ALU), coupled to the processor core and the at least one general-purpose register, adapted to execute arithmetic operations;
wherein the instruction decoder is further adapted to interpret an instruction defining an indexed immediate addressing mode;
said instruction comprising an opcode, an immediate value, and a specification of a particular index register from said at least one index register;
wherein, upon interpreting the instruction defining the indexed immediate addressing mode, the processor core is adapted to direct the ALU to sum the immediate value from the instruction with a content of the particular index register to produce an effective memory address;
and wherein the processor core is further adapted to utilize the produced effective memory address to retrieve data from the memory system.",refine
US-8612330-B1,Managing bandwidth for shared resources,"A method for controlling bandwidth usage for a plurality of shared resources, comprising:
determining a plurality of shared resources, each shared resource having an inherent total available bandwidth;
detecting a plurality of entities seeking access to at least one of the plurality of shared resources;
establishing one or more bandwidth allocation policies, said policies defining criteria for assigning bandwidth among the plurality of entities for the plurality of shared resources;
assigning a portion of the total available bandwidth from each requested shared resource to each requesting entity based on the one or more bandwidth allocation policies;
monitoring actual bandwidth usage by each of the plurality of entities for each of the plurality of shared resources; and
dynamically modifying the allocated bandwidth for at least one of the plurality of entities for at least one of the plurality of shared resources based on the monitored actual bandwidth usage and the one or more bandwidth allocation policies;
thereby reducing bandwidth contention and optimizing resource performance.",refine
US-6178805-B1,Method and apparatus for side impact testing of motor vehicles at a sub-system level,"A method for side impact testing of motor vehicles at a sub-system level, comprising:
obtaining a motor vehicle sub-system, wherein said sub-system includes a structural component or assembly of a motor vehicle side structure designed to interact with an occupant during a side impact event;
securing the motor vehicle sub-system onto a test fixture, wherein said test fixture is configured to simulate structural boundary conditions that the sub-system experiences when integrated within a full motor vehicle during a side impact event;
imparting an impact force to the secured motor vehicle sub-system utilizing an impactor, said impactor being configured to reproduce a load profile or deformation profile representative of a full vehicle side impact event;
determining at least one impact-related parameter associated with the sub-system during the application of the impact force; and
evaluating the determined impact-related parameter to ascertain the side impact performance of the motor vehicle sub-system.",refine
US-7541524-B1,Inbred maize line PHDPP,"1. An inbred corn line identified as PHDPP, seed samples of said line having been filed under a Budapest Treaty recognized depository accession number.",refine
US-7025014-B1,Sea vessel retrieval of unmanned underwater vehicles,"A system for recovering an unmanned underwater vehicle from a body of water aboard a sea vessel, comprising:
a sea vessel configured to traverse a surface of the body of water;
at least one unmanned underwater vehicle (UUV) configured for independent operation within the body of water and for cooperative recovery with the sea vessel; and
a UUV retrieval apparatus disposed on the sea vessel, the UUV retrieval apparatus including:
    a guidance subsystem configured to guide the UUV into an acquisition zone in proximity to the sea vessel;
    a capture subsystem configured to grasp and firmly secure the UUV within the acquisition zone; and
    a transfer subsystem configured to relocate the secured UUV from the acquisition zone within the water to a deck of the sea vessel.",refine
US-6172950-B1,Method for correcting tilt of magnet-optical readable medium apparatus to be used for its practice and magnet-optical readable medium,"A method for compensating for tilt within a magneto-optical readable medium apparatus, the method comprising:
determining a tilt error of an optical head associated with said apparatus relative to a magneto-optical readable medium;
producing a tilt correction signal responsive to said determined tilt error; and
adjusting said optical head in accordance with said tilt correction signal to minimize said tilt error.",refine
US-9130870-B1,Methods for determining network topologies,"A method for ascertaining network topologies, comprising:
  dispatching a plurality of probe signals from a computing device to a plurality of network devices within a network;
  said computing device receiving a plurality of response signals from said plurality of network devices, the response signals comprising topology information reflective of device identities and connectivity characteristics of said network devices;
  said computing device processing said received response signals to identify said plurality of network devices and to determine inter-device connections therebetween; and
  said computing device generating a network topology representation based on said identified network devices and said identified inter-device connections.",refine
US-8747588-B1,Protected prong file fastener and method of making,"A protected prong file fastener, comprising:
a substantially flat base plate having a pair of apertures provided therein;
a pair of elongated prongs, each prong having a proximal end fixedly attached to and extending upwardly from said base plate, each prong adapted to penetrate a stack of documents and be bent outwardly for securing said documents to said base plate;
a compressor bar having a pair of apertures shaped to receive said prongs, said compressor bar arranged to slide along said prongs to compress said stack of documents against said base plate; and
a protective cover slidably coupled to said pair of prongs, said protective cover operable to move between a first position, where said prongs freely extend through the cover, and a second position, where said protective cover encloses distal portions of said bent prongs when outwardly bent to secure said documents, thereby preventing snagging and guarding users from the sharp edges of said bent prongs.",refine
US-8994581-B1,Direction of arrival (DOA) estimation using multiple offset receive channels,"A system for determining a direction of arrival (DOA) of a signal, said system comprising:
    a plurality of receive channels adapted to acquire an electromagnetic signal, said receive channels being spatially separated from one another;
    an analog-to-digital converter (ADC) connected to each of the plurality of receive channels, configured to digitize incoming signals from the respective channels into digital samples;
    a processing unit interfaced with the plurality of ADCs, the processing unit adapted to:
        acquire the digital samples from the plurality of receive channels;
        ascertain spatial characteristics of the electromagnetic signal based on the acquired digital samples, wherein the spatial characteristics comprise at least one of a phase difference, a time difference, or an amplitude difference between signals captured by distinct receive channels; and
        derive the DOA of the electromagnetic signal utilizing the ascertained spatial characteristics.",refine
US-9608155-B1,Structurally integrated parabolic trough concentrator with combined PV and thermal receiver,"I claim:

A solar energy concentrating system, comprising:
a parabolic trough concentrator structure adapted to focus incoming solar radiation along a focal line;
a combined photovoltaic and thermal (PVT) receiver disposed along the focal line of the parabolic trough concentrator structure, said PVT receiver including at least one photovoltaic element configured to produce electricity from a portion of the focused solar radiation, and at least one thermal absorber arranged to absorb thermal energy from another portion of the focused solar radiation and transfer said heat to a heat transfer medium;
wherein the combined PVT receiver is structurally integrated with the parabolic trough concentrator structure.",refine
US-8764156-B1,System and method for controlling dewpoint in a print zone within an inkjet printer,"A system for controlling dewpoint in a print zone within an inkjet printer, comprising:
a print zone defined within an inkjet printer;
a sensor disposed within the print zone, the sensor adapted to measure at least one environmental parameter indicative of dewpoint;
a climate control unit adapted to selectively modify a climatic condition within the print zone; and
a controller communicatively coupled to the sensor and the climate control unit, the controller adapted to acquire the at least one environmental parameter from the sensor, ascertain an actual dewpoint within the print zone utilizing the at least one environmental parameter, compare the actual dewpoint to a target dewpoint, and output a control signal to the climate control unit for adjusting the climatic condition within the print zone to maintain the actual dewpoint within a predetermined range of the target dewpoint.",refine
US-8920757-B1,Reductant dosing control systems and methods,"1. A reductant dosing control system, comprising:
a reductant reservoir configured to store a reductant;
a reductant dosing unit fluidly coupled to the reductant reservoir and configured to dispense reductant into an exhaust gas stream;
at least one exhaust gas sensor configured to generate a signal indicative of a characteristic of the exhaust gas stream; and
a controller communicatively coupled to the at least one exhaust gas sensor and the reductant dosing unit, the controller configured to receive the signal from the at least one exhaust gas sensor and, responsive to the received signal, determine a reductant dosage amount, and further configured to generate a control signal for commanding the reductant dosing unit to dispense the determined reductant dosage amount into the exhaust gas stream.",refine
US-9194113-B1,Sink disposal and metal sensor,"A garbage disposal system comprising:
a disposal housing adapted for mounting to a sink drain opening;
a motor connected to the disposal housing;
a grinding mechanism rotatably connected to the motor within the disposal housing, the grinding mechanism designed to comminute waste material;
an inlet opening for receiving waste material into the grinding mechanism;
an outlet for discharging ground waste material from the disposal housing;
a metal sensor operatively connected to the disposal housing, the metal sensor arranged to detect metallic objects within the inlet opening; and
a control circuit operatively connected to the metal sensor and the motor, wherein the control circuit is configured to inhibit motor operation when the metal sensor detects a metallic object.",refine
US-9297619-B1,Bullet for striking obstructed targets,"A projectile for striking obstructed targets, comprising:
a projectile body defining a longitudinal axis;
a guidance system integrated within the projectile body, said guidance system configured to compute a modified flight path for the projectile body, thereby enabling bypass of an obstruction and impact with a target;
at least one maneuverability element coupled to the projectile body, said at least one maneuverability element being selectively adjustable by the guidance system to execute the modified flight path;
an onboard power source electrically coupled to the guidance system and the at least one maneuverability element; and
a payload disposed within the projectile body.",refine
US-9682001-B1,Wearable bone conduction device,"A wearable bone conduction device, comprising:
a support structure designed for wearer use, said support structure configured to situate at least one component of the device near a user's head;
at least one bone conduction transducer affixed to the support structure, the at least one bone conduction transducer arranged to produce mechanical vibrations;
an audio input module adapted to obtain an audio signal;
a controller electronically coupled to the audio input module and the at least one bone conduction transducer, the controller configured to process the audio signal and supply a corresponding drive signal to the at least one bone conduction transducer;
wherein the at least one bone conduction transducer is located by the support structure to physically contact a bone of the user's skull for conveying said mechanical vibrations, thereby providing bone conduction sound transmission to the user.",refine
US-9596276-B1,User notifications for interaction information,"A method for delivering user notifications pertaining to interaction data, the method comprising:
receiving user interaction data from one or more data sources;
analyzing the acquired interaction data to discern a characteristic of an interaction event;
evaluating, contingent upon the discerned characteristic and user-defined preferences, whether a notification should be produced for the user;
generating the notification, wherein the notification includes content originating from the interaction data and formatted in accordance with a display preference; and
dispatching the produced notification to a user's associated device for presentation or auditory rendering.",refine
US-9771718-B1,Strut with non-structural infill,"1. A strut, comprising:
    an elongated body defining a longitudinal axis and an internal cavity partially extending along the longitudinal axis, configured to transmit a load; and
    a non-structural infill material positioned within the internal cavity of the elongated body, wherein the non-structural infill material does not substantially add to a load-bearing capacity of the elongated body.",refine
US-7713230-B2,Breast pump,"A breast pump, comprising:
a breast shield designed to engage a human breast and define a milk collection region;
a pump mechanism fluidically connected to the breast shield, said pump mechanism adapted to generate a vacuum within the milk collection region;
a milk collection container removably affixed to the breast shield, said container configured to receive expressed milk; and
a valve interposed between the breast shield and the milk collection container, said valve arranged to permit unidirectional flow of milk from the breast shield into the milk collection container.",refine
US-8019382-B2,Communication apparatus having a standard serial communication interface compatible with radio isolation,"1. A communication apparatus comprising:
    a standard serial communication interface arranged to transmit and receive serial data in accordance with a standard serial communication protocol;
    said standard serial communication interface including a radio isolation unit;
    said radio isolation unit adapted to furnish galvanic isolation for the serial data between a first section and a second section of said standard serial communication interface; and
    said radio isolation unit further arranged to transmit and receive said serial data across a non-conductive barrier utilizing radio frequency signals while preserving operational compatibility with said standard serial communication protocol.",refine
US-8095713-B2,Smart cables,"A smart cable comprising:
a cable structure including at least one electrical conductor adapted for transmitting electrical power or data;
at least one integrated sensor embedded within the cable structure, the integrated sensor arranged to detect at least one environmental or operational parameter pertinent to the cable;
a processing unit embedded within the cable structure and communicatively linked to the at least one integrated sensor, said processing unit configured to obtain data from the at least one integrated sensor and to execute at least one analytical operation on the obtained data;
a communication module embedded within the cable structure and interconnected with the processing unit, the communication module arranged to transmit output data from the processing unit to an external system or to receive commands from an external system;
and a power management system embedded within the cable structure and adapted to provide electrical power to the at least one integrated sensor, the processing unit, and the communication module, sourced from the electrical conductor or an independent power source.",refine
US-7009943-B2,Conferencing network resource management for call connectivity,"1. A system for optimizing network resources to facilitate call connectivity in a conferencing network, the system comprising:
    a processor configured to execute instructions; and
    a memory communicatively coupled to the processor, the memory storing instructions that, when executed by the processor, configure the system to:
        track current network resource availability within the conferencing network;
        obtain a request for a conferencing session, the request including call parameters specifying resource requirements for the conferencing session;
        evaluate, utilizing the tracked resource availability and the call parameters, whether adequate network resources exist to establish the conferencing session at a target quality level;
        assign network resources for the conferencing session if adequate resources are found to be available, to enable call connectivity for the conferencing session; and
        adaptively modify the assigned network resources during the conferencing session to preserve the target quality level and avert connection degradation.",refine
US-8011260-B2,Double chain linear actuator,"A double chain linear actuator comprising:
a frame;
a drive shaft rotatably supported within said frame;
a motor coupled to said drive shaft and configured to impart rotation to said drive shaft;
a first drive sprocket fixedly coupled to said drive shaft;
a second drive sprocket fixedly coupled to said drive shaft, said second drive sprocket axially offset from said first drive sprocket;
a first endless chain engaged with said first drive sprocket;
a second endless chain engaged with said second drive sprocket, said second endless chain disposed substantially parallel to said first endless chain;
a first idler sprocket rotatably supported within said frame and engaged with said first endless chain, said first idler sprocket spaced from said first drive sprocket;
a second idler sprocket rotatably supported within said frame and engaged with said second endless chain, said second idler sprocket spaced from said second drive sprocket;
a linear output member; and
one or more attachment points connecting said linear output member to both said first endless chain and said second endless chain, such that rotation of said drive shaft results in concurrent linear displacement of said first endless chain, said second endless chain, and said linear output member along a predetermined linear path.",refine
US-7553502-B2,Formulations of alpha-amylase inhibitors with alpha-glucosidase inhibitors useful in the treatment of diabetes and obesity,"1. A composition for treating diabetes and obesity, comprising one or more alpha-amylase inhibitors, one or more alpha-glucosidase inhibitors, and a pharmaceutically acceptable carrier.",refine
US-6605793-B2,Slide actuated switch,"1. A slide actuated switch, comprising:
a housing defining an internal slide path;
a slidable actuator positioned within the housing and movable along said internal slide path;
at least one fixed electrical contact fixedly secured within the housing; and
at least one movable electrical contact coupled to the slidable actuator, wherein movement of the slidable actuator along said internal slide path causes the at least one movable electrical contact to selectively connect with and disconnect from the at least one fixed electrical contact.",refine
US-6781407-B2,FPGA and embedded circuitry initialization and processing,"A system comprising:
an FPGA (Field-Programmable Gate Array) arranged to implement programmable logic functions and to manage system sequences;
embedded circuitry in communication with the FPGA, said embedded circuitry configured to process software instructions and carry out specific functions;
wherein the FPGA is further arranged to commence and oversee an initialization sequence for the embedded circuitry, said initialization sequence involving the loading of configuration data and/or firmware into the embedded circuitry;
and wherein, following said initialization sequence, the FPGA and the embedded circuitry are configured to jointly execute data processing operations in accordance with a predetermined operational protocol.",refine
US-7344149-B2,"Ski, in particular an alpine ski","A ski, comprising:
an elongated body having a longitudinal axis, a forward tip, a rear tail, an upper surface, and a lower surface;
a running surface disposed on said lower surface, adapted for engaging a snow surface;
a pair of lateral edges extending along at least a section of said running surface;
a pair of metallic edge elements, each secured along a respective one of said pair of lateral edges;
and a binding mounting zone disposed on said upper surface, said binding mounting zone being adapted to receive a ski binding for attaching a ski boot thereto.",refine
US-7980001-B2,Fabric conditioning dispenser and methods of use,"A fabric conditioning dispenser comprising:
a reservoir adapted to contain a liquid fabric conditioner;
an outlet in fluid communication with the reservoir for releasing the liquid fabric conditioner;
a dispensing mechanism coupled to the reservoir and the outlet, the dispensing mechanism configured to selectively deliver the liquid fabric conditioner from the reservoir through the outlet;
a control unit electrically connected to the dispensing mechanism, the control unit configured to actuate the dispensing mechanism;
an interface configured to communicate with a laundry appliance to identify a phase of a laundry cycle;
wherein the control unit is configured to actuate the dispensing mechanism to release the liquid fabric conditioner during a predetermined phase of the laundry cycle, responsive to data received from the interface, wherein the predetermined phase includes a rinse cycle; and
wherein the control unit is additionally adapted to permit user selection of a desired quantity of liquid fabric conditioner to be dispensed.",refine
US-7707502-B2,Method to manage speaker notes in a computer implemented slide show,"A computer-implemented method for managing speaker notes in a slide show, the method comprising:
displaying a slide show including multiple slides, wherein each such slide can be linked to speaker notes;
presenting a current slide of the slide show on a primary display device;
showing speaker notes corresponding to the current slide on a secondary display device, said secondary display device being separate from the primary display device;
accepting user input for modifying the speaker notes for the current slide via an input interface;
refreshing the shown speaker notes on the secondary display device in response to the user input;
persisting the altered speaker notes within a data structure linked to the current slide;
progressing the slide show from the current slide to a subsequent slide; and
automatically refreshing the speaker notes shown on the secondary display device to reflect speaker notes pertinent to the subsequent slide.",refine
US-6759674-B2,Band gap compensated HBT,"A heterojunction bipolar transistor (HBT), comprising:
an emitter region including a first semiconductor material exhibiting a first band gap;
a base region formed of a second semiconductor material exhibiting a second band gap, the base region disposed adjacent to the emitter region;
a collector region including a third semiconductor material exhibiting a third band gap, the collector region located adjacent to the base region;
wherein the second semiconductor material of the base region features a band gap monotonically graded through at least a portion of its thickness;
this monotonic grading being arranged to generate an accelerating electric field for minority carriers within the base region, thereby furnishing band gap compensation for improved carrier transport.",refine
US-6878754-B2,Heat-induced gelling foaming composition and foam obtained,"A thermally-activated gelling and foaming composition, comprising:
a thermosensitive gelling agent adapted to form a gel structure when exposed to heat;
one or more foaming agents adapted to entrain gas for generating a foam; and
an aqueous medium.",refine
US-7840583-B2,Search device and recording medium,"A non-transitory computer-readable storage medium storing computer-executable instructions that, when executed by one or more processors, cause the one or more processors to operate as a search device by performing operations comprising:
receiving a search query from a user interface;
accessing a data repository comprising numerous content items;
applying a search algorithm to the numerous content items based on the received search query to determine a subset of pertinent content items;
ranking the determined subset of pertinent content items according to a relevance metric;
generating a list of search results based on the ranked pertinent content items; and
transmitting the list of search results for display via the user interface.",refine
US-7353974-B2,Thigh-supported game call holder apparatus,"1. A device for holding game calls, comprising:
    a support structure featuring an inner surface positioned to face a user's thigh and an outer surface;
    at least one thigh-engaging member connected to the support structure, the at least one thigh-engaging member arranged to detachably secure the support structure to the user's thigh; and
    at least one game call retention element incorporated into the support structure, the at least one game call retention element arranged to detachably hold at least one game call on the outer surface of the support structure.",refine
US-7898161-B2,"Diamond electron radiation cathode, electron source, electron microscope, and electron beam exposer","We claim:

An electron source, comprising:
    a diamond electron-emitting cathode configured to emit electrons;
    an anode situated proximate to the diamond electron-emitting cathode, and configured to accelerate electrons emitted therefrom;
    a vacuum chamber enclosing the diamond electron-emitting cathode and the anode; and
    a high voltage power supply electrically connected to the diamond electron-emitting cathode and the anode, structured to generate an electron beam within the vacuum chamber.",refine
US-7231431-B2,System and methods for global access to services for mobile telephone subscribers,"A system for enabling global service access for mobile subscribers, the system comprising:
a mobile subscriber device adapted to generate a service request;
a mobile communication network adapted to receive the service request from the mobile subscriber device and to facilitate communication for the mobile subscriber device;
a global service access platform interconnected with the mobile communication network and with a plurality of service providers, said global service access platform having a processor arranged to:
    receive the service request from the mobile communication network;
    verify the mobile subscriber associated with the service request;
    ascertain the desired service from the service request;
    select a service provider from the plurality of service providers capable of fulfilling the requested service, whereby access to said service provider is managed independently of a home network of the mobile subscriber device;
    route the service request to the selected service provider;
    receive a service response from the selected service provider; and
    forward the service response to the mobile subscriber device through the mobile communication network; and
the plurality of service providers, each linked to the global service access platform, whereby at least one of said plurality of service providers is adapted to receive the routed service request, fulfill the requested service, and generate the service response.",refine
US-7194818-B2,"Mount table, surface texture measuring machine and surface texture measuring method","A surface texture measuring machine, comprising:
    a sample support table for holding a sample whose surface texture is to be evaluated;
    a texture sensor arranged to obtain surface texture data from the sample;
    a movement mechanism operatively connected with at least one of the sample support table and the texture sensor, wherein the movement mechanism is adapted to effectuate relative motion between the texture sensor and the sample residing on the sample support table; and
    a control unit operatively linked to the texture sensor and the movement mechanism, the control unit adapted to receive the surface texture data from the texture sensor and to regulate the movement mechanism, wherein the control unit is additionally adapted to process the received surface texture data to ascertain one or more surface texture characteristics of the sample.",refine
US-6523090-B2,Shared instruction cache for multiple processors,"A system comprising:
multiple processors; and
a shared instruction cache;
wherein the shared instruction cache is arranged to store instructions executable by the multiple processors; and
wherein each such processor is adapted to fetch instructions from the shared instruction cache.",refine
US-8038746-B2,Reduced-emission gasification and oxidation of hydrocarbon materials for liquid fuel production,"1. A method for producing reduced-emission liquid fuel from hydrocarbon materials, the method comprising:
    introducing a hydrocarbon feedstock into a reactor system;
    processing the hydrocarbon feedstock via an integrated gasification and oxidation process within the reactor system to generate a synthesis gas comprising hydrogen and carbon monoxide;
    purifying gaseous effluent streams arising from at least one of the gasification process or the oxidation process to diminish the concentration of at least one of carbon dioxide, sulfur compounds, or nitrogen compounds; and
    transforming the purified synthesis gas into at least one liquid fuel.",refine
US-6877594-B2,Disc brake to be opened by torque,"A disc brake apparatus, comprising:
a rotor;
a caliper assembly;
at least one brake pad situated within the caliper assembly;
a biasing mechanism arranged to urge said at least one brake pad into frictional engagement with the rotor; and
a torque-actuated release mechanism mechanically coupled to said at least one brake pad, wherein application of a predetermined torque to said torque-actuated release mechanism is operable to overcome the biasing force of the biasing mechanism, causing said at least one brake pad to retract from the rotor and thereby disengage the disc brake apparatus.",refine
US-7825343-B2,Systems and methods for providing information to a customer,"A system for providing information to a customer, comprising:
at least one data storage unit configured to store information pertaining to multiple customers;
at least one processing unit communicatively coupled to the at least one data storage unit and configured to execute instructions;
at least one communication interface communicatively coupled to the at least one processing unit and configured to enable data communication with external devices;
wherein the at least one processing unit is further configured to:
obtain an information request from a customer device over a communication network via said at least one communication interface;
access said at least one data storage unit to identify and retrieve responsive data based on the obtained request; and
forward the retrieved responsive data to the customer device over the communication network via said at least one communication interface.",refine
US-7946251-B2,Therapeutically enhanced pet toy,"A pet toy, comprising:
a main body adapted for interactive play with a pet;
and a therapeutic enhancement incorporated into said main body, said therapeutic enhancement distinguished from a solely recreational function of the pet toy and adapted to provide a therapeutic benefit to the pet throughout said interactive play, wherein said therapeutic benefit targets at least one of a physiological, behavioral, or cognitive condition of the pet.",refine
US-7746573-B2,Bonded optical element and manufacturing method thereof,"An optical element comprising a first optical component made from a first optically transmissive material; a second optical component made from a second optically transmissive material; and an optical bonding layer interposed directly between and optically coupling said first optical component and said second optical component, said optical bonding layer being optically transparent, having a thickness uniformity of less than X micrometers, and exhibiting a refractive index substantially matched to within Y units of at least one of said first or second optically transmissive materials, thereby forming a monolithic optical assembly with a void-free bond interface and minimizing optical aberrations.",refine
US-7710561-B2,Transspectral illumination,"A method for transspectral illumination of a target object, comprising:
producing at least a first illumination beam with a first spectral characteristic and a second illumination beam with a second spectral characteristic, wherein the first and second spectral characteristics are spectrally distinct;
projecting the first illumination beam and the second illumination beam onto the target object; and
modulating at least one parameter of the first illumination beam or the second illumination beam to vary the spectral composition of light incident upon the target object.",refine
US-7222864-B2,Apparatus and method for determining the correct stance for riders of board-type title conveyances,"An apparatus for ascertaining an optimal stance for a rider of a board-type conveyance with a riding surface, the apparatus comprising:

a plurality of pressure sensors positioned across the riding surface of the board-type conveyance, the pressure sensors configured to detect real-time weight distribution and foot placement data from the rider on said riding surface;

a processing unit operatively coupled to the plurality of pressure sensors, the processing unit arranged to obtain the real-time weight distribution and foot placement data and compare said obtained data with one or more predefined optimal stance criteria associated with a desired riding characteristic; and

a feedback mechanism communicatively coupled to the processing unit, the feedback mechanism adapted to furnish feedback to the rider contingent upon the comparison of said data with the one or more predefined optimal stance criteria, thereby assisting the rider in attaining the optimal stance.",refine
US-7144096-B2,Inkjet recording apparatus for controlling recovery operation by managing cap-open state and recovery control method,"An inkjet recording apparatus, comprising:
a print head configured to eject ink;
a cap configured to cover a nozzle surface of the print head;
a recovery unit configured to execute a recovery operation on the print head;
a state detection unit configured to ascertain an open state of the cap relative to the print head; and
a control unit configured to manage data pertaining to the detected open state, wherein said data comprises at least one of a duration of the open state, a count of cap openings, or a timestamp of when the cap was opened, and further configured to control the recovery operation executed by the recovery unit based on the managed data.",refine
US-8097465-B2,Sensor with holographic multiplexed image display,"1. An apparatus comprising:
    a sensor configured to sense an environmental condition and to produce sensor data indicative of the sensed environmental condition;
    a processor operatively coupled to the sensor, the processor adapted to receive said sensor data and to generate corresponding image data, wherein the image data includes a plurality of image frames;
    a holographic display element operatively coupled to the processor, the holographic display element adapted to receive the image data and optically render a plurality of multiplexed images in response to the received image data, wherein the plurality of multiplexed images visually depicts the detected environmental condition; and
    a light source arranged to illuminate the holographic display element for the formation of the plurality of multiplexed images.",refine
US-7304783-B2,Control of micromirrors with intermediate states,"A system for regulating micromirrors with intermediate states, comprising:
a micromirror device having a plurality of individually addressable micromirrors, wherein each micromirror is adapted to reflect incident light;
at least one actuator mechanically linked to each of said plurality of micromirrors, wherein each actuator is adapted to selectively pivot its associated micromirror; and
a control circuit communicatively linked to said at least one actuator, wherein the control circuit is configured to produce and provide a multi-level control signal to said at least one actuator, thereby enabling the associated micromirror to adopt a plurality of stable intermediate angular deflection states between a fully ON state and a fully OFF state, thereby modulating the intensity, phase, or direction of reflected light.",refine
US-6744401-B2,Methods and apparatus for radar data processing,"1. A method for processing radar data, comprising:
    receiving radar data representative of a scene;
    performing at least one signal processing operation on the received radar data, said operation being structured to extract information pertaining to at least one characteristic of the scene; and
    generating an output based on the extracted information.",refine
US-8056153-B2,Multipurpose urinal attachment,"An attachment for a urinal, comprising:
a housing structure comprising an inlet opening and an outlet opening;
a mounting mechanism connected to said housing structure, said mounting mechanism adapted to removably secure said housing structure onto a rim of a urinal;
a fluid path formed within said housing structure, said fluid path arranged to convey fluid from said inlet opening to said outlet opening; and
a functional element incorporated into said housing structure, said functional element adapted to offer a utility separate from fluid flow through said fluid path;
wherein said outlet opening is arranged to direct conveyed fluid into a basin of the urinal.",refine
US-7604618-B2,High pressure injection syringe,"1. A high-pressure injection syringe comprising:
a barrel enclosing a fluid chamber;
a plunger reciprocally disposed within the barrel, adapted to eject fluid from the fluid chamber;
an outlet port fluidically communicating with the fluid chamber to dispense the expelled fluid; and
a pressure generation mechanism connected to the plunger, operative to apply a force to the plunger sufficient to produce a fluid pressure within the fluid chamber surpassing a standard manual injection pressure.",refine
US-8202575-B2,Vapor deposition systems and methods,"1. A vapor deposition system, comprising:
a deposition chamber adapted to house a substrate;
a vapor source fluidly coupled to the deposition chamber, said vapor source supplying a vapor precursor into the deposition chamber;
a substrate holder disposed within the deposition chamber, for supporting the substrate;
a heating element configured to heat at least one of the substrate or the vapor precursor;
a vacuum system fluidly connected to the deposition chamber, said vacuum system maintaining a sub-atmospheric pressure within the deposition chamber; and
a control system operably linked to at least one of the vapor source, the substrate holder, the heating element, and the vacuum system, said control system regulating a deposition process within the deposition chamber.",refine
US-8237269-B2,High Q transformer disposed at least partly in a non-semiconductor substrate,"1. A high Q transformer comprising:
a transformer structure exhibiting a quality factor (Q) exceeding a predetermined value; and
a non-semiconducting substrate;
wherein at least a section of the transformer structure is embedded within the non-semiconducting substrate.",refine
US-7339333-B2,"Motor drive control apparatus, motor drive control method and program of the same","A system for regulating a motor;
the system comprising:
an input interface adapted to receive a target motor operation command;
a feedback interface adapted to obtain one or more feedback signals reflecting an actual operating state of the motor;
a control processing unit arranged to generate a motor control signal derived from a comparison of the target motor operation command and the actual operating state conveyed by the one or more feedback signals; and
an output interface adapted to transmit the motor control signal to a power conversion circuit operative to supply power to the motor.",refine
US-6752507-B2,Backlight module structure,"A backlight module structure, comprising:
a housing forming an internal cavity and featuring an emission aperture;
a plurality of light emitting diodes (LEDs) situated within the internal cavity, said LEDs arranged to emit light into the internal cavity;
a light guide plate situated within the internal cavity and arranged to receive light from the plurality of LEDs, the light guide plate adapted to propagate and uniformly distribute the received light toward the emission aperture;
at least one optical film positioned above the light guide plate and aligned with the emission aperture, said optical film adapted to condition and direct light emitted from the light guide plate; and
a reflector sheet positioned beneath the light guide plate and within the internal cavity, the reflector sheet adapted to reflect downwardly-emitted light from the light guide plate back toward the light guide plate.",refine
US-7933751-B2,"Method, apparatus and computer program providing broadband preconditioning based on reduced coupling for numerical solvers","A method for enabling broadband preconditioning utilizing reduced coupling in numerical solvers, the method comprising:
receiving a numerical problem for resolution by a numerical solver;
identifying interconnection properties of the numerical problem;
constructing a preconditioning operator utilizing the identified interconnection properties, through application of a reduced coupling technique to adjust said properties, wherein said technique is configured to produce a preconditioning operator that affords broadband preconditioning for the numerical problem throughout an operational bandwidth; and
applying said preconditioning operator to the numerical problem, thereby creating a preconditioned system, said preconditioned system then furnished to the numerical solver for problem resolution.",refine
US-8281062-B2,Portable storage device supporting file segmentation and multiple transfer rates,"A portable storage device comprising:
a non-transitory storage medium adapted for storing data;
a communication interface arranged to establish a data link with an external host device; and
a processing unit coupled to the non-transitory storage medium and the communication interface, wherein the processing unit is configured to segment a file into a plurality of data segments and store such data segments on the non-transitory storage medium; and additionally configured to manage data transfer between the non-transitory storage medium and the external host device at various selectable transfer rates.",refine
US-8685283-B2,"Superficially porous metal oxide particles, methods for making them, and separation devices using them","A superficially porous metal oxide particle, comprising:
a solid non-porous metal oxide core having a diameter extending from about 0.5 micrometers to about 20 micrometers;
and a porous metal oxide shell concentrically enclosing said core, said shell having a thickness ranging from about 0.05 micrometers to about 2 micrometers;
wherein said shell contains pores possessing an average diameter from about 5 nanometers to about 100 nanometers;
wherein the particle has an overall diameter spanning from about 1 micrometer to about 50 micrometers;
and wherein the metal oxide is chosen from the group consisting of silica, alumina, titania, zirconia, and combinations thereof.",refine
US-7859384-B2,"Devices, systems, and methods for managing a circuit breaker","A system for managing a circuit breaker, comprising:
a data acquisition module configured to acquire operational parameters associated with the circuit breaker;
a processing module communicatively coupled to the data acquisition module, the processing module configured to analyze the operational parameters and to identify a required management action for the circuit breaker based on the analysis; and
an output module communicatively coupled to the processing module, the output module configured to execute the required management action, wherein the required management action includes at least one of: transmitting a control command to the circuit breaker; generating an alert responsive to the operational parameters; or recording historical operational data for the circuit breaker.",refine
US-6438166-B2,"Method and a apparatus for controlling a bit rate of picture data, and a storage medium which stores a program for controlling the bit rate","A method for regulating a bit rate of picture data, comprising:
receiving input picture data;
analyzing the received input picture data to identify at least one characteristic pertaining to bit rate allocation;
establishing a bit rate allocation for the input picture data based on the at least one identified characteristic;
encoding the input picture data according to the established bit rate allocation; and
transmitting the encoded picture data having the regulated bit rate.",refine
US-7271081-B2,Metal/ZnOx/metal current limiter,"1. A current limiter, including:
   a first metal electrode;
   a zinc oxide (ZnOx) layer; and
   a second metal electrode;
   wherein the zinc oxide (ZnOx) layer is situated between and electrically coupled to the first metal electrode and the second metal electrode; and
   wherein the current limiter is arranged to limit current flow between the first metal electrode and the second metal electrode in accordance with an electrical property of the zinc oxide (ZnOx) layer.",refine
US-8169534-B2,Volumetric imaging using “virtual” lenslets,"A system for volumetric imaging, comprising:
an optical objective configured to collect light originating from an object;
a reconfigurable optical element optically coupled to the objective, the reconfigurable optical element operative to produce a dynamic array of virtual lenslets within an optical path of the collected light;
wherein the dynamic array of virtual lenslets is adapted to spatially and angularly modulate said collected light;
an image sensor optically coupled to the reconfigurable optical element, the image sensor operative to acquire image data representing the modulated light; and
a processing unit communicatively coupled to the image sensor, the processing unit arranged to reconstruct a volumetric representation of the object from the image data utilizing characteristics of the dynamic array of virtual lenslets.",refine
US-6775887-B2,System for the needle-treatment of a conveyable fiber bat,"A system for the needling of a movable fiber batt, comprising:
a conveyor adapted to transport said fiber batt along a processing path;
a needling head located proximate to said processing path, said needling head including a plurality of needles;
a drive mechanism connected to said needling head, said drive mechanism arranged to reciprocate said needling head, thereby causing said plurality of needles to repeatedly pierce and retract from said fiber batt as it moves along said processing path;
a stripper plate interposed between said needling head and said conveyor, said stripper plate formed with a plurality of apertures allowing said needles to pass therethrough;
a bed plate situated beneath said conveyor and aligned with said needling head, said bed plate provided with a plurality of apertures to accept said needles subsequent to their passage through said fiber batt and said stripper plate; and
a frame arranged to support said conveyor, said needling head, said stripper plate, and said bed plate.",refine
US-6627845-B2,Method and apparatus for laser machining using a laser beam,"1. A method for laser machining employing a laser beam, comprising:
    producing a laser beam from a laser source;
    projecting the laser beam onto a workpiece;
    moving the laser beam relative to the workpiece to ablate material and create a machined feature;
    observing a machining characteristic of the workpiece during material ablation to generate a real-time process signal;
    evaluating the real-time process signal to ascertain a current condition of the machined feature or the material ablation operation; and
    adaptively modifying at least one laser parameter, such as laser power, pulse duration, pulse repetition rate, and laser beam focus position, based on the evaluated real-time process signal, to preserve a desired machining quality or attain a target machining profile.",refine
US-7348811-B2,Equalizing transceiver with reduced parasitic capacitance,"A transceiver comprising:
a transmitter path adapted to transmit a data signal;
a receiver path adapted to receive a data signal;
an equalization circuit coupled to at least one of the transmitter path or the receiver path, the equalization circuit configured to mitigate signal impairments; and
a semiconductor substrate on which the transmitter path, the receiver path, and the equalization circuit are integrated;
wherein at least a portion of the equalization circuit comprises a plurality of active devices formed within one or more electrically isolated regions of the semiconductor substrate, the one or more electrically isolated regions being adapted to substantially reduce parasitic capacitance between the active devices and the semiconductor substrate.",refine
US-8038698-B2,Percutaneous spinal implants and methods,"A percutaneous spinal implant system, comprising:
a first anchor member designed for securement within a vertebral body or pedicle;
a second anchor member designed for securement within an adjacent vertebral body or pedicle; and
a connecting member adapted to engage the first anchor member and the second anchor member, thereby stabilizing the adjacent vertebral bodies;
wherein at least one of the first anchor member, the second anchor member, and the connecting member is designed for individual introduction via a percutaneous access pathway, and wherein the system is suitable for *in situ* assembly to effect vertebral stabilization.",refine
US-8380865-B2,Gaming system and a method of managing bandwidth usage in a gaming network,"A gaming system for managing bandwidth utilization within a gaming network, said system including:
a plurality of client gaming devices communicatively coupled to at least one game server over a network;
a bandwidth monitoring module adapted to observe network traffic data and bandwidth consumption pertinent to each of the plurality of client gaming devices;
a bandwidth management module in communication with the bandwidth monitoring module, said bandwidth management module configured to evaluate the observed network traffic data and dynamically establish bandwidth allocation policies derived from game-specific parameters and current network conditions;
a network control module interfaced with the bandwidth management module, said network control module configured to enforce the established bandwidth allocation policies to manage data transmission rates for the plurality of client gaming devices;
wherein the bandwidth management module is also arranged to prioritize critical game data over non-critical game data according to the established bandwidth allocation policies to reduce network latency and improve the overall gaming experience.",refine
US-6854564-B2,Elevator system,"An elevator system comprising:
a hoistway establishing a vertical travel path;
an elevator car adapted for conveying passengers or goods, said elevator car positioned within the hoistway;
a lifting apparatus mechanically linked to the elevator car and arranged to vertically propel the elevator car along said vertical travel path;
multiple guide rails vertically arranged within the hoistway and adapted to direct the elevator car during its vertical transit;
a control system functionally linked to the lifting apparatus and adapted to govern vertical movement of the elevator car within the hoistway responsive to a call;
at least one car door provided on the elevator car; and
at least one landing door disposed at a landing of the hoistway, said at least one car door and said at least one landing door arranged to selectively permit access between the elevator car and a plurality of landings.",refine
US-7183120-B2,Etch-stop material for improved manufacture of magnetic devices,"A material as an etch-stop in the fabrication of a magnetic device, the material comprising a layer positioned within a stack of layers forming said magnetic device; wherein said etch-stop layer is designed to exhibit a differential etch rate with respect to at least one adjacent magnetic layer, said differential etch rate being sufficiently high to permit selective removal of said at least one magnetic layer relative to said etch-stop layer using a predetermined etchant; and wherein said etch-stop layer enables precise patterning and feature definition in said magnetic device during fabrication by protecting an underlying layer or defining a lateral dimension of an overlying layer.",refine
US-6853003-B2,Semiconductor devices with capacitors of metal/insulator/metal structure and methods for forming the same,"A semiconductor device comprising:
a semiconductor substrate; and
a metal-insulator-metal (MIM) capacitor structure incorporated within the semiconductor device;
wherein said MIM capacitor structure comprises a first metal electrode, a dielectric layer located over said first metal electrode, and a second metal electrode located over said dielectric layer, thereby creating a stacked metal-insulator-metal configuration.",refine
US-7344634-B2,Process and apparatus for contacting hydrocarbons with catalyst,"A method for catalytically transforming hydrocarbons, comprising:
supplying a hydrocarbon feedstock to a reactor;
providing a catalyst to the reactor;
contacting the hydrocarbon feedstock with the catalyst in the reactor under predetermined reaction conditions designed to induce a chemical transformation of at least a portion of the hydrocarbon feedstock;
maintaining the hydrocarbon feedstock and the catalyst in contact for a sufficient residence time to accomplish said chemical transformation;
and recovering an effluent stream comprising transformed hydrocarbons from the reactor.",refine
US-7684327-B2,Temporary disabling of a member of a Virtual Concatenation Group,"A method for temporarily deactivating a member within a Virtual Concatenation Group (VCG), comprising:
identifying a Virtual Concatenation Group (VCG) including multiple members, each member configured to carry a segment of a total data stream for the VCG;
selecting a specific member from said multiple members for temporary deactivation;
receiving a command to temporarily deactivate the specific member or detecting a condition prompting said temporary deactivation;
updating a configuration for the VCG to designate the specific member as temporarily out-of-service;
rerouting data traffic formerly utilizing the specific member for distribution among the remaining active members of the VCG;
preserving the operational status of the remaining active members of the VCG during said temporary deactivation;
monitoring for an enabling criterion or a subsequent command to reactivate the specific member;
returning the specific member to an active, in-service state within the VCG upon detecting the enabling criterion or receiving the subsequent command;
rebalancing data traffic distribution to include the reactivated specific member as part of the active VCG.",refine
US-7651655-B2,"Production methods of dielectric layer and dielectric element, dielectric element, and piezoelectric transformer","A method for fabricating a dielectric element, comprising:
providing a dielectric material;
shaping the dielectric material into a dielectric layer;
providing at least one electrode;
and integrating the dielectric layer with the at least one electrode, thereby completing the dielectric element.",refine
US-8112179-B2,Multi-joint robot and control program thereof,"A multi-joint robot comprising:
a plurality of links;
a plurality of joints connecting said links, each joint providing at least one degree of freedom of movement;
an end effector coupled to at least one of said links;
at least one sensor configured to obtain data pertaining to an operating environment of the robot or a state of the robot;
a controller communicatively coupled to said plurality of joints and said at least one sensor;
and a non-transitory computer readable medium coupled to said controller, said medium storing executable instructions that, when run by said controller, cause said multi-joint robot to perform a task by:
acquiring said data from said at least one sensor;
determining a desired movement trajectory for said end effector utilizing said received data and a specified task objective;
computing a sequence of joint angle commands for said plurality of joints for achieving said desired movement trajectory;
and transmitting said sequence of joint angle commands to said plurality of joints to effectuate a coordinated movement of said multi-joint robot in accordance with said desired movement trajectory.",refine
US-8269062-B2,"Lunaria annua, Cardamine graeca and Teesdalia nudicaulis FAE genes and their use in producing nervonic and eicosenoic acids in seed oils","An isolated nucleic acid molecule coding for a fatty acid elongase (FAE) protein; wherein said FAE protein originates from *Lunaria annua*, *Cardamine graeca*, or *Teesdalia nudicaulis*, or is a functional fragment or variant thereof; and wherein said nucleic acid molecule, upon expression in a plant, boosts the production of nervonic acid or eicosenoic acid in the plant's seed oil.",refine
US-7359992-B2,Method of preserving symmetrical routing in a communication system based upon a server farm,"A method of preserving symmetrical routing in a communication system comprising a server farm, the method comprising:
receiving, by a network ingress device connected with a plurality of servers forming the server farm, an incoming communication request from a client device, said incoming request comprising a client network address as its source network address;
selecting, by the network ingress device, a particular server from said plurality of servers for processing the incoming communication request;
modifying, by the network ingress device, the source network address of the incoming communication request from the client network address to a network address of the network ingress device, thereby creating a modified communication request;
forwarding the modified communication request to said selected server;
receiving, by the network ingress device, a communication response from said selected server, said response comprising a destination network address matching the network address of the network ingress device;
modifying, by the network ingress device, the destination network address of the communication response from the network address of the network ingress device to the client network address, thereby creating a modified communication response; and
transmitting the modified communication response to said client device.",refine
US-6837854-B2,Methods and systems for using reference images in acoustic image processing,"A method for acoustic image processing, the method comprising:
acquiring acoustic data pertaining to a target scene;
obtaining at least one reference image associated with the target scene or a characteristic thereof;
processing the acquired acoustic data utilizing the at least one reference image to generate a processed acoustic image; and
outputting the resulting acoustic image.",refine
US-8476943-B2,Semiconductor device,"A semiconductor device, comprising:
a semiconductor substrate;
at least one active region established in or on the semiconductor substrate;
at least one gate dielectric layer positioned over at least a portion of the active region;
and at least one gate electrode situated over the at least one gate dielectric layer, wherein the at least one gate electrode is arranged to control electrical conductivity within the at least one active region.",refine
US-6944196-B2,Solid state laser amplifier,"1. A solid state laser amplifier, comprising:
    a solid state gain medium;
    a pump source optically coupled to the solid state gain medium, the pump source operative to excite the solid state gain medium into a population inversion state;
    an input adapted to receive an input laser beam; and
    an output adapted to provide an amplified laser beam;
    wherein the input laser beam traverses the solid state gain medium, and the excited gain medium amplifies the input laser beam to produce the amplified laser beam.",refine
US-7697290-B2,Electronic apparatus and fan module thereof,"An electronic apparatus comprising:
a housing enclosing an interior space;
at least one electronic component located within the interior space, wherein the at least one electronic component is adapted to generate heat during operation;
a fan module detachably coupled to the housing, the fan module comprising at least one fan, wherein the fan module is operable to draw air into or expel air from the interior space to cool the at least one electronic component; and
a control unit communicatively coupled to the at least one electronic component and the fan module, wherein the control unit is adapted to acquire temperature data from the at least one electronic component and to modify an operational setting of the at least one fan based on the acquired temperature data.",refine
US-7674190-B2,Golf club head,"A golf club head comprising:
a body having a striking face adapted to strike a golf ball;
a sole projecting rearwardly from a lower edge of the striking face;
a crown extending rearwardly from an upper edge of the striking face, the crown disposed opposite the sole;
a heel portion and a toe portion positioned on opposing sides of the striking face; and
a hosel integrally formed with or affixed to the body, the hosel defining an aperture for receiving a golf club shaft.",refine
US-7218351-B2,Image-sensing apparatus for compensating video signal of a plurality of channels,"An image-sensing apparatus for compensating video signals originating from a plurality of channels, the apparatus comprising:
a plurality of image sensors adapted to acquire images and produce respective raw video signals, each raw video signal associated with a distinct channel;
a processing unit operatively connected to the plurality of image sensors, the processing unit arranged to receive the plurality of raw video signals; and
a compensation module incorporated into the processing unit, the compensation module configured to analyze features of the plurality of raw video signals and implement corrective adjustments to at least one of the plurality of raw video signals to reduce variations among them, thereby generating a unified compensated video signal.",refine
US-6795422-B2,Method of providing hysteresis in detection of path timing by multiplying delay profile by weighting coefficient,"A method for introducing hysteresis in path timing detection, the method comprising:
acquiring a delay profile pertaining to a communication path;
calculating a weighting coefficient derived from a current detection status of the communication path, wherein the current detection status is either a path detected state or a path not detected state;
multiplying the delay profile by the calculated weighting coefficient to produce a weighted delay profile; and
detecting the path timing utilizing the weighted delay profile, whereby the detection threshold to enter the path detected state differs from the detection threshold to exit the path detected state, thus implementing hysteresis in the path timing detection.",refine
US-7645925-B2,Tobacco products with increased nicotine,"A tobacco product including a tobacco material; wherein the tobacco product exhibits an elevated nicotine content compared to a corresponding conventional tobacco product, whereby said elevated nicotine content is at least 20% higher than the total nicotine content of the corresponding conventional tobacco product; and additionally, wherein the tobacco product comprises an exogenous nicotine source integrated with the tobacco material or the tobacco material originates from a high-nicotine tobacco varietal.",refine
US-7271475-B2,Memory card with connecting portions for connection to an adapter,"A memory card comprising:
a card body;
a memory unit housed within the card body; and
multiple electrical connecting portions present on an exterior surface of the card body, wherein said electrical connecting portions are physically and electrically configured for interconnection with complementary features of an adapter to facilitate communication between the memory card and the adapter.",refine
US-8011864-B2,Method for facilitating chatter stability mapping in a simultaneous machining application,"A method for enabling chatter stability mapping in a simultaneous machining application, the method comprising:
acquiring dynamic characteristics of at least two machining subsystems associated with the simultaneous machining application;
determining spatial and temporal relationships between the at least two machining subsystems;
generating a coupled dynamic model characterizing the vibrational behavior of the at least two machining subsystems, wherein the coupled dynamic model incorporates interactions between the subsystems based on the determined spatial and temporal relationships;
calculating chatter stability limits for the simultaneous machining application across a range of machining parameters using the coupled dynamic model; and
generating a chatter stability map graphically depicting stable and unstable machining regions for the simultaneous machining application based on the calculated chatter stability limits, wherein the generated chatter stability map aids in selecting machining parameters to avoid chatter during the simultaneous machining application.",refine
US-6936324-B2,Data storage media containing transparent polycarbonate blends,"A data storage medium comprising:
a transparent layer containing a polycarbonate blend;
wherein said polycarbonate blend includes a first polycarbonate and at least one additional polymer distinct from said first polycarbonate; and
wherein said transparent layer is adapted for optical data recording and/or playback.",refine
US-7621370-B2,Sound increase apparatus,"An apparatus for amplifying sound, comprising:
an input component configured to capture ambient sound and produce an electrical signal indicative of said ambient sound;
a processing unit electrically connected to the input component and adapted to amplify the electrical signal; and
an output component electrically connected to the processing unit and configured to transform the amplified electrical signal into an augmented sound output.",refine
US-8128207-B2,"Head chip, liquid jet head, liquid jet recording device, and method of manufacturing the head chip","A printhead chip for a liquid jet device, comprising:
a substrate;
a nozzle plate disposed on the substrate and comprising multiple nozzles;
multiple discrete liquid chambers, each fluidically coupled to a respective one of the multiple nozzles;
multiple pressure-generating elements, each arranged to apply pressure to liquid within a respective one of the discrete liquid chambers, thereby causing liquid ejection from the respective nozzle; and
a shared liquid supply channel arranged to deliver liquid to the multiple discrete liquid chambers.",refine
US-7171587-B2,Automatic test system with easily modified software,"An automatic test system, comprising:
a processor;
a memory coupled to the processor, storing executable software instructions;
test hardware coupled to the processor, configured to apply test stimuli to and acquire responses from a device under test (DUT);
an interface configured to connect the test hardware to the DUT;
wherein the executable software instructions, when executed by the processor, cause the system to perform automated testing of the DUT, and further establish a software framework adapted to permit modification of a test sequence by adjusting a configuration of test operations, without necessitating recompilation of a primary control program.",refine
US-7672671-B2,Method and apparatus for enabling operators with operators with unused bandwidth to acquire users,"A method for enabling network operators with available bandwidth capacity to acquire new subscribers, the method comprising:
receiving, by a computing system, from multiple network operators, data detailing available network bandwidth capacity;
receiving, by the computing system, from multiple prospective users, requests to acquire network bandwidth;
comparing the received data pertaining to available network bandwidth capacity with the received requests seeking network bandwidth;
identifying, based on the comparison, at least one alignment between an operator possessing available network bandwidth capacity and a prospective user seeking network bandwidth; and
facilitating, by the computing system, the acquisition of network bandwidth from the identified operator by the identified prospective user.",refine
US-8306807-B2,"Structured data translation apparatus, system and method","An apparatus for structured data translation, comprising:
an input interface configured to obtain source structured data, wherein the source structured data adheres to a predetermined source data schema;
a memory containing a plurality of translation rules specifying transformations between elements of the source data schema and a predetermined target data schema;
a processing unit operatively linked with the input interface and the memory, the processing unit configured to retrieve the source structured data from the input interface and execute the plurality of translation rules residing in the memory, thereby transforming the source structured data into target structured data, wherein the target structured data complies with the predetermined target data schema; and
an output interface operatively linked with the processing unit, the output interface configured to output the target structured data.",refine
US-7169473-B2,Carbon film-coated article and method of producing the same,"An article comprising:
a substrate; and
a carbon film situated on at least a portion of a substrate surface;
wherein the carbon film has a thickness ranging from about 1 nanometer to about 10 micrometers;
wherein the carbon film has a hardness of at least about 5 GigaPascals; and
wherein the carbon film is substantially adherent to the substrate.",refine
US-8590419-B2,Reactor coolant pump flywheel,"1. A flywheel associated with a reactor coolant pump motor in a nuclear reactor system; the flywheel comprising:
a rotatable mass;
a coupling mechanism configured to connect the rotatable mass to a drive shaft of the reactor coolant pump motor;
wherein the rotatable mass is adapted to store rotational kinetic energy during normal operation of the reactor coolant pump motor; and
wherein, in the event of an electrical power interruption to the reactor coolant pump motor, the stored rotational kinetic energy of the rotatable mass is adapted to supply sustained rotational drive to the drive shaft to maintain fluid circulation by the reactor coolant pump.",refine
US-7478661-B2,"Composite document for bearing secure information, apparatus and method for producing such document","A composite document carrying secure information, said composite document comprising:
a first substrate layer;
secure information incorporated into a surface of said first substrate layer, said secure information being covertly applied and substantially imperceptible to unaided visual inspection prior to removal of an overlying layer;
a second layer positioned over said secure information and affixed to said first substrate layer, said second layer being substantially opaque to obstruct visual inspection of said secure information and adapted to safeguard said secure information; and
said second layer being permanently separable from said first substrate layer, whereby detachment of said second layer from said first substrate layer permanently modifies at least one of said secure information or said first substrate layer, thereby indicating evidence of tampering, thus forming a tamper-evident laminate structure.",refine
US-7745989-B2,"Light emitting element, light emitting device, and electronic apparatus","1. A light emitting element, comprising:
    a substrate;
    a first electrode positioned on the substrate;
    a light emitting layer situated over the first electrode;
    a second electrode positioned over the light emitting layer; and
    an auxiliary functional layer interposed between the first electrode and the second electrode, said auxiliary functional layer adapted to facilitate charge injection into the light emitting layer, optimize charge transport within the light emitting element, or augment its light extraction efficiency.",refine
US-7951579-B2,Method for bacteriophage delivery and amplification,"A method for bacteriophage introduction and amplification, comprising:
  exposing a target bacterial population to one or more bacteriophages;
  incubating said target bacterial population with said one or more bacteriophages under conditions conducive to bacteriophage infection and replication; and
  permitting the bacteriophage to proliferate through lysis of said target bacterial population, thereby generating an amplified bacteriophage population.",refine
US-7206428-B2,Acoustic receiver having improved mechanical suspension,"An acoustic receiver comprising:
a housing;
an acoustic sensing element situated within the housing;
a first resilient element coupled to the acoustic sensing element;
an intermediate mass coupled to the first resilient element; and
a second resilient element coupled between the intermediate mass and the housing, wherein the first resilient element and the second resilient element are arranged to provide vibration isolation for the acoustic sensing element in at least two orthogonal directions, and wherein the assembly of the first resilient element, the intermediate mass, and the second resilient element constitutes a multi-stage mechanical suspension system.",refine
US-7771697-B2,Method for preparing functional nanomaterials utilizing endothermic reaction,"A method for synthesizing functional nanomaterials, comprising:
supplying at least one precursor substance;
commencing an endothermic reaction involving said at least one precursor substance;
wherein said endothermic reaction absorbs thermal energy from its environment as said functional nanomaterials are formed.",refine
US-8323649-B2,Antibodies to IL-6 and use thereof,"An isolated antibody or antigen-binding portion thereof, which specifically binds to human interleukin-6 (IL-6);
and neutralizes at least one biological function of human IL-6;
wherein said antibody is a monoclonal antibody;
and wherein said antibody is chosen from the group consisting of a human antibody, a humanized antibody, and a chimeric antibody.",refine
US-8542546-B2,Semiconductor memory device and method for testing same,"A semiconductor memory device comprising:
a memory array including a plurality of memory cells adapted to store data;
address decoding logic coupled to the memory array and arranged to select a subset of the plurality of memory cells responsive to an input address;
read/write circuitry coupled to the memory array for reading data from and writing data to the selected subset of memory cells;
control logic coupled to the address decoding logic and the read/write circuitry, the control logic operative to govern read and write operations of the memory array; and
test control circuitry interfaced with at least one of the address decoding logic, the read/write circuitry, and the control logic, the test control circuitry arranged to operate the semiconductor memory device in a test mode;
wherein, in the test mode, the test control circuitry is additionally adapted to: supply a sequence of test patterns to the memory array; read data from the memory array subsequent to the applied test patterns; and compare the read data with expected data for detecting at least one fault within the semiconductor memory device.",refine
US-7577487-B2,Methods and apparatus for a band to band transfer module,"A device for inter-band transfer, comprising:
a first interface adapted to obtain an input signal associated with a first characteristic band;
a second interface adapted to supply an output signal associated with a second characteristic band; and
a transfer module operatively coupled between the first interface and the second interface, said transfer module arranged to convert at least one characteristic of the input signal from the first characteristic band into the second characteristic band, thereby generating the output signal;",refine
US-7882707-B2,Refrigeration hot gas desuperheater systems,"1. A refrigeration system, comprising:
a compressor adapted to compress a refrigerant gas;
a condenser fluidly connected to an outlet of the compressor;
an expansion device fluidly connected to an outlet of the condenser;
an evaporator fluidly connected to an outlet of the expansion device and an inlet of the compressor;
a hot gas desuperheater system;
wherein the hot gas desuperheater system includes:
a desuperheater heat exchanger possessing a refrigerant inlet, a refrigerant outlet, a cooling fluid inlet, and a cooling fluid outlet;
a hot gas conduit connecting the outlet of the compressor to the refrigerant inlet of the desuperheater heat exchanger;
a desuperheated gas conduit connecting the refrigerant outlet of the desuperheater heat exchanger to an inlet of the condenser;
a cooling fluid circuit arranged to circulate a cooling fluid from the cooling fluid inlet, through the desuperheater heat exchanger, and exiting the cooling fluid outlet to remove heat from hot refrigerant gas passing through the desuperheater heat exchanger.",refine
US-7897206-B2,"Method of manufacturing an optical data storage medium, optical data storage medium and apparatus for performing said method","A method for fabricating an optical data storage medium, comprising:
providing a substrate;
depositing at least one recording layer upon said substrate;
patterning said at least one recording layer, thereby defining a plurality of data storage elements adapted for optical data storage; and
depositing a protective layer over said at least one recording layer.",refine
US-8654838-B2,System and method for video and graphic compression using multiple different compression techniques and compression error feedback,"A system for video and graphics compression, comprising:
a data input interface adapted to receive incoming data including video data and graphics data;
a compression module operatively connected to the data input interface, the compression module arranged to apply various compression techniques to the incoming data;
an error detection module linked to the compression module, the error detection module operable to identify compression errors arising from the application of said various compression techniques; and
a feedback module interconnected with the error detection module and the compression module, the feedback module adapted to supply compression error feedback to the compression module, wherein the compression module is further configured to modify the application of said various compression techniques utilizing the received error feedback.",refine
US-8700925-B2,Regulating power using a fuzzy logic control system,"A system for power regulation, comprising:
a sensor adapted to measure one or more power parameters of a power system;
a fuzzy logic controller communicatively coupled to the sensor, configured to receive the measured power parameter as input data, process the input using a set of fuzzy rules and membership functions, and generate a control output; and
an actuator communicatively coupled to the fuzzy logic controller, configured to receive the control output and modify the power level within the power system in accordance with the control output.",refine
US-8356165-B2,Selecting regions of hot code in a dynamic binary rewriter,"A method for determining hot code regions within a dynamic binary rewriter, the method comprising:
running a binary program via the dynamic binary rewriter;
observing execution of the binary program to gather execution profile data;
detecting one or more hot code regions within the binary program based on the gathered execution profile data;
wherein the dynamic binary rewriter applies code transformations to the detected one or more hot code regions during execution of the binary program.",refine
US-7527114-B2,Electrically-powered axle with wheel hub drive,"An electrically driven axle with wheel hub drive, comprising:
an axle shaft;
at least one wheel hub, rotatably supported on said axle shaft;
at least one electric motor, housed within said at least one wheel hub;
wherein said at least one electric motor is adapted to propel a wheel coupled to said at least one wheel hub;
and an electrical power coupling mechanism for supplying electrical power to said at least one electric motor.",refine
US-8373151-B2,Write-once memory array including phase-change elements and threshold switch isolation,"1. A memory array, comprising:
a plurality of memory cells, wherein each memory cell includes a phase-change device and a threshold switch electrically connected in series with the phase-change device;
wherein the memory array is configured as a write-once memory array.",refine
US-7986067-B2,Brushless motor,"A brushless motor, comprising:
a stator defining a central axis, the stator including a plurality of phase windings distributed around its inner periphery;
a rotor rotatably coupled to the stator and concentrically arranged with the central axis, the rotor comprising a plurality of permanent magnets disposed on an outer periphery thereof;
a position sensor for detecting a rotational position of the rotor relative to the stator; and
a controller operatively coupled to the position sensor and the plurality of phase windings, the controller arranged to selectively energize the plurality of phase windings in response to the detected rotational position to produce a rotating magnetic field which electromagnetically engages the plurality of permanent magnets to effect rotation of the rotor relative to the stator.",refine
US-7896801-B2,Endoscope with rigidity variation section,"An endoscope, comprising:
an elongated insertable shaft having a distal end and a proximal end;
an imaging system located at the distal end of the elongated insertable shaft;
a control section connected to the proximal end of the elongated insertable shaft;
a rigidity variation section situated along a segment of the elongated insertable shaft, the rigidity variation section adapted to selectively change its stiffness between at least a first stiffness state and a second stiffness state; and
an actuation mechanism functionally connected to the rigidity variation section and extending to the control section, the actuation mechanism adapted to allow a user to selectively adjust the stiffness of the rigidity variation section via the control section.",refine
US-8317508-B2,Frame for a device for manufacturing a three-dimensional object and device for manufacturing a three-dimensional object by such a frame,"1.  A device for manufacturing a three-dimensional object, comprising:
    a frame configured to provide structural support for components of the device;
    a build platform supported by said frame and configured to receive material depositions;
    a material deposition head configured for selectively depositing material onto said build platform; and
    a multi-axis motion system coupled to said frame, said multi-axis motion system configured to impart relative motion between the build platform and the material deposition head along at least a first axis, a second axis, and a third axis, thereby progressively forming the three-dimensional object in layers upon the build platform.",refine
US-8837998-B2,Fixing device with guide member having multiple spurs and image forming apparatus incorporating same,"A fixing apparatus, comprising:
    a heating member adapted to heat a recording medium;
    a pressing member arranged to press the recording medium onto the heating member, thereby forming a nip; and
    a guide member configured to direct the recording medium along a path through the nip,
    wherein the guide member comprises a plurality of spurs projecting therefrom, said spurs being configured to engage the recording medium.",refine
US-7679221-B2,Power saving switch,"An energy management switch, comprising:
a power input terminal arranged to receive electrical power from a power source;
a power output terminal arranged to supply electrical power to an electrical load;
a switching element electrically connected between the power input terminal and the power output terminal, said switching element adapted to selectively regulate power flow therebetween;
a sensing unit adapted to detect a condition indicating diminished power demand by the electrical load or a user's non-presence needing power from the electrical load; and
a control unit functionally linked to the sensing unit and the switching element, said control unit arranged to receive a signal from the sensing unit and, in response to said signal, cause the switching element to sever power to the power output terminal, thereby saving energy.",refine
US-7520202-B2,Guiding device for saw blade of band saw,"A guide assembly for a band saw blade, comprising:
a support member adapted for mounting to a band saw frame;
a plurality of lateral guide elements coupled to the support member and arranged to engage opposing lateral sides of the saw blade; and
at least one thrust guide element coupled to the support member and arranged to contact a rear edge of the saw blade.",refine
US-7476996-B2,Resolver external conductor fixing structure,"A resolver external conductor retention assembly, comprising:
a resolver housing comprising an external connection port;
at least one external conductor adapted for electrical connection with the resolver located within the resolver housing; and
a fixing member affixed to the resolver housing adjacent to the external connection port, said fixing member adapted to mechanically grip a portion of the at least one external conductor, thereby restricting displacement of the at least one external conductor relative to the resolver housing and providing strain relief for an electrical coupling of the at least one external conductor with the resolver.",refine
US-8040534-B2,Image processing method and apparatus comprising an image processing in which a RIP process is performed on original image data,"**Claim 1 (Method):**
A method for image processing, comprising:
obtaining original image data;
executing a Raster Image Processor (RIP) operation upon the original image data; and
producing rasterized image data.

**Claim 1 (Apparatus):**
An apparatus for image processing, comprising:
an input interface adapted to acquire original image data;
a Raster Image Processor (RIP) arranged to execute a RIP operation upon the original image data and produce rasterized image data; and
an output interface configured to transmit the rasterized image data.",refine
US-7595768-B2,Switching schemes for multiple antennas,"A wireless communication device, comprising:
multiple antennas;
an antenna switching unit linked to the multiple antennas; and
a processing unit configured to ascertain channel characteristics associated with signals received or transmitted via the multiple antennas, and subsequently, using the ascertained channel characteristics, govern the antenna switching unit to activate a selected subset of the multiple antennas according to a switching scheme to enhance a communication performance metric.",refine
US-8162674-B2,Backlight assembly and display device having the same,"A display device comprising:
a display panel arranged to present an image;
a backlight assembly configured to illuminate the display panel, said backlight assembly comprising:
    a light guide plate comprising at least one light incident surface and an opposing light emitting surface;
    a light source located adjacent to said at least one light incident surface of the light guide plate, the light source adapted to emit light into the light guide plate;
    at least one optical film stack situated over the light emitting surface of the light guide plate;
    a reflective element positioned beneath the light guide plate; and
    a support frame designed to house the light guide plate, the light source, the at least one optical film stack, and the reflective element in a compact configuration;
wherein said compact configuration of the backlight assembly components within the support frame yields a reduced overall thickness for the display device, concurrently supplying substantially uniform illumination to the display panel.",refine
US-8099593-B2,System and method for retrieving related certificates,"A system for retrieving associated certificates, the system comprising:
    a certificate data store configured to hold a plurality of certificates, each certificate having multiple attributes;
    an input interface configured to receive a retrieval request, the retrieval request including at least one of a search criterion and an identifier of a seed certificate;
    a processing unit operably coupled to the certificate data store and the input interface;
    a relationship determination engine executable by the processing unit, this relationship determination engine configured to identify one or more related certificates from the plurality of certificates stored in the certificate data store, wherein said identification of the one or more related certificates is based on the retrieval request and a set of predetermined relationship rules, the predetermined relationship rules defining associations between certificates based on their respective attributes;
    a certificate retrieval engine executable by the processing unit, this certificate retrieval engine configured to obtain data corresponding to the identified one or more related certificates from the certificate data store; and
    an output interface configured to present the obtained data corresponding to the one or more related certificates.",refine
US-6800860-B2,Optical architectures for microvolume laser-scanning cytometers,"1. A system for microvolume laser-scanning cytometry, including:
    a laser source adapted to generate at least one excitation beam;
    an excitation optical path including a plurality of optical components for directing and focusing the at least one excitation beam into a sample interrogation region, wherein the sample interrogation region is sized to accommodate a microvolume sample;
    a scanning mechanism adapted to induce relative scanning movement between the at least one excitation beam and the microvolume sample within the sample interrogation region;
    a collection optical path including multiple optical elements adapted to collect light emanating or scattered from the microvolume sample responsive to excitation by the at least one excitation beam;
    at least one detector optically coupled to the collection optical path, the at least one detector adapted to produce an electrical signal representative of the collected light; and
    a processor adapted to analyze the electrical signal to determine cytometric characteristics of the microvolume sample.",refine
US-7522047-B2,Adjustable display assembly for a retail product,"An adjustable display apparatus for retail products, comprising:
a base arranged to firmly rest on a supporting surface;
a support member functionally connected to the base, projecting upwardly therefrom;
a display platform designed to support and exhibit at least one retail product thereon; and
an adjustment mechanism functionally engaged between the support member and the display platform, wherein the adjustment mechanism is adapted to selectively alter at least one of a vertical position or an angular orientation of the display platform with respect to the base.",refine
US-6890321-B2,Hard tip over-the-needle intravenous catheter,"A rigid tip over-the-needle intravenous catheter assembly, comprising:
a catheter tube having a proximal and a distal end, and defining a lumen extending therethrough;
a catheter hub secured to the proximal end of the catheter tube;
an introducer needle having a proximal end, a shaft, and a sharp distal tip, the introducer needle shaft slidably situated within the lumen of the catheter tube such that the sharp distal tip extends distally beyond the distal end of the catheter tube;
a needle hub attached to the proximal end of the introducer needle; and
wherein a distal end portion of the catheter tube, which includes the distal end, is more rigid than the remainder of the catheter tube.",refine
US-7879733-B2,Method for manufacturing semiconductor device free from layer-lifting between insulating layers,"A method for manufacturing a semiconductor device preventing delamination between insulating layers, comprising:
providing a semiconductor substrate;
depositing a first insulating layer over the semiconductor substrate;
applying a surface modification treatment to an exposed surface of the first insulating layer, wherein the surface modification treatment includes at least one of a plasma treatment, a chemical surface activation, or a surface roughening process;
depositing a second insulating layer directly onto the surface-modified first insulating layer;
wherein the surface modification treatment improves adhesion between the first insulating layer and the second insulating layer, thereby inhibiting delamination between the layers during subsequent semiconductor manufacturing operations.",refine
US-8718318-B2,Fingerprint development in image based spam blocking,"A method for blocking image-based spam, the method comprising:
receiving an electronic message comprising an embedded image;
extracting a set of visual characteristics from the embedded image;
generating a unique image fingerprint by transforming the extracted visual characteristics into a distinct identifier;
comparing the unique image fingerprint against a stored database containing known spam image fingerprints;
determining a similarity score between the unique image fingerprint and a known spam image fingerprint from the stored database; and
blocking said electronic message if the similarity score exceeds a predefined threshold.",refine
US-8528991-B2,Vehicle wheel rim,"1. A vehicle wheel rim, comprising:
    an annular body having a central axis of rotation;
    said annular body also including an inner circumferential bead seat and an outer circumferential bead seat, each arranged to engage a respective bead of a pneumatic tire;
    an inner retention flange projecting from said inner circumferential bead seat and an outer retention flange projecting from said outer circumferential bead seat, these flanges being adapted to axially secure the pneumatic tire on the rim;
    a drop center well portion located radially inward and between said inner and outer circumferential bead seats, said drop center well portion to provide radial clearance during installation and removal of the pneumatic tire; and
    a mounting interface adapted for connecting the vehicle wheel rim to a wheel hub of a vehicle.",refine
US-7288028-B2,Method and apparatus for quickly joining an online game being played by a friend,"A method for promptly joining an online game being played by a friend, the method comprising:
acquiring, by a computing device associated with a first user, status information for a plurality of friends of the first user, wherein the status information includes an indication of an online game currently being played by at least one of the plurality of friends and an identifier for a corresponding game instance;
creating, by the computing device, a user interface element for display to the first user, the user interface element displaying an indicator that the at least one friend is actively playing the online game and a selectable option to join the online game;
receiving, by the computing device, an input from the first user selecting the selectable option to join the online game;
upon receiving said input, automatically launching, by the computing device, the online game if the online game is not presently executing on the computing device; and
automatically connecting, by the computing device, the first user directly to the designated game instance of the online game in which the at least one friend is currently playing, thereby obviating manual navigation through game lobbies or menus by the first user.",refine
US-8346413-B2,Wireless display unit for ECP transition system,"1. A wireless display unit adapted for an electronic controlled pneumatic (ECP) transition system, said wireless display unit comprising:
a display screen configured to display visual information pertaining to the operation of the ECP transition system;
a wireless transceiver adapted to obtain, from an ECP control system, data representative of a current status of the ECP transition system;
a processor operatively connected to the wireless transceiver and the display screen, the processor arranged to process said received data and produce display signals derived from the processed data;
wherein the data representative of the current status of the ECP transition system encompasses at least one of a brake pipe pressure, a reservoir pressure, a commanded brake state, an actual brake state, a malfunction status, and a transition progression indicator;
wherein the display screen is additionally arranged to visually show a status of a transition of the ECP transition system based on the processed data; and
a power source arranged to supply electrical power to the wireless transceiver, the processor, and the display screen.",refine
US-7980092-B2,Compressor,"A compressor comprising:
a housing enclosing an internal cavity;
an inlet port arranged to admit a fluid into said internal cavity;
an outlet port arranged to expel a compressed fluid from said internal cavity;
a compression mechanism situated within said internal cavity and functionally connected with the inlet port and the outlet port, wherein said compression mechanism is adapted to decrease the fluid's volume within said internal cavity; and
a drive mechanism functionally connected with the compression mechanism and arranged to drive the compression mechanism;
such that activation of the drive mechanism prompts the compression mechanism to ingest fluid via the inlet port, compress the fluid, and eject the compressed fluid through the outlet port.",refine
US-7492159-B2,Nuclear magnetic resonance spectrometer for liquid-solution,"1. An apparatus for nuclear magnetic resonance spectroscopy of liquid-solution samples, comprising:
a main magnet assembly for generating a static magnetic field exhibiting homogeneity suitable for high-resolution liquid NMR;
a sample probe unit adapted to receive and position a liquid sample container within the static magnetic field;
at least one radiofrequency (RF) coil positioned within the sample probe unit, said RF coil configured to irradiate the liquid-solution sample with RF pulses and detect nuclear magnetic resonance signals emanating therefrom;
a transceiver unit connected to the at least one RF coil, said transceiver unit adapted to generate the RF pulses and to receive and digitize the nuclear magnetic resonance signals; and
a spectrometer console interfaced with the main magnet assembly, the sample probe unit, and the transceiver unit, said spectrometer console configured to control operation of the apparatus and to process the digitized nuclear magnetic resonance signals to generate a spectrum of the liquid sample.",refine
US-8421591-B2,Method and system of conditionally operating a movable barrier,"A method for conditionally operating a movable barrier, the method comprising:
sensing an event or acquiring an input associated with an operational condition of the movable barrier;
evaluating the detected event or received input against a predetermined set of operational criteria;
ascertaining, based on the comparison, whether to actuate the movable barrier;
dispatching an actuation command to an actuator connected to the movable barrier, causing the movable barrier to operate in a specified operational mode;
observing a path of the movable barrier for an obstruction during its operation; and
modifying the operation of the movable barrier, comprising stopping or reversing movement thereof, upon detecting an obstruction.",refine
US-6840789-B2,Connector and a method of assembling it,"1. A connector, comprising:
a main housing body featuring a plurality of terminal receiving conduits, each conduit adapted to accept an electrical terminal;
a plurality of electrical terminals, each terminal positioned within a corresponding one of the plurality of terminal receiving conduits; and
a terminal retention member arranged for detachable coupling to the main housing body, the terminal retention member, upon engagement, inhibiting removal of the plurality of electrical terminals from their respective terminal receiving conduits;
wherein the main housing body and the terminal retention member are mutually configured to allow insertion of the plurality of electrical terminals into the main housing body prior to coupling the terminal retention member thereto.",refine
US-7149500-B2,Charge-all mode for calls in telecommunication network,"A method for governing call charging in a telecommunication network, said method comprising:
initiating a charge-all mode within a network component of the telecommunication network;
identifying multiple communication calls originating from or terminating at a subscriber entity associated with said activated charge-all mode;
for each identified communication call, creating a charging record reflecting chargeable usage for said call, without regard to predefined charging rules that would otherwise categorize said call as non-chargeable or free; and
forwarding said charging record to a billing system for further processing.",refine
US-7347901-B2,Thermally zoned substrate holder assembly,"1. A thermally zoned substrate holder assembly, comprising: a substrate support configured to hold a substrate; a plurality of heating elements embedded within the substrate support, said heating elements arranged to delineate a plurality of distinct thermal zones on a surface of the substrate support; and a control system operatively coupled to the plurality of heating elements, the control system adapted to individually control the temperature of each of the plurality of distinct thermal zones.",refine
US-8227061-B2,Heat resistant air hose,"An air hose comprising:
an inner tube defining a lumen for transporting air, said inner tube constructed of a first heat-resistant elastomeric material;
at least one reinforcement layer annularly positioned about said inner tube, said at least one reinforcement layer comprising heat-resistant fibers embedded in a matrix; and
an outer cover annularly positioned about said at least one reinforcement layer, said outer cover constructed of a second heat-resistant elastomeric material;
wherein the air hose is adapted to preserve structural integrity and flexibility while continuously transporting air at temperatures exceeding 100 degrees Celsius.",refine
US-6286672-B2,Sleeve for storing a disc shaped object,"A sleeve for housing a disk-shaped article, comprising:
a body portion having an internal cavity sized to accommodate the disk-shaped article;
said body portion defined by a front wall and a back wall;
at least one side wall interconnecting said front wall and said back wall, said walls cooperatively forming said internal cavity;
an opening providing access to said internal cavity, said opening configured to allow insertion and removal of the disk-shaped article; and
wherein said internal cavity is configured to substantially enclose the disk-shaped article upon full insertion, thereby housing the disk-shaped article.",refine
US-8217937-B2,Isosurfacial three-dimensional imaging system and method,"A system for three-dimensional isosurface imaging, comprising:
a data acquisition module configured to obtain a three-dimensional volumetric data set depicting a physical characteristic within a volume;
a processing unit communicatively coupled to the data acquisition module, the processing unit configured to receive a user-specified isovalue, and further configured to generate three-dimensional isosurface data by identifying data points within the volumetric data set that correspond to the received user-specified isovalue, and further configured to render the three-dimensional isosurface data as a visual representation; and
a display unit communicatively coupled to the processing unit, the display unit configured to display the visual representation of the three-dimensional isosurface data to a user.",refine
US-8422859-B2,Audio-based chapter detection in multimedia stream,"A method of audio-based chapter detection within a multimedia stream, comprising:
obtaining a multimedia stream;
isolating an audio component from said multimedia stream;
processing the isolated audio component to identify at least one acoustic feature or audio event signifying a chapter transition;
establishing a chapter boundary within said multimedia stream based on said identified acoustic feature or audio event; and
producing chapter metadata specifying the established chapter boundary.",refine
US-7043983-B2,Horizontal liquid level measuring device,"A horizontal liquid level measuring device, comprising:
a housing adapted for horizontal installation within a liquid storage vessel;
a float member positioned within the housing, the float member adapted to float on a liquid's surface;
a guide mechanism interacting with the housing and the float member, the guide mechanism arranged to restrict travel of the float member chiefly along a horizontal axis within the housing in response to changes in liquid level;
a sensing element functionally connected to the float member or the guide mechanism, the sensing element adapted to produce a signal reflecting a horizontal position of the float member;
and an output interface electrically connected to the sensing element, the output interface arranged to supply the signal to an external system, indicating the liquid level.",refine
US-8267398-B2,Medium storing and advancing apparatus,"An apparatus comprising:
a storage unit adapted to hold a medium;
an advancing mechanism operatively connected to the storage unit and adapted to move the medium from the storage unit along a transport path; and
a controller connected to the advancing mechanism and adapted to regulate the medium's movement along the transport path at a predetermined rate.",refine
US-6914940-B2,Device for improving voice signal in quality,"An apparatus for enhancing voice signal quality, comprising:
an input module configured to obtain an unprocessed voice signal;
a processing module coupled to the input module, the processing module configured to apply at least one voice signal enhancement algorithm to the unprocessed voice signal to generate an enhanced voice signal;
a controller coupled to the processing module, the controller configured to oversee operation of the processing module; and
an output module coupled to the processing module, the output module configured to transmit the enhanced voice signal.",refine
US-7205526-B2,Methods of fabricating layered lens structures,"A method for producing multi-layered optical structures, comprising:
furnishing a substrate;
successively depositing a series of optical material layers onto the substrate, each such layer possessing a distinct refractive index;
wherein a minimum of two adjacent layers within said optical material layers exhibit different refractive indices;
thereby forming a layered assembly configured to refract light.",refine
US-7728736-B2,Combustion instability detection,"A method of detecting combustion instability in a combustor, said method comprising:
acquiring a dynamic pressure signal from within the combustor;
processing said dynamic pressure signal to discern characteristics indicative of combustion instability; and
producing an output signal based on said discerned characteristics, wherein said output signal reflects the presence or absence of said combustion instability.",refine
US-7694342-B2,Systems and methods for managing and protecting electronic content and applications,"A system for managing and protecting electronic content and applications, comprising:
processing circuitry;
memory storing instructions which, when executed by the processing circuitry, effectuate management and protection of the electronic content and applications;
a content acquisition module configured to obtain electronic content and applications from an external source;
a storage module configured to retain the obtained electronic content and applications;
a management module configured to execute at least one management operation upon the stored electronic content and applications, said at least one management operation including at least one of organizing, cataloging, versioning, and monitoring utilization of the stored electronic content and applications;
a protection module configured to implement at least one security policy upon the stored electronic content and applications, said at least one security policy encompassing at least one of encryption, decryption, access control, digital rights management (DRM) enforcement, and integrity validation; and
a distribution module configured to furnish the managed and safeguarded electronic content and applications to a requesting entity.",refine
US-7057436-B2,Clock circuit for a microprocessor,"A clock circuit for a microprocessor, including:
an oscillator for generating a reference clock signal;
a frequency synthesizer coupled to the oscillator, the synthesizer arranged to produce at least one operational clock signal derived from the reference clock signal;
a clock distribution network connected to the frequency synthesizer, the network adapted to distribute the at least one operational clock signal to a plurality of functional units within the microprocessor; and
clock control logic interfaced with the frequency synthesizer and the clock distribution network, the control logic arranged to selectively activate or deactivate the at least one operational clock signal or alter its frequency to facilitate power management or operational control of the plurality of functional units.",refine
US-8335160-B2,Flow sampling with top talkers,"I. A method for network flow sampling involving top talkers, the method comprising:
    acquiring multiple network packets via a network interface;
    discerning a plurality of network flows from the acquired network packets, wherein each network flow is characterized by a set of flow identifiers;
    tracking characteristics of the plurality of network flows, said characteristics including at least one of packet count, byte count, or flow duration;
    designating a subset of said plurality of network flows as top talker flows when the tracked characteristics surpass a predetermined threshold;
    utilizing a first sampling rate for the designated top talker flows;
    employing a second sampling rate for remaining network flows not categorized as top talker flows, said second sampling rate being distinct from the first sampling rate; and
    generating sampled network flow data according to the utilized sampling rates for subsequent analysis.",refine
US-7979524-B2,System and method for disclosing relations between entities in support of information technology system visualization and management,"A system, comprising:
a processor; and
a memory storing instructions that, when executed by the processor, enable the system to perform actions comprising:
obtaining data pertaining to an information technology (IT) system;
identifying multiple entities of the information technology system based on the obtained data;
establishing one or more relationships between at least two of the identified entities based on the obtained data;
creating a depiction of the identified entities and the established one or more relationships; and
presenting the created depiction for at least one of visualization or management of the information technology system.",refine
US-7044419-B2,Rotating transfer tape dispenser,"A transfer tape dispenser comprising:
a housing;
a tape holder located within the housing and arranged to rotatably accept a roll of transfer tape, the roll of transfer tape including an adhesive tape portion and a removable backing liner;
a tape advancement mechanism adapted to pull the adhesive tape portion and the backing liner from the roll;
a liner separation mechanism arranged to detach the removable backing liner from the adhesive tape portion; and
a rotatable applicator assembly joined to the housing, the rotatable applicator assembly including an applicator member arranged to apply the adhesive tape portion onto a substrate, wherein the rotatable applicator assembly is rotatable relative to the housing about an axis to aid in application of the adhesive tape portion.",refine
US-8318168-B2,Antigenic GM-CSF peptides and antibodies to GM-CSF,"1. A purified antibody;
wherein said antibody specifically binds to human granulocyte-macrophage colony-stimulating factor (GM-CSF);
wherein said antibody is produced by immunization with an antigenic peptide comprising an amino acid sequence derived from human GM-CSF;
and wherein said antibody neutralizes GM-CSF activity.",refine
US-6604750-B2,Commode and shower wheelchair,"1. A commode and shower wheelchair, comprising:
    a frame;
    multiple wheels rotatably attached to the frame;
    a seat supported by the frame, said seat defining an aperture;
    a backrest affixed to the frame;
    a commode receptacle removably positioned beneath the seat aperture;
    wherein the frame, the multiple wheels, the seat, and the backrest are constructed from materials resistant to water and corrosion; and
    wherein the seat and the backrest are configured to facilitate water drainage;",refine
US-7947475-B2,Modified variant Bowman Birk protease inhibitors,A polypeptide including a Bowman-Birk protease inhibitor (BBI) variant; wherein said BBI variant possesses at least one amino acid alteration compared to a native Bowman-Birk protease inhibitor sequence; wherein said polypeptide preserves a Bowman-Birk structural scaffold; wherein said polypeptide features at least one protease reactive site loop; and wherein said polypeptide is capable of inhibiting at least one proteolytic activity.,refine
US-7304683-B2,Method of automatically adjusting exposure in a shutterless digital camera,"A method for automatic exposure adjustment in a shutterless digital camera, said method comprising:
capturing, with an image sensor of the shutterless digital camera, a first image frame during a first integration period;
analyzing image data from the first image frame to ascertain a current exposure level;
performing a comparison of the current exposure level against a desired exposure level;
calculating an exposure adjustment based on said comparison; and
modifying at least one exposure parameter of the image sensor based on the calculated exposure adjustment, wherein the at least one exposure parameter includes an integration period for a subsequent image frame.",refine
US-7216862-B2,Tool for securing clamp to object,"A tool for affixing a clamp to an object, comprising:
A body;
a clamp interface portion connected to the body, wherein said clamp interface portion is adapted to mechanically engage a clamp; and
a securing actuation mechanism functionally coupled with the body and the clamp interface portion, wherein said securing actuation mechanism is adapted to apply force and/or motion to the clamp, through the clamp interface portion, to affix the clamp to the object.",refine
US-7627841-B2,Efficient method to predict integrated circuit temperature and power maps,"A method for predicting integrated circuit temperature and power maps, comprising:
  acquiring integrated circuit design data;
  acquiring operational parameters for the integrated circuit;
  generating a power map for the integrated circuit by applying a computationally efficient power estimation model to the integrated circuit's design data and its operational parameters;
  generating a temperature map for the integrated circuit by applying a computationally efficient thermal estimation model to the generated power map and the integrated circuit's thermal characteristics; and
  presenting the generated power map and temperature map.",refine
US-8240806-B2,Printhead firing,"A printhead apparatus comprising:
at least one nozzle adapted to eject fluid;
at least one fluid ejector coupled to the at least one nozzle, said fluid ejector adapted to generate an ejection force for expelling fluid from the at least one nozzle;
a driver circuit coupled to the at least one fluid ejector, said driver circuit adapted to deliver an energy pulse to the at least one fluid ejector in response to a firing signal; and
a controller coupled to the driver circuit, said controller adapted to produce the firing signal based on print data, wherein the firing signal induces the driver circuit to deliver the energy pulse to the at least one fluid ejector, consequently resulting in fluid ejection from the at least one nozzle.",refine
US-7796261-B2,Spectrophotometer,"A spectrophotometer comprising:
a light source adapted to emit electromagnetic radiation;
a wavelength selection unit configured to receive said emitted electromagnetic radiation and to direct specific radiation of at least one predetermined wavelength toward a sample;
a sample chamber configured to hold a sample for interaction with the specific radiation;
a detector configured to detect radiation after interaction with the sample and to generate an electrical signal indicative of an intensity of the received radiation; and
a processing unit communicatively coupled to the detector, said processing unit configured to receive the electrical signal and to determine at least one optical characteristic of the sample from the electrical signal.",refine
US-6950897-B2,Method and apparatus for a dual mode PCI/PCI-X device,"1. A dual mode PCI/PCI-X device, comprising:
    a bus interface circuit configured to interface with a host bus and to support both PCI and PCI-X signaling protocols;
    a mode detection circuit coupled to the bus interface circuit, configured to ascertain whether the host bus operates according to a PCI standard or a PCI-X standard;
    a configuration circuit coupled to the mode detection circuit, configured to dynamically adjust device operating parameters to conform to the determined standard; and
    a bus transaction engine coupled to the bus interface circuit and the configuration circuit, configured to execute data transfers over the host bus in compliance with the adjusted operating parameters.",refine
US-8262787-B2,Configuration of contacting zones in vapor liquid contacting apparatuses,"1. A vapor-liquid contacting apparatus comprising:
    a vessel defining an internal volume;
    a vapor inlet for introducing vapor into said internal volume;
    a liquid inlet for introducing liquid into said internal volume;
    a vapor outlet for removing vapor from said internal volume;
    a liquid outlet for removing liquid from said internal volume;
    a plurality of distinct contacting zones situated within said internal volume, each distinct contacting zone designed to facilitate mass and/or heat transfer between vapor and liquid;
    wherein said plurality of distinct contacting zones includes at least a first type of contacting zone and a second type of contacting zone, said first type of contacting zone having a first vapor-liquid interaction characteristic, and said second type of contacting zone having a second, different vapor-liquid interaction characteristic;
    and wherein said first type of contacting zone and said second type of contacting zone are arranged in a pre-defined, non-uniform sequence along an axial direction of said internal volume, thereby establishing a particular configuration for vapor-liquid contacting within said apparatus.",refine
US-6974265-B2,Fiber optic modules with de-latching mechanisms having a pull-action,"A fiber optic module comprising:
a module housing;
an optical interface mounted on the module housing;
an electrical interface mounted on the module housing;
a latch arranged to secure the module within a host receptacle; and
a de-latching mechanism operably coupled to the latch, the de-latching mechanism including a pull member extending from the module housing, wherein the pull member is designed to actuate the de-latching mechanism when drawn away from the module housing to disengage the latch from the host receptacle.",refine
US-8616082-B2,"Control device for a gearbox, in particular for a motor-vehicle gearbox, with a system for identifying the engaged gear","A control device for a gearbox, comprising:
a control unit arranged to regulate an operation of the gearbox;
a gear identification system configured to determine an engaged gear within the gearbox; and
wherein the control unit is configured to employ data from the gear identification system to govern the operation of the gearbox.",refine
US-8500003-B2,Method and device for accessing microforms,"A device for accessing microforms, comprising:
a microform storage unit arranged to store a plurality of microforms;
a retrieval mechanism operatively coupled to the microform storage unit and adapted to selectively retrieve a microform therefrom;
an optical scanning unit disposed to receive a retrieved microform from said retrieval mechanism, said optical scanning unit adapted to digitally capture an image of the received microform;
a processing unit connected to the optical scanning unit, said processing unit configured to process the digitally captured image; and
a display unit linked to the processing unit, said display unit arranged to present the processed digital image for user viewing.",refine
US-6645409-B2,Process for the production of cellulosic fibres,"A method for the manufacture of cellulosic fibres, comprising:
obtaining a cellulosic raw material;
processing the cellulosic raw material to isolate or solubilize the cellulose;
formulating a fiber-forming composition containing the isolated or solubilized cellulose;
shaping the fiber-forming composition into one or more filaments; and
solidifying the one or more filaments to produce cellulosic fibres.",refine
US-7125604-B2,Insulated magnet wire,"An insulated magnet wire, comprising:
an elongated, electrically conductive conductor; and
at least one insulating layer concentrically positioned about said elongated, electrically conductive conductor; wherein said at least one insulating layer electrically isolates said conductor from an external environment.",refine
US-8613958-B2,Nitric oxide therapies,1. A method of addressing a disease in a subject in need thereof; the method comprising administering a therapeutically effective quantity of nitric oxide to the subject.,refine
US-7345135-B2,"Crosslinkable aromatic resin having protonic acid group, and ion conductive polymer membrane, binder and fuel cell using the resin","A crosslinkable aromatic resin, comprising:
at least one aromatic moiety;
a protic acid group; and
a reactive crosslinkable group.",refine
US-8089838-B2,Optical disc apparatus and tracking control method,"An optical disc apparatus, comprising:
a spindle motor arranged to rotate an optical disc;
an optical pickup unit including a light source, an objective lens, and a photodetector, said optical pickup unit configured to project a light beam onto said optical disc and sense a reflected light beam therefrom;
an actuator configured to move said objective lens radially with respect to said optical disc; and
a control unit interfaced with said photodetector and said actuator, said control unit configured to:
obtain a detection signal from said photodetector corresponding to said reflected light beam;
generate a tracking error signal derived from said detection signal, wherein said control unit is further configured to selectively process distinct spatial segments of said detection signal to enhance the signal-to-noise ratio of said tracking error signal, said tracking error signal reflecting a radial displacement of said light beam from a target track on said optical disc;
produce a tracking control signal based on said tracking error signal; and
transmit said tracking control signal to said actuator, thereby causing said actuator to modify a radial position of said objective lens to reduce said radial deviation.",refine
US-8082587-B2,Detecting content in files,"A system for identifying content within files, comprising:
a processor arranged to execute instructions;
a memory storing instructions that, when executed by the processor, cause the system to perform operations comprising:
obtaining a digital file;
analyzing data present in the obtained digital file to identify one or more content characteristics associated with a predefined content type;
generating an analysis result indicating a presence or absence of the one or more content characteristics within the digital file;
and outputting the analysis result.",refine
US-8238915-B2,Systems and methods for locating communication terminals in cellular networks,"A system for determining positions of communication terminals within a cellular network, the system comprising:
a plurality of communication terminals, each terminal configured to emit a wireless signal within said cellular network;
a plurality of base stations situated within the cellular network, each such base station configured to receive wireless signals from at least one of said communication terminals;
wherein each of said base stations is further configured to produce measurement data reflecting characteristics of the received wireless signal;
a network controller configured to acquire the measurement data from said plurality of base stations;
a location processor operatively connected to the network controller, said location processor configured for determining a geographic position of said at least one communication terminal utilizing the acquired measurement data; and
an output interface configured to present the computed geographic position of said at least one communication terminal.",refine
US-7226290-B2,"Portable aesthetic component comparison system, decorator design tool, retaining stud, and method","A portable aesthetic component evaluation system, comprising:
a portable housing;
a display integrated within the portable housing, the display operable to present visual representations of aesthetic components and design environments;
a processor disposed within the portable housing;
a memory disposed within the portable housing and storing processor-executable instructions and aesthetic component data;
an input device integrated into the portable housing, the input device adapted to receive user selections of aesthetic components and design parameters;
a communication interface disposed within the portable housing, the communication interface operable to access external sources of aesthetic component data;
a retaining stud selectively coupled to the portable housing, configured to temporarily secure a physical aesthetic component for digital capture or for contextual display alongside a digitally rendered aesthetic component;
wherein the processor, when executing the instructions from the memory, is configured to:
access aesthetic component data from the memory or through the communication interface;
receive user input through the input device to select a plurality of aesthetic components for comparative analysis;
generate a comparative visual display of the selected aesthetic components on the display;
and allow a user to interactively apply the selected aesthetic components to a rendered design environment shown on the display, thereby serving as a decorator design tool to assist in visualizing aesthetic compatibility and design alternatives.",refine
US-7891276-B2,System and method for controlling the length of a discrete segment of a continuous web of elastic material,"A system for controlling the length of an individual segment of a continuous strip of elastic material, the system comprising:
a material supply configured to furnish a continuous strip of elastic material;
a web advancing mechanism configured to draw the continuous strip of elastic material from the material supply;
a tension control unit configured to impart controlled tension to the continuous strip of elastic material during its advancement;
a length measurement unit configured to determine a length of the continuous strip of elastic material as it is advanced under said controlled tension;
a severing unit configured to sever the continuous strip of elastic material to create an individual segment; and
a controller operatively coupled to the web advancing mechanism, the tension control unit, the length measurement unit, and the severing unit, the controller configured to obtain length measurements from the length measurement unit, evaluate the obtained length measurements against a target segment length, and, responsive to said evaluation, actuate the severing unit to cut the continuous strip of elastic material when the measured length corresponds to the target segment length, thereby producing individual segments of predetermined length.",refine
US-7804286-B2,Multiple output amplifiers and comparators,"An apparatus comprising:
a multiple output amplifier operative to produce a plurality of amplifier output signals; and
at least one comparator configured to accept a first and a second comparator input signal, and further configured to generate a comparator output signal based on a comparison of the first comparator input signal and the second comparator input signal;
wherein at least one of the first or second comparator input signals is derived from at least one of the plurality of amplifier output signals.",refine
US-6782024-B2,High power semiconductor laser diode,"A high power semiconductor laser diode comprising:
a semiconductor substrate;
a broad area active region situated on the semiconductor substrate, configured to generate laser light;
a pair of cladding layers positioned adjacent to the broad area active region, configured for confining optical radiation and charge carriers within the broad area active region;
a pair of electrical contacts electrically connected to the broad area active region, configured to inject current therein;
a resonant optical cavity established by opposing facets of the semiconductor laser diode;
and a heat dissipation structure thermally connected to the semiconductor laser diode, configured to remove heat produced during operation.",refine
US-6541188-B2,Developer for alkaline-developable lithographic printing plates,"1. A developer composition intended for alkaline-developable lithographic printing plates, including:
water;
at least one alkaline agent in a quantity sufficient to achieve an alkaline pH for the composition; and
one or more surfactants.",refine
US-7170287-B2,Thin film magnetic sensor and method of manufacturing the same,"A thin-film magnetic sensor, comprising:
a substrate;
a magnetic sensing element situated on the substrate, said magnetic sensing element including at least one magnetic thin-film layer;
wherein the magnetic sensing element is adapted to show a change in an electrical characteristic when subjected to an external magnetic field; and
multiple electrical contacts electrically connected to the magnetic sensing element, these electrical contacts being arranged to enable measurement of said change in the electrical characteristic.",refine
US-7457291-B2,Method and apparatus for generating preamble using chaotic sequence,"A method for generating a preamble, comprising:
generating a chaotic sequence;
constructing a preamble signal derived from the generated chaotic sequence; and
transmitting the preamble signal for communication.",refine
US-8464617-B2,Hold and drive tool with disengagement capability,"1. A hold and drive tool with automated disengagement, comprising:
   a tool body;
   a driving member rotatably mounted within the tool body, said driving member adapted to receive and impart rotational force;
   a gripping member connected to the driving member, said gripping member adapted to engage and secure a workpiece for driving operations; and
   a disengagement mechanism functionally linked to the gripping member, said disengagement mechanism arranged to automatically disengage the gripping member from the workpiece when a predefined torque threshold is attained during a driving operation.",refine
US-8715573-B2,Fluidic system for a flow cytometer with temporal processing,"A fluidic system for a flow cytometer, comprising:
a sample fluid inlet for receiving a sample fluid containing particles;
a sheath fluid inlet for receiving a sheath fluid;
a plurality of fluidic channels in fluid communication with the sample fluid inlet and the sheath fluid inlet;
a flow cell having an interrogation region, the flow cell adapted to receive the sample fluid and the sheath fluid from the plurality of fluidic channels and hydrodynamically focus the sample fluid into a core stream surrounded by the sheath fluid within the interrogation region;
a plurality of fluidic control elements coupled to at least one of the plurality of fluidic channels, the fluidic control elements for modulating fluid flow within the at least one fluidic channel; and
a controller coupled to the plurality of fluidic control elements, the controller for receiving temporal information pertaining to fluid flow or particle presence within the fluidic system; and for processing the temporal information to generate control signals for the plurality of fluidic control elements to thereby achieve temporally modulated sample delivery to the interrogation region.",refine
US-6970826-B2,Method and system for order returns,"1.  A computer-implemented method for processing order returns, the method comprising:
    receiving, by a computing device, a digital return request from a customer, the digital return request linked to a prior order and including item identification data for at least one item from the order and a provided reason for return;
    determining, by the computing device, based on established return policies and the item identification data, the authorization status of the return request;
    upon authorization of the return request, generating, by the computing device, digital return instructions for the customer, the digital return instructions comprising a distinct return authorization number and a shipping label for returning the at least one item to a specified return location;
    monitoring, by the computing device, the status of the returned at least one item via said unique return authorization number;
    receiving, by the computing device, a digital confirmation of item receipt of the returned at least one item at the specified return location;
    subsequent to receiving the digital confirmation, ascertaining, by the computing device, the condition of the returned at least one item against established criteria; and
    contingent on said verification, triggering, by the computing device, a financial transaction for a refund or credit for the returned at least one item and updating an inventory record for the at least one item.",refine
US-7125371-B2,Adjustable bodyweight exercise apparatus,"An adjustable bodyweight exercise apparatus comprising:
a primary support frame adapted for placement on a surface or attachment to a structural element;
at least one user engagement component arranged for a user's grasp, support, or engagement, thereby supporting a portion or the entirety of the user's body weight during a bodyweight exercise;
an adjustment mechanism mechanically coupled to the primary support frame and the at least one user engagement component, whereby the adjustment mechanism selectively modifies the spatial position and/or angular orientation of the at least one user engagement component with respect to the primary support frame.",refine
US-8570878-B2,Packet decoding method and apparatus for digital broadcast system,"A method for packet decoding in a digital broadcast system, said method comprising:
acquiring a digital broadcast transport stream including a plurality of packets;
determining a packet type corresponding to each of said plurality of packets;
retrieving payload data from one or more identified packets based on its packet type;
conducting error detection or correction on the retrieved payload data;
decoding the error-corrected payload data to yield decoded information; and
presenting the decoded information.",refine
US-7947341-B2,Optical laminated body,"1. An optical laminated body comprising:
    a first optical layer exhibiting a first set of optical properties;
    a second optical layer exhibiting a second set of optical properties; and
    an optically transparent adhesive layer interposed between and coupling the first optical layer with the second optical layer,
    wherein the first optical layer, the second optical layer, and the optically transparent adhesive layer are collectively laminated to establish a unified body adapted to transmit or modify incident light.",refine
US-7808389-B2,Data transmission method and a RFID reader provided with a coil and a control circuit for field quenching outside of a communication area,"A data transmission method, comprising:
producing an electromagnetic field via a coil of an RFID reader;
ascertaining if an RFID tag is situated outside a communication area of the RFID reader;
deactivating the electromagnetic field responsive to a finding that the RFID tag is situated outside the communication area; and
exchanging data with an RFID tag while the RFID tag resides within the communication area.",refine
US-8365871-B2,Electronic device and method for monitoring an elevator,"An electronic device for monitoring an elevator, comprising:
at least one sensor configured to collect data reflecting an operating parameter of the elevator;
a processing unit operatively linked to the at least one sensor, the processing unit configured to process the collected data to ascertain an operational status of the elevator; and
a communication interface operatively linked to the processing unit, the communication interface configured to convey monitoring data derived from the ascertained operational status of the elevator.",refine
US-8314543-B2,White-light emitting device and preparation method and application of the same,"A white-light emitting device, comprising a primary light source adapted to emit radiation; and at least one phosphor material configured to absorb at least a portion of said radiation from the primary light source and re-emit light of a distinct wavelength; wherein the combined emission from the primary light source and the re-emitted light from the at least one phosphor material generates white light.",refine
US-6663704-B2,"Pearlescent inks, writing instruments, and methods","A pearlescent ink composition comprising:
a fluid carrier;
multiple pearlescent pigment particles suspended within the fluid carrier;
a colorant imparting a non-pearlescent hue to the composition;
a dispersant for facilitating the dispersion of said pearlescent pigment particles within the fluid carrier; and
wherein the pearlescent ink composition exhibits a viscosity appropriate for discharge through a writing nib of a writing instrument.",refine
US-7719516-B2,Actuator having an inputting function,"1. An actuator possessing an input capability, the actuator comprising:
a housing;
a motive element positioned within the housing and configured to generate mechanical output, said mechanical output comprising at least one of force and motion;
an output member mechanically coupled to the motive element and projecting from the housing, said output member configured to apply the mechanical output to an external environment; and
an input sensing arrangement interconnected with the output member, the input sensing arrangement configured to sense a physical interaction exerted on the output member and to generate an input signal based on the sensed physical interaction, wherein said input signal is usable to govern an operation of the actuator or a connected system.",refine
US-8293092-B2,Alkaline electroplating bath having a filtration membrane,"1. An electroplating system including:
an alkaline plating bath; and
a filter membrane in fluid communication with the alkaline plating bath.",refine
US-6989605-B2,"Electronic component and semiconductor device, method of fabricating the same, circuit board mounted with the same, and electronic appliance comprising the circuit board","1. An electronic component comprising:
    a semiconductor die with at least one active device fabricated within a semiconductor material;
    at least one electrical terminal electrically coupled to the at least one active device of the semiconductor die; and
    a package encapsulating the semiconductor die and at least a portion of the at least one electrical terminal, wherein the package defines an outer form factor adapted for mounting on a circuit board and for providing external electrical connections through the at least one electrical terminal.",refine
US-7163517-B2,Electro-stimulation feet acupuncture channel physiotherapy shoe,"An electro-stimulation therapeutic footwear device, comprising:
a footwear article adapted for wear on a user's foot, the footwear article having an inner surface and an outer surface;
a plurality of electrodes positioned on the inner surface of the footwear article, the electrodes strategically placed to target a plurality of acupuncture channels and/or points on the user's foot;
conductive elements electrically coupled to the plurality of electrodes;
an electrical stimulation unit electrically coupled to the conductive elements, the electrical stimulation unit operative to generate and deliver controlled electrical impulses to the plurality of electrodes; and
a power source electrically connected to the electrical stimulation unit, wherein at least a part of the electrical stimulation unit and the power source are incorporated within the footwear article or externally connectable thereto.",refine
US-7299376-B2,"Apparatus, system, and method for verifying backup data","A system for validating backup data, comprising:
a data storage interface configured to obtain backup data from a storage device;
a processor operatively connected to the data storage interface; and
a memory coupled to the processor, the memory embodying computer-executable instructions which, when executed by the processor, prompt the system to carry out operations comprising:
acquiring a specified set of backup data through the data storage interface;
performing a validation procedure on the acquired specified set of backup data to determine a validation status for the backup data; and
producing an output reflecting the determined validation status.",refine
US-7575525-B2,Golf club head,"A golf club head comprising:
a body including a front portion, a rear portion, a top portion, a bottom portion, a heel portion, and a toe portion;
a striking face located on the front portion of the body, said striking face defining an impact surface adapted to strike a golf ball;
a sole surface constituting the bottom portion of the body;
a hosel projecting from the body, said hosel adapted to receive an end of a golf club shaft; and
a weight distribution system disposed within the body and configured to adjust a center of gravity of the golf club head.",refine
US-9255259-B2,Targeted genomic modification with partially single-stranded donor molecules,"A method for targeted genomic modification of a target locus in a genome of a cell, the method comprising:
introducing into the cell a targeted nuclease configured to form a break at the target locus;
introducing into the cell a partially single-stranded donor molecule, said donor molecule comprising at least one single-stranded region and at least one double-stranded region, and further comprising a region homologous to the target locus and an intended modification; and
wherein the partially single-stranded donor molecule promotes homology-directed repair at the break, thereby integrating said intended modification into the genome of the cell.",refine
US-6794709-B2,Structure and method for dual gate oxide thicknesses,"A semiconductor device comprising:
a semiconductor substrate;
a first gate electrode positioned above a first region of the semiconductor substrate;
a second gate electrode positioned above a second region of the semiconductor substrate;
a first gate dielectric layer situated between the first gate electrode and the first region of the semiconductor substrate, and having a first thickness; and
a second gate dielectric layer situated between the second gate electrode and the second region of the semiconductor substrate, and having a second thickness, wherein the first thickness is distinct from the second thickness.",refine
US-8603608-B2,Graphene laminate and method of preparing the same,1. A graphene laminate including a plurality of graphene layers; wherein each graphene layer is composed of one to ten atomic layers of carbon atoms; and wherein the graphene layers are stacked one upon another such that adjacent graphene layers directly abut.,refine
US-7250606-B2,"Buried object evaluating method, underground resources evaluating method, underground waste evaluating method, underground preserved object evaluating method, stratum structure evaluating method and building interior monitoring method, all using hard X-rays or γ-rays","A method for assessing or tracking a target object or a target region within a subsurface environment or a building interior, the method comprising:
exposing the target object or target region to hard X-rays or γ-rays;
subsequently detecting hard X-rays or γ-rays that have interacted with the target object or target region;
and assessing or tracking characteristics of the target object or target region based on an analysis of the detected hard X-rays or γ-rays.",refine
US-7289950-B2,Extended finite state grammar for speech recognition systems,"A system for speech recognition, comprising:
a processor; and
a memory coupled to the processor, storing processor-executable instructions;
wherein the instructions, when executed by the processor, cause the system to:
    store an extended finite state grammar, said extended finite state grammar including:
        multiple states;
        a plurality of transitions between states, each transition linked to one or more grammar symbols; and
        at least one extension mechanism chosen from the group consisting of:
            a mechanism for associating a semantic action with a state or a corresponding transition;
            a mechanism for incorporating a contextual constraint that modifies subsequent valid transitions based on previously recognized speech tokens; and
            a mechanism for defining a dynamically selectable grammar component based on an external parameter or a prior recognition result;
    receive an acoustic input comprising speech; and
    process the acoustic input utilizing an acoustic model and the extended finite state grammar to identify a recognized word sequence.",refine
US-8051022-B2,Embedded programmable intelligent search memory (PRISM) that simultaneously performs regular expression based search and signature pattern based search,"1. An embedded programmable intelligent search memory (PRISM) apparatus, comprising:
   a memory storage element configured to store a plurality of data items;
   a search processing unit communicatively coupled to the memory storage element, configured to concurrently perform a regular expression search for at least one regular expression and a signature pattern search for at least one signature pattern across the plurality of data items;
   a programming interface configured to receive search parameters, the search parameters including the at least one regular expression and the at least one signature pattern; and
   a control logic unit coupled to the programming interface and the search processing unit, adapted to program the search processing unit utilizing the received search parameters for the concurrent searches.",refine
US-8282551-B2,"Ultrasonic diagnostic apparatus, data analysis method, and data analysis program","An ultrasonic diagnostic apparatus, comprising:
    an ultrasonic transducer configured to transmit ultrasonic waves into a subject and detect reflected ultrasonic echoes from the subject;
    a data acquisition unit communicatively coupled to the ultrasonic transducer, configured to convert the detected ultrasonic echoes into raw ultrasonic data;
    a processor communicatively coupled to the data acquisition unit, configured to:
        process said raw ultrasonic data to produce diagnostic image data; and
        analyze said diagnostic image data to derive diagnostic information pertaining to a subject's medical condition based on a predetermined analysis algorithm; and
    an output unit communicatively coupled to the processor, configured to display said diagnostic information to a user.",refine
US-7066853-B2,Method for manufacturing an inflatable ball and a ball made with the method,"A method for producing an inflatable ball, comprising the steps of:
forming an inflatable bladder adapted to hold a gas;
forming an outer cover designed to enclose the inflatable bladder;
inserting the inflatable bladder within the outer cover;
securing the outer cover so as to encapsulate the inflatable bladder; and
incorporating an inflation valve in fluid communication with the inflatable bladder, said inflation valve being externally accessible from the outer cover.",refine
US-8083393-B2,Substantially inseparable LED lamp assembly,"An LED lamp assembly comprising:
a light emitting diode (LED) package;
a heat sink in thermal communication with the LED package;
an optical element arranged to receive light emitted from the LED package;
a housing containing the LED package, the heat sink, and at least a portion of the optical element;
driver circuitry electrically coupled to the LED package for managing power thereto;
an electrical base adapted for electrical connection of the LED lamp assembly to an external power source;
wherein the heat sink is permanently affixed to the housing, such that separation of the heat sink from the housing necessitates permanent deformation or destruction of at least one of the heat sink or the housing;
wherein the optical element is permanently affixed to the housing, such that separation of the optical element from the housing necessitates permanent deformation or destruction of at least one of the optical element or the housing; and
wherein the electrical base is permanently affixed to the housing, such that separation of the electrical base from the housing necessitates permanent deformation or destruction of at least one of the electrical base or the housing.",refine
US-6683841-B2,Anti-fluttering transmission apparatus for CD-RW drive head,"An actuation assembly for a CD-RW drive head, adapted to prevent head fluttering, comprising:
a guide rail for guiding the CD-RW drive head;
a mobile carriage arranged to support the CD-RW drive head, said carriage being displaceable along said guide rail;
a drive mechanism coupled to said carriage for displacing said carriage along said guide rail; and
a damping assembly interactively engaged with said carriage and said guide rail, said damping assembly adapted to apply a controlled force to mitigate vibrations and maintain stable movement of said carriage along said guide rail during operation of the CD-RW drive head.",refine
US-8751433-B2,Efficient probabilistic reasoning over semantic data,"A system for effective probabilistic reasoning over semantic data, comprising:
a data ingestion module configured to acquire semantic data, said semantic data comprising a plurality of entities, relationships, and attributes represented in a structured knowledge graph;
a probabilistic model generation module configured to build a probabilistic model based on the acquired semantic data, said probabilistic model capturing uncertain relationships and properties within the knowledge graph;
a probabilistic inference engine coupled to the probabilistic model generation module, configured to execute probabilistic reasoning upon the constructed probabilistic model to derive probabilistic conclusions concerning the semantic data; and
an efficiency optimization module coupled to the probabilistic inference engine, configured to adaptively employ at least one optimization technique during the probabilistic reasoning, said optimization technique leveraging structural properties and semantic constraints of the knowledge graph to minimize computational resource utilization and inference time for generating the probabilistic conclusions.",refine
US-8544998-B2,Solid inks containing ketone waxes and branched amides,1. A solid ink composition comprising one or more colorants; at least one ketone wax; and one or more branched amides.,refine
US-8348612-B2,Turbine blade tip shroud,"A turbine blade tip shroud, comprising:
a main body;
an attachment feature adapted to secure said main body to a turbine blade tip;
an outer platform surface projecting from said main body; and
a sealing feature protruding from said outer platform surface.",refine
US-6999954-B2,Modular instruction using cognitive constructs,"A method comprising:
    identifying a collection of cognitive constructs pertinent to achieving a learning objective;
    creating a multiplicity of instructional modules, each module configured to address and cultivate one or more of the identified cognitive constructs;
    delivering the multiplicity of instructional modules to a learner; and
    promoting learning by the learner via interaction with the instructional modules.",refine
US-7677229-B2,Adaptive oil separator,"An adaptive oil separator comprising:
a housing enclosing a separation chamber;
an inlet arranged to supply an oil-fluid mixture into the separation chamber;
a first outlet for discharging separated oil from the separation chamber;
a second outlet for discharging separated fluid from the separation chamber;
a separation mechanism disposed within the separation chamber, said mechanism configured to enable separation of oil from the fluid; and
a control system communicatively coupled to at least one sensor and at least one actuator, wherein the at least one sensor is configured to sense a characteristic pertaining to the oil-fluid mixture or a separation condition within the separation chamber, and wherein the control system is configured to analyze data from the at least one sensor and responsively adjust an operational parameter of the separation mechanism or a fluid pathway within the separation chamber via the at least one actuator to adaptively control separation performance.",refine
US-7887685-B2,Multilayer gas sensor having dual heating zones,"A multilayer gas sensor comprising:
a substrate layer;
a gas sensing layer situated on the substrate layer;
at least two electrodes electrically coupled to the gas sensing layer;
a first heating zone comprising a first resistive heating element for generating heat;
a second heating zone comprising a second resistive heating element for generating heat;
at least one dielectric layer interposed between at least one of the first heating element and the second heating element and the gas sensing layer; and
wherein the first resistive heating element and the second resistive heating element are independently operable to warm distinct areas of the gas sensing layer, and wherein said substrate layer, said gas sensing layer, said at least two electrodes, said first heating zone, said second heating zone, and said at least one dielectric layer are vertically stacked to form a multilayer structure.",refine
US-6559443-B2,Ionization apparatus and ionization method for mass spectrometry,"An ionization apparatus for mass spectrometry, comprising:
a sample inlet adapted to receive a sample;
an ionization region fluidically coupled to the sample inlet, wherein the sample inlet introduces the received sample into said ionization region;
an ionization source positioned to generate an ionizing agent within the ionization region, wherein said ionizing agent interacts with the introduced sample, thereby producing ions;
an ion extraction assembly adapted to extract the produced ions from the ionization region; and
an ion transfer pathway adapted to direct the extracted ions from the ionization region to an inlet of a mass spectrometer.",refine
US-6861766-B2,Hydro-electric generating system,"1. A hydro-electric generating system, comprising:
a water intake assembly configured to capture water from a water source;
a conduit fluidly connected to the water intake assembly, said conduit for directing pressurized water flow;
a turbine rotatably positioned to receive said pressurized water flow from the conduit, said turbine adapted to convert hydraulic energy into mechanical rotational energy;
an electrical generator mechanically linked to said turbine, said electrical generator configured to convert said mechanical rotational energy into electrical energy; and
a power transmission unit electrically connected to said electrical generator, said power transmission unit configured to output said electrical energy.",refine
US-8847941-B2,Display device and display control device,"1. A display device comprising:
a display panel configured to render visual content;
an input module configured to obtain input data, said input data pertaining to at least one of content, user interaction, or environmental conditions; and
a display control unit in communication with the display panel and the input module, said display control unit arranged to generate display signals for the display panel responsive to the obtained input data and further arranged to dynamically modify at least one operational parameter of the display panel, wherein said at least one operational parameter is selected from the group consisting of brightness, contrast, refresh rate, and color temperature, and wherein said dynamic modification is predicated on a contextual analysis of the input data.",refine
US-8686669-B2,Method and apparatus for controlling a linear motion system,"1. An apparatus for managing a linear motion system, comprising:
    a linear actuator configured to apply linear motion to a movable element;
    at least one sensor configured to measure a physical characteristic of the movable element selected from position, velocity, and acceleration, and to generate a feedback signal indicative of the measured physical characteristic;
    a controller operatively coupled to the at least one sensor and the linear actuator, wherein the controller is configured to receive the feedback signal, to compare the feedback signal with a predefined target profile, to derive a control command from a deviation between the feedback signal and the predefined target profile, and to issue the control command to the linear actuator for modifying the linear motion of the movable element, consequently enabling the linear motion system to perform in accordance with the predefined target profile.",refine
US-9045950-B2,Laser alignment device for use with a drill rig,"1. An apparatus for facilitating laser alignment for a drill rig, comprising:
a housing adapted for detachable mounting to a drill rig;
a laser emitter positioned within the housing, the laser emitter arranged to generate and project a laser beam along a longitudinal axis;
whereby the projected laser beam serves to indicate an alignment direction for a drill bit on the drill rig;
and an adjustment mechanism mechanically coupled to the laser emitter, the adjustment mechanism adapted to selectively adjust the orientation of the longitudinal axis of the projected laser beam relative to the drill rig.",refine
US-8859936-B2,Method of controlling welding,"1. A method of controlling welding, comprising:
    determining a set of desired welding parameters for a welding operation;
    monitoring at least one actual welding parameter during the welding operation;
    comparing the at least one actual welding parameter against a corresponding desired welding parameter from the set of desired welding parameters; and
    modifying at least one welding input in response to the comparison to maintain the at least one actual welding parameter within a predetermined tolerance of the corresponding desired welding parameter.",refine
US-9080554-B2,"Floating, anchored installation for energy production","1. A moored, buoyant structure for power generation, comprising:
    a buoyant platform adapted to float upon a body of water;
    an anchoring system connected to the buoyant platform and adapted to anchor it to an ocean floor; and
    a power generation system supported by said buoyant platform and arranged to produce energy.",refine
US-9283976-B2,Restraining belt for children in a shopping cart,"1. A child restraining belt for a shopping cart, comprising:
   a pliable strap component adapted to encompass a child's torso;
   a closure mechanism configured to adjustably fasten the pliable strap component around the child; and
   at least one securing member coupled to the pliable strap component, said at least one securing member adapted to detachably engage a structural element of a shopping cart, thus retaining the child within the shopping cart.",refine
US-8821828-B2,Method for generating nitric oxide,"1. A method for producing nitric oxide, comprising supplying a reaction mixture containing a nitrogen-containing compound and an oxygen-containing compound; and exposing the reaction mixture to conditions effective to produce nitric oxide.",refine
US-9432818-B2,Controlling communication devices,"A method for controlling communication devices, comprising:
receiving a control input pertaining to at least one communication device;
identifying a target communication device based on the control input;
ascertaining at least one control action for performance by the target communication device, based on the control input;
creating at least one control signal in accordance with the at least one control action; and
sending the at least one control signal to the target communication device to cause execution of the at least one control action.",refine
US-8479060-B2,Memory with self-test function and method for testing the same,"A memory apparatus comprising:
a memory array adapted to store and access data;
and test control logic embedded within the memory apparatus, wherein said test control logic is operative to, upon activation of a self-test mode, generate a plurality of test patterns, apply the plurality of test patterns to the memory array, obtain from the memory array a plurality of response data in response to the applied test patterns, compare the plurality of response data against a plurality of expected data, and produce a test status output representing a functional state of the memory array.",refine
US-8797723-B2,Providing additional electrical functionality to a node,"A system for providing additional electrical functionality to a node, comprising:
    an electronic node, including a processor and memory, said electronic node adapted to execute an initial set of electrical functionalities;
    a functionality module, operatively connected to said electronic node through an interface, the functionality module configured to furnish at least one supplementary electrical functionality;
    wherein said processor of said electronic node is configured to:
        ascertain the presence of said functionality module via said interface;
        determine said supplementary electrical functionalities furnished by said functionality module; and
        incorporate said determined supplementary electrical functionalities into said initial set of electrical functionalities to form an augmented set of electrical capabilities for said electronic node.",refine
US-9097661-B2,Electrochemical sulfur sensor and the method of making the same,"An electrochemical sulfur sensor comprising:
a working electrode including a sulfur-sensitive material;
a reference electrode;
a counter electrode;
an electrolyte in electrochemical contact with the working electrode, the reference electrode, and the counter electrode;
a housing containing at least a portion of the working electrode, the reference electrode, the counter electrode, and the electrolyte; and
an electrical measurement circuit arranged to measure an electrical signal developed between at least two of the working electrode, the reference electrode, and the counter electrode, said electrical signal being indicative of a concentration of a sulfur-containing species in a sample.",refine
US-8117842-B2,Systems and methods for compressed-gas energy storage using coupled cylinder assemblies,"A system for compressed-gas energy storage, comprising:
a plurality of reciprocating piston-cylinder assemblies, each piston-cylinder assembly comprising a cylinder housing and a piston reciprocatingly situated within the cylinder housing, each piston-cylinder assembly being configured to either compress a working gas or expand a compressed working gas;
the plurality of reciprocating piston-cylinder assemblies being mechanically linked to a common crankshaft;
a motor/generator functionally connected to the common crankshaft, said motor/generator adapted to either propel the common crankshaft for gas compression or be driven by the common crankshaft to produce electricity during compressed gas expansion;
a gas reservoir fluidically connected to the plurality of reciprocating piston-cylinder assemblies;
a valve assembly fluidically connected between the gas reservoir and the plurality of reciprocating piston-cylinder assemblies, said valve assembly adapted to selectively channel the working gas between the gas reservoir and the reciprocating piston-cylinder assemblies; and
a control system functionally connected to the motor/generator and the valve assembly, said control system adapted to manage compression and expansion cycles of the working gas.",refine
US-9673335-B2,Rectifier circuit including transistor whose channel formation region includes oxide semiconductor,"A rectifier circuit, comprising:
a transistor, wherein a channel region of said transistor includes an oxide semiconductor.",refine
US-8293082-B2,Methods and apparatus for measuring analytes using large scale FET arrays,"A system for detecting analytes, the system comprising:
a large-scale field-effect transistor (FET) array including multiple chemically sensitive FETs, each FET configured to generate an electrical signal indicative of the presence or concentration of an analyte interacting therewith;
a fluidic delivery system arranged to convey a fluid sample containing the analytes to a sensing surface of the FET array;
a read-out circuit operably coupled to the FET array, the read-out circuit configured to individually access and acquire electrical signals from multiple FETs in the array; and
a processing unit coupled to the read-out circuit, the processing unit arranged to receive the acquired electrical signals and determine at least one characteristic of the analytes based thereon.",refine
US-9285883-B2,System and method to display content based on viewing orientation,"A system for presenting content, the system comprising:
a sensing unit configured to acquire information related to a viewing orientation;
a processing unit operatively coupled to the sensing unit, the processing unit configured to select content for presentation based on said acquired viewing orientation information; and
a display unit operatively coupled to the processing unit, the display unit configured to render the selected content.",refine
US-8739845-B2,Pneumatic tire,"A pneumatic tire, comprising:
an annular carcass defining an internal cavity;
at least one ply of reinforcing cords integrated into said carcass;
a tread portion positioned around the exterior perimeter of said carcass, said tread portion adapted for engaging a ground surface;
a pair of opposite sidewall portions extending radially inward from said tread portion;
a pair of bead portions positioned at corresponding innermost radial ends of said sidewall portions, said bead portions adapted for securement to a wheel rim; and
a fluid-impermeable liner situated within said internal cavity, said liner designed to hold a pressurized fluid therein.",refine
US-8372059-B2,Medical coupling system,"A medical coupling system comprising:
a first connector component including a first fluid channel and a first engagement element;
a second connector component comprising a second fluid channel and a second engagement element adapted to interoperate with the first engagement element;
a sealing element situated between the first and second connector components upon engagement, preventing fluid escape between the first and second fluid channels; and
a securing mechanism adapted to firmly retain the first and second connector components in a coupled state.",refine
US-8555204-B2,Intuitive data visualization method,"A method comprising:
receiving a dataset comprising numerous data points, each associated with one or more attributes;
analyzing the dataset to discern intrinsic structures, relationships, or key features;
establishing a set of visual mapping rules based on the identified intrinsic structures, relationships, or key features, wherein said rules are configured to convert intricate data characteristics into a simplified and readily comprehensible graphical representation;
generating a graphical visualization of the dataset by applying the established visual mapping rules to the data points; and
presenting the graphical visualization to a user, wherein the visualization is configured to enable the user to rapidly derive insights from the dataset with reduced cognitive load.",refine
US-8864713-B2,Hypodermic injection system,"A hypodermic injection system, comprising:
a barrel configured to hold a fluid medicament;
a plunger movably situated within the barrel, said plunger adapted to propel the fluid medicament;
a needle assembly fluidly connected to the barrel; and
wherein forward movement of the plunger within the barrel discharges the fluid medicament through the needle assembly.",refine
US-9691700-B2,Semiconductor device including first and second dummy wirings,"A semiconductor device comprising:
a substrate;
an active device region disposed on the substrate;
a first interlayer dielectric layer disposed over the active device region;
a second interlayer dielectric layer disposed over the first interlayer dielectric layer;
multiple functional conduits disposed within at least one of the first and second interlayer dielectric layers, the functional conduits adapted for electrical signal transmission;
a first fill wiring disposed within the first interlayer dielectric layer, the first fill wiring being electrically isolated from said multiple functional conduits and exhibiting a first predefined layout configuration; and
a second fill wiring disposed within the second interlayer dielectric layer, the second fill wiring being electrically isolated from said multiple functional conduits and exhibiting a second predefined layout configuration, wherein the first fill wiring and the second fill wiring are arranged to achieve pattern density regulation within their associated interlayer dielectric layers, thereby promoting manufacturing process uniformity.",refine
US-8244888-B2,Method and mechanism for implementing tagged session pools,"A method for implementing tagged session pools, the method comprising:
maintaining a session pool arranged to hold a plurality of sessions;
assigning at least one tag to each of the plurality of sessions, where each tag denotes a characteristic of its respective session;
receiving a request for a session, the request including at least one tag criterion;
choosing a session from the plurality of sessions in the session pool by correlating the at least one tag criterion with at least one tag assigned to the chosen session;
supplying the chosen session for utilization; and
restoring the chosen session to the session pool after its utilization concludes.",refine
US-8797881-B2,Coexistence mechanism for multiple channels,"A system comprising:
a plurality of communication channels, each configured to employ a shared communication medium for transmitting and receiving data;
an interference detection module communicatively linked with the plurality of communication channels and configured to identify interference conditions between the plurality of communication channels on the shared communication medium; and
a coexistence management unit communicatively coupled to the interference detection module and configured to, responsive to the identified interference conditions, dynamically modify operational parameters of at least one of the plurality of communication channels to alleviate said interference and facilitate concurrent operation of the plurality of communication channels on the shared communication medium.",refine
US-8406634-B2,Method and apparatus for optical signaling,"1. An apparatus for optical signaling, comprising:
   an optical source configured to produce an optical carrier signal;
   a modulator interconnected with the optical source, the modulator configured to modulate the optical carrier signal using data, thereby producing a modulated optical signal;
   a transmitter interface configured to forward the modulated optical signal to an optical communication medium;
   a receiver interface configured to acquire the modulated optical signal from the optical communication medium;
   a photodetector connected to the receiver interface, the photodetector configured to transform the received modulated optical signal into an electrical signal; and
   a processing unit communicatively linked to the photodetector, the processing unit configured to recover said information from the electrical signal.",refine
US-8430746-B2,Mystery jackpot with restricted payout system and method therefor,"A system comprising:
    at least one processor configured to create a mystery jackpot award, wherein said mystery jackpot award possesses a value ascertained independently of a specific game outcome;
    the at least one processor further configured to establish a trigger condition for awarding said mystery jackpot award, wherein said trigger condition is satisfied randomly or based upon a predefined threshold;
    the at least one processor further configured to ascertain a payout amount for said mystery jackpot award in view of at least one restriction criterion, wherein said at least one restriction criterion encompasses at least one of player eligibility, a maximum payout limit, a game state, or a wager amount;
    the at least one processor further configured to initiate the awarding of the ascertained payout amount to a player upon satisfaction of said trigger condition and compliance of the payout amount with said at least one restriction criterion; and
    a memory coupled to the at least one processor, said memory storing instructions executable by said at least one processor to perform the operations of creating, establishing, and initiating.",refine
US-8803143-B2,Thin film transistor including buffer layers with high resistivity,"A thin film transistor, comprising:
a substrate;
at least one buffer layer positioned above the substrate, said layer possessing high resistivity;
a semiconductor layer formed over the at least one buffer layer;
a gate electrode;
a gate dielectric layer interposed between the gate electrode and the semiconductor layer; and
source and drain electrodes electrically connected to the semiconductor layer.",refine
US-8382251-B2,Nozzle arrangement for printhead,"A nozzle arrangement for a printhead, comprising:
a printhead die provided with a fluid ejection face;
a plurality of fluid ejection nozzles disposed within said printhead die, each fluid ejection nozzle extending to the fluid ejection face;
a plurality of fluid supply conduits disposed within said printhead die, each fluid supply conduit in fluid communication with a corresponding one of the plurality of fluid ejection nozzles;
wherein the plurality of fluid ejection nozzles are configured into a plurality of parallel rows upon the fluid ejection face;
and wherein nozzles in adjacent parallel rows are laterally offset with respect to one another.",refine
US-8697606-B2,Methods for discretized processing and process sequence integration of regions of a substrate,"A method for processing a substrate, comprising:
    providing a substrate having a plurality of distinct regions;
    selectively applying a first processing operation within a process sequence to a first subset of said distinct regions;
    selectively applying a second processing operation within the process sequence to a second subset of said distinct regions; and
    functionally coordinating the application of the first and second processing operations to obtain a desired overall property or structure across the substrate.",refine
US-8584424-B2,Wall and skylight panel system with attachment clip,"A system for constructing a wall structure or a skylight structure, the system comprising:
multiple panels, each panel having at least one securing feature along its peripheral edge;
a support structure adapted to support said multiple panels; and
at least one mounting clip, the clip comprising a first coupling portion configured to removably engage with the at least one securing feature of one of the multiple panels, and a second coupling portion configured to fasten the one panel to the support structure, thereby creating the wall structure or skylight structure.",refine
US-9424397-B2,Sports monitoring system using GPS with location beacon correction,"1. A sports monitoring system, comprising:
    a Global Positioning System (GPS) receiver configured to obtain GPS coordinates for a monitored entity;
    at least one location beacon situated within a sports monitoring area, said at least one location beacon configured to emit a localized positioning signal;
    a processing unit operatively coupled to the GPS receiver and said at least one location beacon, said processing unit configured to receive GPS coordinates from the GPS receiver and data derived from the localized positioning signal from said at least one location beacon;
    wherein said processing unit is further configured to apply a correction to the GPS coordinates based on the data derived from the localized positioning signal, thereby generating corrected location data for the monitored entity; and
    an output interface arranged to display sports monitoring information based on the corrected location data.",refine
US-9371440-B2,Method for producing modified polyamide 6,"A method for preparing modified polyamide 6, comprising:
supplying a polyamide 6 precursor or a polyamide 6 polymer;
supplying at least one modifying agent; and
reacting said polyamide 6 precursor or said polyamide 6 polymer with said at least one modifying agent under conditions effective to form said modified polyamide 6.",refine
US-9103115-B2,Sheet-like finishing element,"A sheet-form finishing element, comprising:
a flexible or rigid planar body, defining a first major surface and an opposing second major surface;
said first major surface adapted to present an exposed finished appearance upon installation of the element onto a structure;
said second major surface arranged for securement to an underlying substrate of the structure; and
wherein the planar body incorporates at least two distinct layers bonded together, at least one of said distinct layers contributing at least one of said finished appearance or said attachment functionality.",refine
US-9600455-B2,Hybrid mobile interactions for native apps and web apps,"A method for enabling hybrid mobile interactions on a mobile device, the method comprising:
executing a native application component within a native operating environment of the mobile device;
presenting a web application component within a web rendering environment initialized by the native application component;
establishing a bidirectional interoperability layer between the native application component and the web application component;
receiving, by the native application component, a first instruction emanating from the web application component via the bidirectional interoperability layer, the first instruction comprising an invocation of a native device capability or a function of the native application component;
performing, by the native application component, an action responsive to the first instruction;
sending, by the native application component, a result of the action to the web application component via the bidirectional interoperability layer; and
sending, by the native application component, a second instruction to the web application component via the bidirectional interoperability layer, wherein the second instruction comprises an invocation of a function within the web application component or an update to data within the web application component.",refine
US-9483983-B2,"Display device, in particular for cooktops","1. A display system for a cooktop, comprising:
    a display element adapted to present visual data relating to at least one heating zone of the cooktop;
    a user input element adapted to receive touch commands for controlling the operation of the at least one heating zone;
    a monolithic cooking surface formed from a transparent or translucent ceramic glass material, wherein said display element is situated beneath a section of the monolithic cooking surface, and said user input element is integrated within the monolithic cooking surface to provide an interactive control area;
    wherein the monolithic cooking surface serves as an external protective layer for both said display element and said user input element, and exhibits resistance to high temperatures and liquid spills typically encountered in a cooking environment.",refine
US-9216113-B2,Hearing protection earpiece,"1. An earpiece for hearing protection, comprising:
a body;
said body adapted for placement at least partially within a user's ear canal or concha;
said body comprising a sound attenuating material;
wherein the sound attenuating material is configured to diminish a level of sound propagating to an eardrum of the user.",refine
US-8915251-B2,Mask system,"1. A mask system, comprising:
    a facepiece member adapted to cover at least the nose and mouth of a wearer;
    a sealing element disposed along a periphery of the facepiece member, the sealing element adapted to form a seal against a portion of the wearer's face;
    at least one securing strap attached to the facepiece member, the at least one securing strap configured to secure the facepiece member on the wearer's head; and
    a filtration medium incorporated into the facepiece member, the filtration medium adapted to filter airborne particles from air flowing through the facepiece member.",refine
US-8959726-B2,Zipper,"A releasable fastening device, comprising:
a first flexible elongated tape;
a second flexible elongated tape;
a plurality of male interlocking elements permanently affixed along an edge of said first flexible elongated tape;
a plurality of female interlocking elements permanently affixed along an edge of said second flexible elongated tape, said female interlocking elements adapted for releasable engagement with said male interlocking elements; and
a slider body slidably coupled with said first and second flexible elongated tapes, said slider body having a channel arranged to progressively interlock said male and female interlocking elements upon movement in a first direction and to progressively disengage said male and female interlocking elements upon movement in a second, opposing direction.",refine
US-8985107-B2,"Method, arrangement and computer program product for respiratory gas monitoring of ventilated patients","1. A method for monitoring respiratory gases of ventilated patients, the method comprising:
    acquiring respiratory gas measurements from a ventilated patient's airway;
    analyzing the acquired respiratory gas measurements to determine at least one respiratory gas parameter reflecting the respiratory state of the patient;
    comparing the at least one determined respiratory gas parameter with a pre-established physiological range or threshold; and
    producing an output signal based on the comparison, the output signal conveying information pertinent to the respiratory gas monitoring of the ventilated patient.",refine
US-8593553-B2,Solid-state imaging device and electronic apparatus,"1. A solid-state imaging device, comprising:
    a semiconductor substrate;
    a pixel array formed on the semiconductor substrate, the pixel array including a plurality of pixels, each pixel adapted to convert incident light into an electrical charge;
    a readout circuit adapted to read out the electrical charge from the plurality of pixels;
    a control circuit configured to govern the operation of the pixel array and the readout circuit; and
    an output circuit adapted to output an image signal based on the electrical charge obtained by the readout circuit.",refine
US-8843696-B2,Memory device and method of controlling the same,"1. A memory device comprising:
    a memory array including a plurality of memory cells adapted for data storage;
    a data interface connected to the memory array, said data interface adapted for receiving memory access requests and transmitting data; and
    a control unit interconnected with the memory array and the data interface, said control unit arranged to:
        receive a memory access request indicating a logical address and a desired operation;
        identify a physical address within the memory array associated with the logical address based on an address mapping;
        perform the desired operation at the identified physical address; and
        recurrently update the address mapping to more evenly distribute operations across the plurality of memory cells, thereby facilitating substantially uniform wear among the memory cells and prolonging the operational lifespan of the memory device.",refine
US-9042933-B2,Inter-cell interference coordination for wireless communication systems,"A method for inter-cell interference coordination in a wireless communication network having multiple cells, said method comprising:
  measuring, by a first cell, interference originating from at least one neighboring cell or interference perceived by user equipment served by the first cell;
  exchanging, between the first cell and said at least one neighboring cell, data indicative of resource utilization or prevailing interference conditions;
  determining, by the first cell, a resource allocation configuration or a transmission power adjustment for user equipment served by the first cell based on the exchanged information; and
  transmitting, from the first cell, data to user equipment served by said first cell in accordance with the determined resource allocation configuration or the transmission power adjustment.",refine
US-8873773-B2,Condenser microphone unit and condenser microphone,"1. A condenser microphone unit, comprising:
    a vibratory diaphragm adapted to vibrate in response to incident sound waves;
    a backplate electrode positioned opposite the vibratory diaphragm, whereby the vibratory diaphragm and the backplate electrode define a variable capacitor;
    an insulating member disposed between the vibratory diaphragm and the backplate electrode for maintaining a specified spacing and electrical isolation between them;
    a housing arranged to encase and mechanically support the vibratory diaphragm, the backplate electrode, and the insulating member; and
    at least one electrical output terminal electrically coupled to the variable capacitor for furnishing an electrical signal indicative of the vibratory diaphragm's movement.",refine
US-8868736-B2,Estimating a severity level of a network fault,"A method comprising:
detecting a network fault within a network;
acquiring multiple parameters associated with the detected network fault;
analyzing said acquired parameters to determine at least one characteristic of the network fault;
computing a severity level for the network fault utilizing the determined at least one characteristic; and
presenting an indication of the computed severity level.",refine
US-8834178-B2,Manipulation device configured to be used with an interactive whiteboard and an interactive teaching system including the same,"1. An input device for use with an interactive whiteboard, the input device comprising:
    a hand-held housing;
    an interaction element projecting from the hand-held housing, the interaction element adapted to engage a display surface of the interactive whiteboard;
    a detection system housed within the hand-held housing, the detection system adapted to ascertain at least one of positional information of the input device relative to the said display surface and an engagement characteristic of the interaction element with the display surface, and to generate corresponding interaction data; and
    a communication interface adapted to wirelessly convey the interaction data to the interactive whiteboard, the interactive whiteboard being configured to process the interaction data to modify content presented on the display surface.",refine
US-9397114-B2,Methods of fabricating three-dimensional semiconductor memory devices,"A method of fabricating a three-dimensional semiconductor memory device, comprising:
obtaining a semiconductor substrate;
depositing a stack of alternating conductive layers and dielectric layers atop the semiconductor substrate;
etching a plurality of high aspect ratio vertical openings penetrating the stack of alternating layers;
forming memory films within the vertical openings, said memory films including at least one charge trapping layer;
forming semiconductor channel regions within the vertical openings, in contact with the memory films;
forming word line electrodes from the conductive layers, the word line electrodes thereby encircling the semiconductor channel regions; and
forming bit line contacts electrically coupled to the semiconductor channel regions.",refine
US-8632198-B2,"Flexible LED lighting systems, fixtures and method of installation","A flexible LED lighting system, comprising:
a flexible light strip comprising a flexible substrate bearing a plurality of light-emitting diodes (LEDs) mounted thereon and a plurality of conductive traces electrically coupling said LEDs;
a flexible fixture housing adapted to receive and protect said flexible light strip, said flexible fixture housing being deformable to be bent, curved, or twisted to conform to a non-planar surface;
at least one end cap secured to an end of said flexible fixture housing, said end cap structured to seal said flexible fixture housing; and
a power connection module integrated with or securable to said flexible fixture housing, said power connection module arranged to electrically connect said flexible light strip to an external power source;
wherein said flexible fixture housing enables selective exposure of light from said plurality of LEDs along its length.",refine
US-9358347-B2,Safety syringe having an automatic activated retractable needle,"A safety syringe comprising:
a syringe barrel with a proximal end and a distal end, said barrel defining a fluid reservoir;
a plunger slidably positioned within the syringe barrel, the plunger having a distal end adapted to expel fluid from the fluid reservoir and a proximal end;
a needle assembly including a needle cannula with a sharp tip, said needle assembly initially projecting from the distal end of the syringe barrel;
a retraction activation mechanism designed to be triggered upon complete depression of the plunger within the syringe barrel;
a needle retraction mechanism mechanically connected to the needle assembly and adapted to retract the needle cannula into the syringe barrel when activated by the retraction activation mechanism, said needle retraction mechanism comprising a spring element urging the needle cannula proximally;
and a needle retention mechanism arranged to releasably retain the needle assembly in an extended position prior to activation and to permanently secure the needle assembly in a retracted position after activation, thereby preventing re-exposure of the sharp tip.",refine
US-8873257-B2,Power supply apparatus with drive control signal inversion based upon resonance current level detection,"A power supply apparatus, comprising:
a resonant power converter configured to deliver output power;
said resonant power converter comprising a switching element configured to operate responsive to a drive control signal;
a driver circuit coupled to the switching element, said driver circuit configured to generate the drive control signal;
a resonant circuit coupled to the resonant power converter, said resonant circuit configured to carry a resonance current;
a current detection circuit coupled to the resonant circuit, said current detection circuit configured to sense a level of the resonance current; and
a control unit coupled to the driver circuit and the current detection circuit, said control unit configured to receive the sensed resonance current level and to trigger an inversion of the drive control signal output by the driver circuit when the sensed resonance current level exceeds a predetermined threshold.",refine
US-8368486-B2,Duplexer,"1. A duplexer comprising:
    an antenna port for coupling to an antenna;
    a transmitter port for coupling to a transmitter;
    a receiver port for coupling to a receiver;
    a transmit filter circuitry coupled between the transmitter port and the antenna port, said transmit filter circuitry configured to pass transmit signals from the transmitter port to the antenna port within a first frequency band; and
    a receive filter circuitry coupled between the antenna port and the receiver port, said receive filter circuitry configured to pass receive signals from the antenna port to the receiver port within a second frequency band;
    wherein the first frequency band is distinct from the second frequency band, and wherein the transmit filter circuitry and the receive filter circuitry are arranged to provide isolation between the transmitter port and the receiver port.",refine
US-9291646-B2,Cross domain triggering in a test and measurement instrument,"A test and measurement instrument with cross-domain triggering capability, comprising:
a signal acquisition module configured to capture at least one input signal;
multiple domain processing modules, each domain processing module arranged to analyze the at least one input signal to extract domain-specific data pertinent to a distinct domain;
a trigger definition module arranged to receive the domain-specific data from at least two of the multiple domain processing modules and to form a composite trigger condition utilizing a logical combination of the domain-specific data from the at least two distinct domains;
a trigger evaluation module arranged to monitor the extracted domain-specific data and ascertain when the established composite trigger condition is met; and
a trigger output module arranged to generate a trigger signal upon satisfaction of the composite trigger condition, wherein the trigger signal activates a predefined action within the test and measurement instrument.",refine
US-8883904-B2,Mixtures of silver and zinc oxide as stabilizer for flame-retardant polyamides,"A flame-retardant polyamide formulation, comprising:
a polyamide polymer;
at least one fire retardant; and
a stabilizer incorporating a blend of silver and zinc oxide.",refine
US-9351448-B2,Wall planting system,"A wall planting system comprising:
a support frame adapted for mounting on an upright wall surface;
a plurality of plant receptacles, each receptacle sized to hold a plant and a growing medium;
wherein said plurality of plant receptacles are modularly attached to the support frame; and
an irrigation subsystem incorporated with the support frame and fluidically connected to the plurality of plant receptacles for supplying water thereto.",refine
US-9059141-B2,Buried gate transistor,"A transistor comprising:
a semiconductor substrate;
a source region disposed within the semiconductor substrate;
a drain region disposed within the semiconductor substrate;
a channel region disposed within the semiconductor substrate and positioned between the source region and the drain region;
a gate dielectric layer; and
a gate electrode, wherein the gate electrode is isolated from the channel region by the gate dielectric layer, and wherein the gate electrode and the gate dielectric layer are situated below the channel region such that the gate electrode modulates the conductivity of the channel region.",refine
US-8629955-B2,"Moire reducing display device having directivity with terminal device, light source device, and optical member","A display device for reducing moire and controlling directivity, comprising:
a terminal device operative to generate display data;
a light source device operative to emit light; and
an optical member optically coupled to the light source device for receiving light therefrom, and further coupled to receive the display data from the terminal device, the optical member being structured to output image light exhibiting reduced moire and controlled directivity based on the received display data.",refine
US-9030408-B2,Multiple sensor gesture recognition,"A system for gesture recognition, comprising:
a first sensor configured to capture first sensor data representative of a physical interaction;
a second sensor configured to capture second sensor data representative of the physical interaction;
a processing unit in communication with the first sensor and the second sensor;
wherein the processing unit is configured to:
obtain the first sensor data from the first sensor and the second sensor data from the second sensor;
process the first and second sensor data to generate combined sensor data;
detect a gesture utilizing the combined sensor data; and
output a signal indicative of the detected gesture.",refine
US-9020450-B2,Output stage for wireless transmitter,"An output stage for a wireless transmitter, comprising:
an input port arranged to receive a radio frequency (RF) input signal;
a power amplifier connected to the input port, said power amplifier operative to amplify the RF input signal to produce an amplified RF signal;
an output matching network connected to an output of the power amplifier, said output matching network adapted to transform an output impedance of the power amplifier to a desired load impedance; and
a harmonic filter disposed between the output matching network and an output port, said harmonic filter configured to attenuate harmonic frequencies produced by the power amplifier.",refine
US-9156900-B2,Control agent for controlling undifferentiated state and use thereof,"I claim:
A regulating agent for modulating the undifferentiated state of stem cells, comprising an active ingredient that effectively maintains the undifferentiated state of said stem cells.",refine
US-9024872-B2,Head-mounted display,"1. A head-mounted display, comprising:
    a display element configured to generate images;
    a frame configured to be worn on a user's head;
    an optical system optically linked to the display element and configured to direct the produced images to at least one eye of the user;
    a control unit electronically connected to the display element and configured to process data for presentation on the display element; and
    a power source electrically connected to the display element and the control unit.",refine
US-9750768-B2,Methods for purifying midbrain dopaminergic neural progenitor cells,"A method of purifying midbrain dopaminergic neural progenitor cells, comprising:
obtaining a mixed cell population containing midbrain dopaminergic neural progenitor cells;
contacting the mixed cell population with at least one detection agent, wherein the at least one detection agent specifically binds to a marker expressed by the midbrain dopaminergic neural progenitor cells or by non-midbrain dopaminergic neural progenitor cells;
isolating the midbrain dopaminergic neural progenitor cells from the non-midbrain dopaminergic neural progenitor cells based on the binding of the at least one detection agent, thereby yielding a purified population of midbrain dopaminergic neural progenitor cells.",refine
US-9345105-B2,Lighting device with RF antenna,"A lighting device, comprising:
a housing;
a light source disposed within the housing;
a power supply electrically connected to the light source;
an RF antenna incorporated into the lighting device; and
control circuitry,
wherein the RF antenna is electrically connected to the control circuitry and adapted to wirelessly communicate with an external device;
said wireless communication facilitating at least one of: remote adjustment of an operational setting of the lighting device, relaying of operational data from the lighting device, or receipt of external data by the lighting device to modify an operational parameter thereof.",refine
US-9611761-B2,High-temperature energy store with recuperator,"A high-temperature energy storage system comprising:
a storage chamber housing an energy storage medium adapted for storing thermal energy at an elevated temperature;
a first fluid pathway arranged to supply a heating fluid into thermal contact with the energy storage medium during a charging phase;
a second fluid pathway arranged to withdraw a heated fluid from thermal contact with the energy storage medium during a discharging phase; and
a recuperator thermally linked to the first fluid pathway and the second fluid pathway, the recuperator transferring heat from the heated fluid exiting the storage chamber to the heating fluid entering the storage chamber;
the storage chamber and the energy storage medium being adapted for operation at temperatures surpassing 400 degrees Celsius.",refine
US-9291556-B2,"Objective optical system for ATR measurement, and ATR measurement device","An objective optical system for attenuated total reflectance (ATR) measurement, comprising:
an input port arranged to receive incident radiation;
an output port configured to output reflected radiation; and
an optical assembly having one or more optical elements, including at least one focusing element, wherein said optical assembly is arranged and adapted to:
    guide the incident radiation from the input port toward an external interface of an ATR crystal;
    focus the incident radiation onto an internal reflection surface of the ATR crystal, such that it strikes said internal reflection surface at an angle adequate for total internal reflection; and
    gather radiation emerging from the ATR crystal after attenuated total reflection at the internal reflection surface and direct the gathered radiation to the output port.",refine
US-9544048-B2,System and method for persistent wireless docking,"A system for sustained wireless docking, comprising:
a base station comprising:
a first wireless communication module adapted to establish a wireless communication link with a mobile device for transferring data and/or power;
a proximity sensing module adapted to determine a relative position between the base station and the mobile device;
a base station controller interfaced with the first wireless communication module and the proximity sensing module, the base station controller arranged to:
commence a docking procedure with the mobile device when the relative position satisfies a specified docking criterion;
assess the stability of the wireless communication link and the relative position while in a docked state; and
upon detecting a departure from the specified docking criterion or a disturbance in the stability of the wireless communication link, automatically perform a re-docking procedure to re-establish the docked state without user interaction; and
a mobile device comprising:
a second wireless communication module adapted to establish the wireless communication link with the base station; and
a mobile device controller connected to the second wireless communication module, the mobile device controller arranged to engage in the docking procedure and the re-docking procedure commenced by the base station controller.",refine
US-8929648-B2,Image processor capable of classifying original as color original quickly,"An image processor comprising:
    an image data input adapted to receive image data depicting an original document;
    a pixel sampling module arranged to select a subset of pixel data from the received image data;
    a color component analysis module operative to determine at least one color difference value for each pixel in the subset of pixel data;
    a comparison module adapted to compare the at least one determined color difference value for each pixel to at least one predetermined color threshold;
    a color presence scoring module adapted to generate a color presence score based on a count of pixels in the subset whose at least one determined color difference value exceeds the at least one predetermined color threshold; and
    a classification module operative to classify the original document as a color document should the color presence score exceed a predetermined classification threshold, thereby rapidly categorizing the original document as a color document.",refine
US-9245130-B2,Multi-user universal serial bus (USB) key with customizable file sharing permissions,"An apparatus, comprising:
    a universal serial bus (USB) interface configured to facilitate communication with a host device;
    a non-transitory computer-readable storage medium configured to retain a plurality of data files;
    a processor communicatively coupled to the universal serial bus interface and the non-transitory computer-readable storage medium;
    wherein the processor is configured to:
        administer a plurality of separate user profiles, each user profile linked to a unique user;
        maintain a set of file sharing permissions for each of said plurality of data files, where said file sharing permissions specify access rights for said separate user profiles concerning said data files;
        permit an authorized user to tailor said set of file sharing permissions for any of said plurality of data files; and
        regulate access to said plurality of data files stored on the non-transitory computer-readable storage medium based on an authenticated user profile and the tailored file sharing permissions.",refine
US-8587757-B2,"Display device, driving method thereof, terminal device, and display panel","A display device, comprising:
a display panel including a plurality of pixels adapted to emit light;
a driver circuit functionally connected to the display panel, said driver circuit arranged to provide display signals to said pixels; and
a controller circuit functionally linked to the driver circuit, said controller circuit configured to implement a driving scheme for the display panel by generating control signals for the driver circuit, said driving scheme adapted to dynamically modify one or more driving parameters of the display panel responsive to a characteristic of incoming display data to enhance display output performance.",refine
US-9099826-B2,Electrical bridge,"An electrical bridge apparatus, including:
a first pair of input terminals arranged to receive voltage from a source;
a second pair of output terminals;
a first impedance element connected between a first terminal of the first pair of input terminals and a first terminal of the second pair of output terminals;
a second impedance element connected between the first terminal of the first pair of input terminals and a second terminal of the second pair of output terminals;
a third impedance element connected between the first terminal of the second pair of output terminals and a second terminal of the first pair of input terminals;
a fourth impedance element connected between the second terminal of the second pair of output terminals and the second terminal of the first pair of input terminals; and
a detector connected across said second pair of output terminals, arranged to detect a potential difference therebetween;
wherein at least one of said first, second, third, or fourth impedance elements is a variable impedance element, and the electrical bridge apparatus is adapted such that when the potential difference detected by the detector is substantially zero, the bridge is deemed balanced.",refine
US-9276964-B2,Method and user terminal for supporting provision of capabilities,"A method for enabling provision of capabilities, comprising:
identifying, by a user terminal, one or more capabilities available through the user terminal;
generating, by the user terminal, capability data describing the one or more identified capabilities;
transmitting, by the user terminal, the capability data to an external entity to enable the external entity to access the one or more identified capabilities; and
facilitating, by the user terminal, utilization of at least one of the identified capabilities by the external entity based on the transmitted capability data.",refine
US-9212007-B2,Correction of customer mailing information,"A method for rectifying client mailing data, comprising:
obtaining client mailing data;
consulting a reference data source comprising verified postal data;
comparing the obtained client mailing data against said reference data source to ascertain one or more divergences, wherein said divergences indicate an invalid, an outdated, or a missing mailing address component;
automatically modifying said obtained client mailing data utilizing said ascertained divergences and verified data from said reference data source to produce rectified client mailing data;
and persisting said rectified client mailing data.",refine
US-8918384-B2,Decentralized web annotation,"A method for decentralized web annotation, comprising the steps of:
receiving, by a client device, user input designating a target portion of web content displayed within a web browser application;
receiving, by the client device, annotation data pertaining to the designated target portion;
generating, by the client device, an annotation record containing said annotation data, user metadata, and a content identifier uniquely referencing the target portion of web content, wherein the content identifier functions irrespective of a hosting server of the web content;
digitally signing, by the client device, the annotation record employing a cryptographic key associated with the user;
transmitting, by the client device, the digitally signed annotation record to a decentralized network for distributed storage, wherein the decentralized network operates a distributed ledger of annotation records;
upon presentation of the web content within a web browser application on a client device, initiating a query to the decentralized network for annotation records corresponding to the content identifier of the web content;
receiving, by the client device, one or more relevant digitally signed annotation records from the decentralized network;
verifying, by the client device, the digital signature of each of the one or more received annotation records; and
displaying, by the client device, the verified annotation records as an overlay or integrated element within the web browser application in conjunction with the target portion of the web content.",refine
US-9266010-B2,Splitboard binding with adjustable leverage devices,"A splitboard binding comprising:
a baseplate adapted for detachable mounting to a splitboard;
a highback pivotally connected to the baseplate;
at least one ankle strap and at least one toe strap, each strap arranged to secure a rider's boot to the baseplate; and
a set of adjustable leverage mechanisms, each mechanism configured to selectively modify a mechanical advantage applied to at least one function selected from securing the rider's boot to the baseplate, governing a forward lean of the highback, or enabling a climbing mode for the splitboard.",refine
US-9466129-B2,Apparatus and method of processing background image of medical display image,"An apparatus for processing a background of a medical display image, the apparatus comprising:
a receiver configured to receive a medical display image, said medical display image comprising foreground medical data and a background region;
a background segmentation unit configured to isolate the background region from the foreground medical data from the received medical display image;
a background modification unit configured to adjust at least one visual attribute of the segmented background region; and
an output generator configured to produce a modified medical display image comprising the foreground medical data and the modified background region for display.",refine
US-8890006-B2,Interlocking test weight system,"A test weight system comprising:
a first test weight possessing a top and a bottom surface;
a second test weight also possessing a top and a bottom surface;
wherein the bottom surface of the first test weight includes at least one projection;
wherein the top surface of the second test weight features at least one recess formed complementary in shape to the at least one projection; and
wherein said at least one projection is arranged for reception within the at least one recess to positively interlock the first test weight with the second test weight, thereby inhibiting relative lateral movement between them.",refine
US-9045741-B2,"Thermophilic and thermoacidophilic biopolymer-degrading genes and enzymes from Alicyclobacillus acidocaldarius and related organisms, methods",1. An isolated polypeptide possessing thermophilic and thermoacidophilic properties; wherein said polypeptide displays biopolymer-degrading activity; and wherein said polypeptide originates from *Alicyclobacillus acidocaldarius* or a related organism.,refine
US-9064206-B2,Image forming apparatus that prints image data including color code symbol,"An image forming apparatus, comprising:
a data input interface arranged to obtain image data;
a processing unit operatively coupled to the data input interface, said processing unit configured to generate a color code symbol and to integrate said generated color code symbol with the image data; and
a printing unit operatively connected to the processing unit, said printing unit arranged to print the integrated image data, wherein the integrated image data incorporates the color code symbol.",refine
US-9217995-B2,"Entertainment, lighting and climate control system","A system for coordinated management of environmental and entertainment elements within a space, the system comprising:
a central controller configured to acquire user commands, evaluate environmental data, and formulate control directives according to said user commands and environmental data;
a user interface functionally linked to the central controller, configured to accept user directives and present system conditions;
at least one environmental sensor functionally connected to the central controller, configured to perceive ambient conditions within the space, such ambient conditions encompassing at least one of temperature, humidity, and ambient light;
an entertainment output device functionally integrated to the central controller, configured to obtain entertainment control signals from the central controller and to present entertainment material based on said entertainment control signals;
a lighting control module functionally associated to the central controller, configured to obtain lighting control signals from the central controller and to modify the intensity, hue, or status of at least one illumination device based on said lighting control signals; and
a climate control module functionally connected to the central controller, configured to obtain climate control signals from the central controller and to govern at least one of the temperature, moisture level, and airflow within the space based on said climate control signals.",refine
US-9282020-B2,Bounded-budget monitor deployment in monitoring networks via end-to-end probes,"A method for budget-limited monitor placement in monitoring networks utilizing end-to-end probes, said method comprising:
acquiring a network topology of a monitoring network, said network topology including multiple network nodes and various network paths linking said nodes;
obtaining a budget constraint pertinent to the deployment of multiple monitors within said monitoring network;
identifying, utilizing said network topology and said budget constraint, a collection of monitor placement sites among said network nodes;
wherein said identifying involves optimizing a monitoring objective related to the observability of said network paths through end-to-end probes, constrained by said budget;
wherein said observability relies on the capabilities of said monitors at said identified placement sites to transmit, receive, or intermediate end-to-end probes across said network paths; and
installing said multiple monitors at said identified monitor placement sites.",refine
US-9131431-B2,"Wireless access point device, network system and network auto-establishing method of the same","A wireless access point device, comprising:
a wireless transceiver for transmitting and receiving wireless signals;
a processor coupled to the wireless transceiver; and
a memory coupled to the processor, said memory storing program instructions that, upon execution by the processor, direct the wireless access point device to automatically establish a wireless network; wherein such automatic establishment entails detecting the presence of one or more other wireless devices or an existing network condition, deriving one or more network configuration parameters from the detected presence or existing network condition, and autonomously configuring its network settings and establishing a wireless network based on the determined network configuration parameters, thereby facilitating network connectivity without necessitating manual user input.",refine
US-8931776-B2,Image forming apparatus,"An image forming apparatus, comprising:
an input interface configured to acquire image data;
an image generation unit configured to create an image from the acquired image data;
a medium transport unit configured to advance a recording medium;
an image application unit configured to deposit the created image onto the recording medium conveyed by the medium transport unit; and
a finishing unit configured to fix the deposited image to the recording medium.",refine
US-9485270-B2,Polluting results of vulnerability scans,"A method for reducing superfluous findings in vulnerability scan results; comprising:
receiving, by a computing system, raw vulnerability scan results generated by at least one vulnerability scanning tool, which identify potential vulnerabilities in a plurality of target assets;
obtaining, by the computing system, contextual information pertaining to the plurality of target assets, wherein the contextual information includes actual configuration, operational environment, or network topology data for the target assets;
correlating, by the computing system, the raw vulnerability scan results with the obtained contextual information for identifying superfluous findings or false positives from the raw vulnerability scan results, wherein a superfluous finding or false positive is identified when a reported potential vulnerability fails to align with an actual configuration or operational state of a corresponding target asset;
generating, by the computing system, refined vulnerability scan results through filtering out said identified superfluous findings or false positives from the raw vulnerability scan results; and
providing, by the computing system, the refined vulnerability scan results for presentation, storage, or subsequent automated remediation actions.",refine
US-9836184-B2,Adaptive determination of information display,"A system comprising:
a processor;
a memory storing processor-executable instructions;
a display device;
an input interface configured to receive information content for display;
a context sensing module configured to obtain contextual data pertaining to at least one of a user, an environment, or a device status; and
an adaptive display determination module, implemented by the processor using instructions stored in the memory, configured to:
    obtain the information content and the contextual data;
    adaptively ascertain a set of display characteristics for presenting the information content based on an analysis of the obtained contextual data; and
    cause the display device to render the information content according to the adaptively ascertained set of display characteristics.",refine
US-9553684-B2,Data frame generation circuit and data frame generation method,"A data frame generation circuit, comprising:
a data input module configured to obtain payload data;
a frame assembly module coupled to the data input module, the frame assembly module arranged to build a data frame by enclosing the payload data within a header portion and a footer portion, wherein the header portion includes control information and the footer portion includes frame termination information;
an error detection code generation module coupled to the frame assembly module, the error detection code generation module adapted to compute an error detection code based on at least a segment of the data frame; and
an output interface coupled to the error detection code generation module, the output interface arranged to output the constructed data frame comprising the calculated error detection code.",refine
US-9486015-B2,Undergarment comprising sleeve pocket for tampon,"An undergarment including a body portion adapted for wear by a user; and a sleeve pocket secured to the body portion, said sleeve pocket being elongated and sized for removably receiving and retaining at least one tampon therein.",refine
US-9402440-B2,Cushioning sole for shoe,"A resilient sole for a shoe, comprising:
an outsole layer adapted for ground engagement;
a midsole layer disposed atop said outsole layer, said midsole layer formed from a resilient, energy-absorbing polymeric material; and
at least one cushioning insert embedded within a cavity of said midsole layer, said at least one cushioning insert being a fluid-filled bladder or a gel component.",refine
US-9390382-B2,Template regularization for generalization of learning systems,"A method for enhancing the generalization capability of a learning system, the method comprising:
training a learning system having multiple parameters using training data;
providing a template, which template delineates a target characteristic or structural attribute for the learning system;
integrating a regularization term into a training objective function utilized during said training process, wherein said regularization term is adapted to guide certain facets of the learning system towards said template;
thus boosting the generalization performance of the learning system on unseen data.",refine
US-9545927-B2,Vehicle control system and method,"A vehicle control system, comprising:
a plurality of input devices configured to acquire data pertaining to at least one of a vehicle's operational state, its surrounding environment, or a user input;
a processing unit electronically coupled with the plurality of input devices, the processing unit configured to receive such data and determine one or more control commands based thereon; and
a plurality of output devices electronically coupled with the processing unit, the plurality of output devices adapted to carry out said one or more control commands to affect a vehicle operation.",refine
US-9713285-B2,Electronic apparatus having a cooling apparatus,"An electronic apparatus comprising:
a housing;
at least one electronic component located within the housing, the electronic component operative to generate heat during operation;
a heat transfer element thermally connected to the at least one electronic component, said heat transfer element structured to absorb heat therefrom;
a fluid circulation system coupled to the heat transfer element, the fluid circulation system adapted to circulate a cooling fluid;
a heat dissipation element fluidly coupled to the fluid circulation system, the heat dissipation element structured to dissipate heat from the cooling fluid to an ambient environment;
a sensor adapted to detect a temperature associated with the at least one electronic component; and
a controller coupled to the sensor and the fluid circulation system, the controller operative to regulate the fluid circulation system responsive to the detected temperature.",refine
US-9873412-B2,Vehicle speed control apparatus,"1. An apparatus, comprising:
    a speed sensor configured to generate a speed signal representing a current speed of a vehicle;
    a user input interface adapted to receive a desired speed setting;
    a control unit electrically coupled to the speed sensor and the user input interface, the control unit arranged to compare the current speed with the desired speed setting and generate a speed control signal derived from the comparison; and
    an actuator electrically coupled to the control unit, the actuator adapted to adjust at least one of an engine output and a braking force of the vehicle in response to the speed control signal to regulate the current speed of the vehicle consistent with the desired speed setting.",refine
US-9061712-B2,Understructure for a vehicle,"1. An understructure for a vehicle, comprising:
a primary frame assembly defining a longitudinal axis and spanning substantially the length of the vehicle, said primary frame assembly arranged to impart structural integrity and support for diverse vehicle components;
a plurality of cross-members rigidly coupled to the primary frame assembly, said cross-members projecting laterally with respect to the longitudinal axis and serving as attachment points for vehicle subsystems;
and a plurality of suspension mounting brackets incorporated into at least one of the primary frame assembly and the plurality of cross-members, said suspension mounting brackets designed to reliably receive and convey forces from a vehicle suspension system;
wherein the primary frame assembly and the plurality of cross-members collectively constitute a rigid, load-bearing framework dimensioned to support a vehicle body and disseminate operational stresses throughout the vehicle.",refine
US-9094543-B2,Real time transmission of photographic images from portable handheld devices,"1. A portable handheld device, comprising:
    an image capture module configured to capture a photographic image;
    a processing module operatively connected to the image capture module, the processing module configured to process the captured photographic image for wireless transmission; and
    a wireless communication module linked to the processing module, the wireless communication module arranged to send the processed photographic image to a remote recipient via a wireless communication network;
    wherein the sending of the processed photographic image occurs nearly simultaneously with the capture of the photographic image by the image capture module.",refine
US-9455826-B2,Circuit arrangement and method for transmitting signals,"A circuit arrangement for signal transmission, comprising:
a signal input configured to receive an input signal;
a transmitter coupled to the signal input, said transmitter configured to produce a transmit signal based on the input signal;
a channel state estimator configured to ascertain at least one characteristic of a transmission channel;
a controller coupled to the channel state estimator and the transmitter, said controller configured to adjust at least one transmission parameter of the transmitter based on the determined characteristic of the transmission channel; and
an output interface coupled to the transmitter to output the transmit signal to the transmission channel.",refine
US-9516701-B2,Warm window buss bar system and safety mechanism,"A heated window busbar system, comprising:
a transparent substrate;
multiple heating elements arranged on or within the transparent substrate;
at least one busbar electrically coupled to the heating elements to distribute electrical power thereto;
a power source electrically coupled to the at least one busbar; and
a safety mechanism adapted to detect an anomalous electrical condition associated with the at least one busbar system and to automatically respond to said anomalous electrical condition by modifying power delivery to the at least one busbar.",refine
US-9500983-B2,Image forming apparatus,"1. An image forming apparatus, comprising:
    an image data input unit configured to obtain image data;
    an image processing unit communicatively coupled to the image data input unit, said image processing unit configured to process the obtained image data and generate processed image data suitable for subsequent rendering;
    an image rendering unit communicatively coupled to the image processing unit, the image rendering unit configured to produce an image on a print medium based on the processed image data;
    a medium handling unit configured to advance the print medium through the image rendering unit; and
    a control unit communicatively coupled to the image data input unit, the image processing unit, the image rendering unit, and the medium handling unit, the control unit configured to manage the operations of the image forming apparatus.",refine
US-9664369-B2,LED lamp,"1. A lighting apparatus, comprising:
a housing;
at least one light emitting diode (LED) located within said housing, said at least one LED configured for light emission;
a heat sink thermally coupled to said at least one LED, said heat sink arranged to dissipate heat produced by said at least one LED;
a driver circuit electrically connected to said at least one LED, said driver circuit arranged to convert input electrical power into regulated electrical power for said at least one LED; and
an electrical connector electrically connected to said driver circuit, said electrical connector adapted to receive external input electrical power.",refine
US-9158069-B2,Charge-discharge electro-optical microring modulator,"A microring modulator comprising:
an optical waveguide arranged to form a microring resonator;
a plurality of electrodes positioned adjacent to the microring resonator;
an electro-optical region incorporated with the microring resonator, said electro-optical region containing a material having an electrically tunable refractive index;
wherein the plurality of electrodes are arranged to inject and extract charge carriers into and from the electro-optical region, thus accumulating and depleting charge carriers within said electro-optical region to correspondingly alter the refractive index of the electro-optical region and to shift a resonance wavelength of the microring resonator, thereby modulating light traversing the optical waveguide.",refine
US-9368111-B2,System and method for targeted tuning of a speech recognition system,"A system for adaptive optimization of a speech recognition system, comprising:
    a speech recognition engine configured to analyze incoming audio and produce an associated speech recognition output;
    a data acquisition module configured to obtain a collection of speech samples and their respective transcriptions;
    a targeting criteria module configured to accept one or more optimization criteria for optimizing the speech recognition system, whereby said one or more optimization criteria specify at least one of a specific acoustic characteristic, a specific linguistic domain, a specific user group, a specific error type, or a specific performance metric; and
    an optimization module operatively connected with the data acquisition module, the targeting criteria module, and the speech recognition engine, said optimization module configured to identify a subset of said collection of speech samples in accordance with said one or more optimization criteria, and further configured to utilize said subset of speech samples to retrain or modify one or more parameters of the speech recognition engine, thereby enhancing recognition performance of the speech recognition engine for speech aligned with said one or more optimization criteria.",refine
US-9110630-B2,Portable electronic device case with an adhesive panel,"A portable electronic device case comprising:
a main body having an interior surface dimensioned and contoured to house a portable electronic device, and an exterior surface; and
an adhesive panel affixed to the main body, the adhesive panel having an adhesive layer providing an adhesive surface adapted for releasable attachment of the portable electronic device case to an external surface.",refine
US-9369373-B2,Peer-to-peer building automation system without knowledge being required of network topology,"A peer-to-peer building automation system comprising a plurality of networked building automation nodes; each node including at least one sensor for detecting an environmental condition or at least one actuator for controlling a building element, a local processing unit, and a communication interface; wherein each node is adapted to communicate directly with other nodes in a peer-to-peer manner without needing pre-configured network topology knowledge or explicit node addressing; each node further adapted to dynamically discover capabilities or services provided by other nodes in the system and to establish communication with discovered nodes based on functional requirements rather than network address, thereby facilitating distributed control of building elements in response to detected environmental conditions.",refine
US-9649537-B2,Solid golf ball,"A solid golf ball comprising:
a spherical core formed from a resilient polymeric material;
at least one intermediate layer surrounding the spherical core, said at least one intermediate layer comprising a polymeric material having a distinct hardness from the spherical core;
a cover layer enclosing the at least one intermediate layer, said cover layer comprising a durable polymeric material and having a plurality of dimples defined on its outer surface; and
wherein the core, the at least one intermediate layer, and the cover layer are concentrically disposed.",refine
US-9289710-B2,Filter element and air filter,"1. A filter element for an air filter, said filter element comprising:
    a filter medium adapted to remove particulate matter from an air stream;
    a first end structure affixed to a first end of the filter medium;
    and a second end structure affixed to a second end of the filter medium, wherein said filter medium is positioned between said first and second end structures, defining an airflow path through the filter element, and wherein said filter element is adapted to sealingly engage a housing of an air filter to direct the airflow through the filter medium.",refine
US-9375428-B2,Morphine controlled release system,1. A controlled-release oral pharmaceutical dosage form comprising an efficacious amount of morphine or a pharmaceutically acceptable salt thereof; and a controlled-release matrix material; wherein said controlled-release matrix material is adapted to release the morphine over a duration of at least 12 hours to afford a sustained therapeutic effect in a patient.,refine
US-9676829-B2,Antibacterial polypeptides and use thereof,An isolated polypeptide; wherein said polypeptide possesses an amino acid sequence; wherein said polypeptide displays antibacterial efficacy against at least one bacterial species; and wherein said polypeptide is of a length between 10 and 100 amino acids and carries a net positive charge of at least +2 at physiological pH.,refine
US-9606186-B2,System for managing a battery and method thereof,"A system for supervising a battery, comprising:
a sensor array configured to obtain a plurality of operating parameters of the battery, said parameters including at least battery voltage, battery current, and battery temperature;
a battery management controller communicatively coupled to the sensor array, said battery management controller comprising a processing module and a control module, wherein the processing module is configured to receive said operating parameters and to ascertain a state of charge of the battery based on said operating parameters; and
an output interface communicatively coupled to the battery management controller, said output interface configured to issue a control signal for governing at least one of a charging operation and a discharging operation of the battery based on the determined state of charge.",refine
US-9843556-B2,"Address book information service system, and method and device for address book information service therein","A system for providing address book information service, comprising:
a server unit configured to administer address book information;
an address book database communicatively linked to the server unit, configured to store multiple address book entries including contact information;
wherein the server unit is further configured to receive address book information requests from one or more client devices; to process such requests; and to retrieve and furnish requested address book information from the address book database to the one or more client devices over a communication network; and
at least one client device communicatively linked to the server unit over the communication network, configured to send the address book information requests to the server unit and to receive the requested address book information from the server unit.",refine
US-9268122-B2,Off-axial three-mirror optical system with freeform surfaces,"An optical system, comprising:
a first mirror;
a second mirror;
a third mirror;
said first, second, and third mirrors being optically positioned in an off-axis configuration, such that light sequentially propagates among them;
wherein at least one surface of said first, second, or third mirrors is a freeform surface; and
wherein said optical system is configured to receive incoming light and produce an image.",refine
US-9199505-B2,Method and device for removing at least one book block from and/or supplying at least one book block to a conveying section of a book production line,"A method for transferring at least one book block from or to a conveying section of a book production line, the method comprising:
securing at least one book block with a book block gripper;
conveying the secured book block through movement of the book block gripper; and
releasing the book block from the book block gripper;
wherein the conveying step relocates the book block either from the conveying section to an assigned removal location separate from the conveying section, or from an assigned supply location to the conveying section.",refine
US-9531387-B2,Handheld device and frequency tracking method thereof,"A portable device comprising:
a housing adapted to be held by a user's hand;
at least one processing unit connected to a memory module;
a wireless receiver connected to the at least one processing unit, the receiver configured to acquire an incoming wireless signal;
wherein the at least one processing unit is configured to ascertain a frequency characteristic of the incoming wireless signal, compare the ascertained frequency characteristic to a target frequency, and generate a tracking output derived from said comparison;
a display connected to the at least one processing unit, the display being arranged to show information pertaining to the ascertained frequency characteristic or the tracking output;
an input interface connected to the at least one processing unit, the input interface configured to accept user input for establishing the target frequency or regulating a tracking operation; and
a power source housed within the housing and arranged to energize the portable device.",refine
US-9726053-B2,Valve opening/closing timing control device,"A valve event timing control system for an engine, comprising:
a sensor configured to monitor an engine operating parameter;
a controller configured to obtain data from the sensor and determine a target valve timing based on the monitored engine operating parameter;
an actuator configured to adjust a valve timing mechanism according to the target valve timing determined by the controller; wherein said adjustment of the valve timing mechanism modifies at least one of an opening timing or a closing timing of at least one engine valve.",refine
US-9872257-B2,Method and apparatus for controlling uplink power in wireless communication system,"A method for controlling uplink power in a wireless communication system, the method comprising:
obtaining, by a network node, an uplink reference signal from a user equipment (UE);
calculating, by the network node, an uplink transmit power adjustment for the UE utilizing the obtained uplink reference signal and a target SINR for the UE;
creating, by the network node, an uplink power control command specifying the calculated uplink transmit power adjustment;
forwarding, by the network node, the uplink power control command to the UE;
obtaining, by the UE, the uplink power control command from said network node; and
modifying, by the UE, its transmit power for a subsequent uplink transmission based on the obtained uplink power control command.",refine
US-9683715-B2,Light emitting apparatus,"A light emitting apparatus, comprising:
a housing defining an interior space;
at least one light emitting diode (LED) package situated within the housing's interior space;
a circuit board mechanically supporting and electrically coupling the at least one LED package;
a heat sink thermally coupled to the circuit board and configured to dissipate heat generated by the at least one LED package during operation;
a driver circuit electrically coupled to the circuit board and arranged to control electric power delivered to the at least one LED package;
and
an optical element arranged to receive light emitted from the at least one LED package, the optical element adapted to shape and distribute the light output by the apparatus.",refine
US-9586192-B2,Functionalized media and methods of making and using therefor,"A functionalized material, comprising:
a substrate;
at least one functional moiety;
wherein said at least one functional moiety is affixed to a surface of the substrate;
and wherein said at least one functional moiety is structured to engage with a target entity.",refine
US-9467677-B2,"Image processing method, image processing device, and electronic apparatus","A method of image processing, comprising:
obtaining an input image;
detecting at least one characteristic within said input image;
deriving a processing parameter in view of the detected characteristic; and
executing an image processing operation upon the input image, utilizing the derived processing parameter to produce a processed image.",refine
US-9360240-B2,Thermoelectric assembly,"A thermoelectric assembly, comprising:
a thermoelectric module comprising a hot side and a cold side, said thermoelectric module being configured to generate a temperature difference between said hot side and said cold side upon application of an electrical current, or to produce an electrical current upon establishment of a temperature differential between said hot side and said cold side;
a hot-side thermal management component thermally coupled to said hot side of said thermoelectric module;
a cold-side thermal management component thermally coupled to said cold side of said thermoelectric module; and
at least one electrical connector arranged to supply electrical power to said thermoelectric module or to draw electrical power from said thermoelectric module.",refine
US-9863285-B2,Power generation system having compressor creating excess gas flow for supplemental gas turbine system,"1. A power generation system, comprising:
a compressor configured to generate a gas flow, wherein a portion of said gas flow comprises an excess gas flow;
a supplemental gas turbine system fluidly connected to the compressor;
wherein the supplemental gas turbine system is configured to receive the excess gas flow from the compressor and generate supplemental power therefrom.",refine
US-9822540-B2,Water conservation device for a swimming pool skimmer,"1. A water conservation device for a swimming pool skimmer, comprising:
    a floating body configured to be positioned within an opening of a swimming pool skimmer;
    said floating body having a top surface and a bottom surface, said top surface exposed to the ambient environment;
    said floating body defining at least one aperture extending from said top surface to said bottom surface, said aperture adapted to permit water flow from a swimming pool into the swimming pool skimmer;
    wherein said floating body substantially covers a water surface within the swimming pool skimmer, thereby diminishing evaporation of water from the swimming pool skimmer;
    and wherein said floating body is configured to rise and fall with a water level within the swimming pool skimmer.",refine
US-9219036-B2,Interconnect structure for semiconductor devices,"An interconnect structure of a semiconductor device, comprising:
a semiconductor substrate;
a first conductive layer disposed over the semiconductor substrate;
a first inter-metal dielectric layer disposed over the first conductive layer;
a second conductive layer disposed over the first inter-metal dielectric layer;
at least one via structure electrically coupling the first conductive layer and the second conductive layer, said via structure passing through the first inter-metal dielectric layer;
a passivation layer disposed over the second conductive layer; and
at least one electrical contact pad disposed over the passivation layer and electrically coupled to at least one of the first and second conductive layers.",refine
US-9358338-B2,Particle cassettes and processes therefor,"A particle cassette, comprising:
a housing forming an internal chamber;
said internal chamber adapted to hold a plurality of particles;
at least one inlet port in fluid communication with the internal chamber, said inlet port adapted for introduction of particles into the internal chamber;
at least one outlet port in fluid communication with the internal chamber, said outlet port adapted for removal of particles from the internal chamber;
and wherein the housing is adapted for selective engagement with an external processing system for processing the particles within.",refine
US-9335284-B2,Method for analysis using X-ray fluorescence,"A method for analysis via X-ray fluorescence, comprising:
irradiating a sample with a primary X-ray beam, thereby generating characteristic fluorescent X-rays from said sample;
detecting said characteristic fluorescent X-rays; and
performing a spectral analysis on said detected characteristic fluorescent X-rays to ascertain at least one attribute of said sample.",refine
US-9864779-B2,Suppressing stream functionality to expedite preferred data,"A method for expediting preferred data, comprising:
obtaining a plurality of data streams;
identifying preferred data within at least one of the plurality of data streams;
identifying at least one suppressible functionality corresponding to a non-preferred data stream from the plurality of data streams;
adjusting resource allocation by suppressing the identified suppressible functionality;
wherein the adjusted resource allocation prioritizes processing or transmission of the preferred data, thereby accelerating delivery of the preferred data.",refine
US-9877686-B2,System for determining confidence in respiratory rate measurements,"A system for assessing confidence in respiratory rate measurements, comprising:
a physiological sensor configured to obtain physiological data pertaining to a subject's respiration;
a respiratory rate measurement module coupled to the physiological sensor, the respiratory rate measurement module configured to process the physiological data and generate a respiratory rate measurement;
a confidence determination module coupled to the respiratory rate measurement module, the confidence determination module configured to analyze at least one of said physiological data or said respiratory rate measurement to produce a confidence metric pertaining to said respiratory rate measurement; and
 an output module coupled to the confidence determination module, the output module configured to present an indication of the confidence metric.",refine
US-9646758-B2,Method of fabricating integrated circuit (IC) devices,"A method for manufacturing an integrated circuit (IC) device, said method comprising:
providing a semiconductor substrate;
depositing at least one dielectric layer over the semiconductor substrate;
depositing at least one conductive or semiconductive layer over the at least one dielectric layer;
patterning said at least one conductive or semiconductive layer to define at least one device feature;
introducing dopants into selected regions of the semiconductor substrate to establish active device regions; and
forming metallization layers to electrically couple the active device regions and device features, thereby completing the integrated circuit device.",refine
US-9888481-B2,Radio resource manager devices and radio communication devices,"A radio resource manager device, comprising:
a transceiver configured to communicate with at least one radio communication device;
a processor coupled to the transceiver; and
a memory coupled to the processor;
wherein the processor is configured to acquire radio channel information from the at least one radio communication device; assess network resource demands and available radio resources in view of the acquired radio channel information; formulate a radio resource allocation strategy for said at least one radio communication device; and direct the transceiver to transmit radio resource allocation commands to said at least one radio communication device pursuant to the formulated radio resource allocation strategy.",refine
US-9854494-B2,Evolutionary algorithms for geographic load balancing using a distributed antenna system,"A system for geographic load balancing employing a distributed antenna system, the system comprising:
a distributed antenna system (DAS) arranged to deliver wireless communication services across a geographic area;
a processor; and
a memory coupled to the processor, the memory storing instructions that, when executed by the processor, cause the processor to:
assess a wireless communication load across the geographic area via the distributed antenna system;
ascertain an optimized operational configuration for the distributed antenna system utilizing an evolutionary algorithm, wherein the optimized operational configuration is determined to balance the wireless communication load throughout the geographic area; and
send control signals to the distributed antenna system to implement the optimized operational configuration, thereby achieving geographic load balancing.",refine
US-9460686-B2,"Electronic device, control method, and storage medium storing control program","An electronic device, comprising a processor; and a memory storing a control program with instructions that, when executed by the processor, cause the electronic device to perform a control method, wherein the control method comprises acquiring input data, analyzing the input data based on predefined criteria, and generating an output control signal based on the processed input data.",refine
US-9876799-B2,Secure mobile client with assertions for access to service provider applications,"A system comprising a mobile client device featuring a processor and memory storing instructions executable by the processor to perform operations including:
authenticating a user via an identity provider;
acquiring a security assertion from the identity provider, the security assertion including user identity data and a cryptographic signature attesting to its origin and integrity;
forwarding the security assertion to a service provider application via a secure communication channel;
receiving an access response from the service provider application, the access response indicating whether permission to the service provider application is granted following validation of the security assertion; and
subsequently engaging securely with the service provider application based on the granted access.",refine
US-9743148-B2,Video device with electronic program guide application and methods for use therewith,"1. A video device, comprising:
    a display;
    a receiver adapted for acquiring electronic program guide (EPG) data;
    a processor communicatively coupled to the display and the receiver; and
    a memory communicatively coupled to the processor, storing computer-readable instructions that, when executed by the processor, enable the processor to:
        process the acquired EPG data to derive program information;
        generate a graphical user interface (GUI) based on the program information, the GUI displaying a plurality of programs organized chronologically and by channel;
        output the GUI for presentation on the display;
        receive a user input via the GUI, the input selecting a program from the plurality of programs presented in the GUI; and
        in response to the user input, initiate a device operation associated with the selected program.",refine
US-9571233-B2,Providing acknowledgement information by a wireless device,"A wireless device, comprising:
a receiver configured to receive data from a network;
a processor operably coupled to the receiver, the processor arranged to:
    ascertain a current operational status of the wireless device, wherein the current operational status encompasses at least one of a power level, a processing workload, or a network condition; and
    generate acknowledgement information based on the received data and the ascertained current operational status, wherein the acknowledgement information comprises data indicating successful receipt of the data and further includes an indication of the current operational status, and wherein the acknowledgement information is adaptively adjusted based on the ascertained current operational status; and
a transmitter operably linked to the processor, the transmitter arranged to convey the formulated acknowledgement information to the network.",refine
US-9431953-B2,Height adjustment bracket for roof applications,"A height-adjustable bracket for roofing applications, comprising:
a first bracket member comprising a base portion configured for fixed attachment to a roof structure;
a second bracket member comprising a support portion adapted to support a roof-mounted component; and
an adjustment mechanism mechanically coupled between the first and second bracket members, said mechanism adapted to permit selective vertical translation of the second bracket member relative to the first bracket member, thereby adjusting a vertical height of the support portion relative to the base portion;
wherein the adjustment mechanism further includes a locking feature adapted to secure the second bracket member at a desired vertical height relative to the first bracket member.",refine
US-9396736-B2,Audio encoder and decoder with multiple coding modes,"A system for audio encoding and decoding with multiple coding modes, comprising:
an audio encoder configured to receive an input audio signal;
the audio encoder further configured to analyze attributes of the input audio signal;
the audio encoder further configured to select one of a plurality of various coding modes responsive to the analyzed attributes;
the audio encoder further configured to encode the input audio signal in accordance with the selected coding mode to generate an encoded audio bitstream, wherein the encoded audio bitstream comprises mode information identifying the selected coding mode; and
an audio decoder configured to receive the encoded audio bitstream;
the audio decoder further configured to obtain the mode information from the encoded audio bitstream; and
the audio decoder further configured to decode the encoded audio bitstream based on the obtained mode information to produce an output audio signal.",refine
US-9786618-B2,Semiconductor structure and manufacturing method thereof,"A semiconductor structure, comprising:
a semiconductor substrate;
a first active device layer disposed over the semiconductor substrate, the first active device layer comprising at least one first semiconductor device;
a second active device layer positioned over the first active device layer, the second active device layer comprising at least one second semiconductor device;
an insulating inter-layer dielectric (ILD) situated between the first active device layer and the second active device layer;
a first conductive via traversing the ILD, electrically coupling the at least one first semiconductor device with the at least one second semiconductor device.",refine
US-9871847-B2,Data-sharing system and method,"A data-sharing system, comprising:
one or more processing units;
memory operably coupled to the one or more processing units;
a data ingestion module executable by the one or more processing units and adapted to acquire data from multiple data providers;
a data repository operably coupled to the one or more processing units and arranged to store the ingested data;
an access management module executable by the one or more processing units and arranged to define and oversee access policies for the stored data, where said access policies delineate permissions for various data consumers;
an authentication module executable by the one or more processing units and adapted to verify requests from data consumers for access to the stored data;
a policy enforcement module executable by the one or more processing units and adapted to apply the established access policies to verified requests to ascertain access eligibility; and
a data distribution module executable by the one or more processing units and arranged to retrieve authorized data from the data repository and convey the retrieved data to the requesting data consumers via a network.",refine
US-9688469-B2,Modified cargo container for delivery of proppant to a frac site,"A modified cargo container for transport of proppant to a frac site, comprising:
a cargo container structure defining an interior volume;
at least one loading aperture located in an upper region of the cargo container structure, configured to receive proppant into the interior volume;
an internal hopper assembly situated within the interior volume, said hopper assembly forming a proppant storage chamber and configured to funnel proppant toward a lower region of the cargo container structure;
at least one discharge aperture located in a lower region of the cargo container structure, the discharge aperture being in fluid communication with the proppant storage chamber and adapted for dispensing proppant therefrom;
and a flow control mechanism associated with the at least one discharge aperture, the mechanism configured to selectively regulate the flow of proppant through said discharge aperture.",refine
US-9768975-B2,System and method of providing control information to device regarding product,"A system for supplying control data to a device concerning a product, comprising:
a control server configured to produce control data utilizing product data associated with the product;
a communication module operatively linked to the control server, the communication module configured to convey the generated control data; and
a target device including a receiver configured to obtain the conveyed control data, the target device further configured to apply the obtained control data to the product to modify an operational parameter or a characteristic of the product.",refine
US-9876502-B2,Clock integrated circuit,"CLAIM 1.
A clock integrated circuit comprising:
a reference clock generation circuit adapted to furnish a reference clock signal;
a frequency synthesis module electrically connected to the reference clock generation circuit, the frequency synthesis module arranged to produce at least one derived clock signal derived from the reference clock signal;
a control logic coupled to the frequency synthesis module, the control logic configured to define a frequency for the at least one derived clock signal;
at least one output driver coupled to the frequency synthesis module, the at least one output driver arranged to output the at least one derived clock signal as at least one output clock signal; and
wherein the reference clock generation circuit, the frequency synthesis module, the control logic, and the at least one output driver are integrated on a single semiconductor substrate.",refine
US-9814673-B2,Intraocular lens comprising pharmaceutical compositions and methods for fabricating thereof,"An intraocular lens comprising:
a lens body adapted for implantation within an eye; and
one or more pharmaceutical compositions integrated with the lens body;
wherein said one or more pharmaceutical compositions are present in an effective amount for subsequent release into the eye after implantation, thereby achieving a therapeutic effect.",refine
US-9649069-B2,Systems and methods for replacing signal artifacts in a glucose sensor data stream,"A system for replacing signal artifacts in a glucose sensor data stream, the system comprising:
a data receiver configured to acquire a glucose sensor data stream;
an artifact identification unit operatively coupled to the data receiver, and configured to detect one or more signal artifacts within the acquired glucose sensor data stream;
a data generation module operatively coupled to the artifact identification unit, and configured to generate replacement data corresponding to the one or more detected signal artifacts; and
a data stream modification unit operatively coupled to the data generation module, and configured to substitute the one or more detected signal artifacts in the acquired glucose sensor data stream with the generated replacement data, thereby producing an artifact-corrected glucose sensor data stream.",refine
US-9721252-B2,User authentication method and device for credentials back-up service to mobile devices,"A method for user authentication for a credentials backup service for mobile devices, comprising:
receiving an authentication request from a client device linked to a user;
acquiring user authentication data from the user through the client device;
verifying the acquired user authentication data against stored authentication information pertaining to the user;
establishing a successful authentication of the user based on said verification; and
in response to said successful authentication, permitting access to a credentials backup service, wherein the credentials backup service is configured to store and restore user credentials for one or more mobile devices linked to the user.",refine
US-9819876-B2,Image capturing apparatus,"An image capturing apparatus comprising:
an optical system adapted to capture light from a scene;
an image sensor electronically coupled to the optical system, which converts the captured light into electrical signals;
a processor in communication with the image sensor, configured to process the electrical signals and generate an image; and
a memory electrically connected to the processor, for storing the generated image.",refine
US-9841533-B2,Disdrometer having acoustic transducer and methods thereof,"A disdrometer comprising:
an acoustic transducer arranged to transmit an acoustic signal into a sensing volume and to detect an acoustic signal reflected from or attenuated by a hydrometeor within the sensing volume;
a signal processing unit electronically coupled to the acoustic transducer;
wherein the signal processing unit is adapted to analyze features of the detected acoustic signal to ascertain at least one parameter of the hydrometeor, the at least one parameter being chosen from size, velocity, and number density; and
an output interface arranged to furnish data indicating the at least one parameter.",refine
US-6261984-B1,Sputtering target and process for the preparation thereof,"1. A sputtering target utilized in a physical vapor deposition process, said target comprising a material selected from the group consisting of a metal, an alloy, and a ceramic compound; wherein the material exhibits a purity of at least 99.9 atomic percent; wherein the material possesses a relative density of at least 95% of its theoretical density; and wherein the sputtering target is appropriately shaped for installation within a sputtering apparatus.",refine
US-8083307-B2,Method of fabricating three-dimensional structure and method of manufacturing substrate with spacer,"A method comprising:
providing a substrate;
establishing at least one spacer on a surface of the substrate;
fabricating a three-dimensional structure on the substrate, wherein the at least one spacer establishes at least one dimension or a position for the fabrication of the three-dimensional structure.",refine
US-7345197-B1,Preparation of acetic acid,"A method for producing acetic acid, comprising:
  catalytically reacting methanol with carbon monoxide within a reaction zone in the presence of an appropriate transition metal catalyst at elevated temperature and pressure to generate acetic acid; and
  subsequently recovering the resulting acetic acid from the reaction zone.",refine
US-7759473-B2,"Nucleotide oligomer, nucleotide polymer, method for determining structure of functional substance and method for manufacturing functional substance","1. A nucleotide oligomer or a nucleotide polymer, said oligomer or polymer comprising a sequence configured for specific interaction with a functional substance;
wherein said specific interaction permits structural determination of said functional substance;
or wherein said specific interaction facilitates manufacturing of said functional substance.",refine
US-6421855-B2,Infant bed having a tiltable sleeping surface for treating and prevention of positional plagiocephaly,"An infant bed comprising:
a frame;
a sleeping surface adapted to support an infant;
wherein said sleeping surface is adjustably coupled to the frame;
and a tilting mechanism interconnecting the sleeping surface and the frame, said tilting mechanism being configured to selectively alter an angle of inclination of the sleeping surface with respect to a horizontal plane, thereby presenting an inclined sleeping posture for an infant to address and preclude positional plagiocephaly.",refine
US-9597625-B1,Method of manufactring an antibacterial filter comprising copper-based compound particles,"A method for producing an antibacterial filter, said method comprising:
providing a porous filter substrate;
providing copper-based compound particles;
introducing the copper-based compound particles within the porous filter substrate; and
securing the introduced copper-based compound particles onto the porous filter substrate, thereby forming the antibacterial filter.",refine
US-6540811-B2,"Method of producing alloy powders, alloy powders obtained by said method, and products applying said powders","I. An alloy powder produced by a process comprising:
    melting a target alloy material to form a molten alloy bath;
    atomizing the molten alloy bath by impinging a high-velocity fluid stream thereon, thereby fragmenting the molten alloy into a plurality of fine droplets;
    solidifying the fine droplets to form alloy particles;
    cooling the alloy particles within a controlled atmosphere; and
    collecting the cooled alloy particles.",refine
US-9573355-B2,Method and apparatus for contouring composite pre-preg articles,"1. A method for contouring composite pre-preg articles, the method comprising:
    supplying a composite pre-preg article with an uncured resin matrix;
    placing the composite pre-preg article in a shaping tool having a contoured surface;
    applying at least one of heat and pressure to the composite pre-preg article to prompt flow of the uncured resin matrix and cause conformance of the composite pre-preg article to the contoured surface of the shaping tool; and
    retaining the composite pre-preg article in conformance with the contoured surface to achieve a desired contour.",refine
US-7671169-B2,"Polycarbonate-polyester block copolymer compositions, methods, and articles","1. A polycarbonate-polyester block copolymer material, comprising a block copolymer, wherein said block copolymer includes a polycarbonate segment and a polyester segment.",refine
US-9605334-B2,Highly heat-resistant and high-strength Rh-based alloy and method for manufacturing the same,"1. An exceptionally heat-resistant and robust Rh-based alloy, comprising:
    at least 60 atomic percent of rhodium (Rh); and
    one or more alloying elements chosen from the group consisting of iridium (Ir), ruthenium (Ru), tungsten (W), molybdenum (Mo), rhenium (Re), tantalum (Ta), niobium (Nb), hafnium (Hf), zirconium (Zr), titanium (Ti), aluminum (Al), boron (B), and carbon (C), the cumulative amount of said one or more alloying elements being from 0.1 to 40 atomic percent.",refine
US-7314681-B2,Cylindrical alkaline cells with increased discharge performance,"A cylindrical alkaline cell comprising:
a cylindrical housing having a positive terminal and a negative terminal;
a cathode positioned within the housing, said cathode including an active manganese dioxide material and a conductive additive;
an anode positioned within the housing, said anode including an active zinc material;
an alkaline electrolyte saturating said cathode and said anode; and
a separator positioned between said cathode and said anode;
wherein the cathode further includes a high-surface-area conductive carbon material thoroughly blended with the active manganese dioxide material, said conductive carbon material present at a concentration of at least 10% by weight of the total cathode composition and possessing an average particle size (D50) below 5 micrometers, wherein said conductive carbon material establishes a pervasive, interconnected conductive network within the active manganese dioxide material, thereby reducing internal resistance.",refine
US-6962953-B2,Aqueous secondary dispersions,"An aqueous secondary dispersion comprising:
an aqueous continuous phase;
multiple discrete particles dispersed within said aqueous continuous phase, said particles composed of a material generated ex-situ relative to the aqueous continuous phase; and
a stabilizing agent present in said aqueous continuous phase to maintain said discrete particles in a stable dispersed state.",refine
US-6280741-B1,Equine treatment and method of administering such treatment,"A method for treating an equine subject;
comprising applying a therapeutic formulation to said equine subject;
wherein said therapeutic formulation includes at least one active compound providing a therapeutic advantage to said equine subject;
said application being carried out in a therapeutically effective amount;
and said application being carried out via a chosen route of administration for a period sufficient to realize said therapeutic advantage.",refine
US-8618178-B2,Method and substances for treating T-cell mediated autoimmune diseases,"A method of treating a T-cell mediated autoimmune disorder in a subject requiring the same, the method comprising:
administering to said subject a therapeutically effective quantity of a T-cell modulating compound;
wherein said T-cell modulating compound modulates T-cell activity to thereby ameliorate at least one symptom of the T-cell mediated autoimmune disorder.",refine
US-7159182-B2,Supplemental request header for applications or devices using web browsers,"A method for embedding supplemental information within a web request originating from an application or device utilizing a web browser, the method comprising:
generating, by an application or a device, a data request destined for a remote server;
wherein the application or device interacts with a web browser executing on a client device;
forming a supplemental header within the data request;
populating the supplemental header with client-specific information reflecting at least one of the application, the device, or an operational context thereof;
transmitting the data request, containing the supplemental header, to the remote server via the web browser; and
wherein the client-specific information within the supplemental header allows the remote server to differentiate the data request from a request solely originating from the web browser.",refine
US-8912038-B2,Method of forming emitters for a back-contact solar cell,"A method for fabricating emitters for a back-contact solar cell, the method comprising:
providing a semiconductor substrate comprising a front face and a rear face;
depositing a patterned masking layer on the rear face of the semiconductor substrate, wherein said patterned masking layer delineates a plurality of emitter regions on the rear face, which are arranged in an interdigitated configuration;
implanting a first dopant type into the semiconductor substrate via the plurality of emitter regions delineated by the patterned masking layer to create a plurality of doped emitter areas on the rear face of the semiconductor substrate; and
stripping the patterned masking layer from the rear face of the semiconductor substrate.",refine
US-8132252-B2,System and method for securely transmitting data using video validation,"A system for secure data transmission utilizing video validation, comprising:
a data source arranged to furnish data for transmission;
a video capture device arranged to acquire video information pertinent to a security prerequisite for the data transmission;
a processing unit electronically linked to the data source and the video capture device, said processing unit being configured to:
ingest the data from the data source;
obtain the video information from the video capture device;
evaluate the video information to confirm adherence to the security prerequisite;
produce a validation result based on said evaluation; and
govern transmission of the data in response to the validation result; and
a communication interface arranged to execute transmission of the data if the validation result allows such transmission.",refine
US-6837418-B2,Bondhead lead clamp apparatus and method,"An apparatus for clamping a lead proximate a bondhead, comprising:
a main body configured for attachment to a bondhead assembly;
a first clamping jaw extending from the main body and having a first clamping surface;
a second clamping jaw movably coupled to the main body, said second clamping jaw having a second clamping surface opposed to said first clamping surface;
an actuation mechanism operatively coupled to the second clamping jaw, configured to move the second clamping jaw between an open position, wherein the first and second clamping surfaces are spaced apart to allow insertion of a lead, and a closed position, wherein the first and second clamping surfaces engage to securely clamp a lead therebetween during a bonding operation;
and a lead guide channel defined by at least one of the first and second clamping jaws, adapted to guide the lead into the clamping region between said first and second clamping surfaces.",refine
US-9090700-B2,Tumor therapy with an antibody for vascular endothelial growth factor and an antibody for human epithelial growth factor receptor type 2,"A method for treating cancer in a subject, comprising the administration to the subject of a therapeutically effective amount of a first antibody and a second antibody; wherein the first antibody specifically targets vascular endothelial growth factor (VEGF); and wherein the second antibody specifically binds to human epidermal growth factor receptor type 2 (HER2).",refine
US-8834752-B2,Systems and methods for making layered dental appliances,"A system for producing layered dental appliances, comprising:
a data acquisition module configured to acquire three-dimensional patient-specific dental data;
a processing unit communicatively coupled to the data acquisition module, the processing unit configured to generate a three-dimensional model of a layered dental appliance derived from the patient-specific dental data, and to delineate a plurality of distinct layers within the three-dimensional model, each such layer characterized by a specific material property, composition, or geometry; and
a fabrication module communicatively coupled to the processing unit, the fabrication module adapted to construct the layered dental appliance through sequential deposition or formation of said plurality of distinct layers in accordance with the three-dimensional model, wherein each distinct layer comprises a predetermined material.",refine
US-6395495-B1,Methods and kits for detecting antibodies against an HIV variant,"1. A method for identifying antibodies against an HIV variant within a biological sample, comprising:
    providing a biological sample from a subject;
    bringing the biological sample into contact with an isolated polypeptide from an HIV variant, under conditions suitable for specific antigen-antibody binding;
    detecting the formation of an immune complex between said antibodies in the sample and said isolated polypeptide; and
    consequently indicating the presence of antibodies against the HIV variant within the biological sample.",refine
US-7495671-B2,Light system manager,"1. A lighting system manager, comprising:
a controller configured to execute control logic for managing a plurality of light fixtures;
an input interface operatively coupled to the controller, the input interface adapted to acquire operational data related to a lighting environment;
an output interface operatively coupled to the controller, the output interface adapted to transmit lighting control signals to the plurality of light fixtures; and
a memory operatively coupled to the controller, the memory arranged to retain the control logic and operational parameters;
wherein the controller is further configured to generate the lighting control signals based on the received operational data and the stored control logic to control an illumination state of the plurality of light fixtures.",refine
US-9494572-B2,Method and compositions for treating cancer and related methods,"A method for treating a malignancy in a subject, comprising:
administering to the subject a therapeutically effective amount of an antineoplastic composition, the antineoplastic composition comprising at least one active therapeutic agent effective to inhibit neoplastic cell proliferation or induce neoplastic cell apoptosis, and a pharmaceutically acceptable carrier;
consequently inhibiting tumor growth or diminishing tumor burden within the subject;
the subject being a mammal afflicted with the malignancy.",refine
US-9637556-B2,Methods of generating libraries and uses thereof,"A method of creating a library, comprising:
supplying a plurality of unique molecular building blocks;
assembling said unique molecular building blocks combinatorially to produce a plurality of varied molecular entities, wherein each of said varied molecular entities contains at least two covalently linked building blocks;
gathering said varied molecular entities into a pool to form the library; and
wherein said library is designed for subsequent screening for a desired property.",refine
US-9669606-B2,Elastomeric materials,1. An elastomeric composition comprising a polymeric matrix; wherein said polymeric matrix includes polymer chains linked to create a network structure; said elastomeric composition displaying an elastic recovery of at least 80% following 50% extension; possessing a tensile strength of at least 1 MPa; and an elongation at break of at least 100%.,refine
US-8039475-B2,Co-crystals and pharmaceutical compositions comprising the same,"A co-crystal comprising an active pharmaceutical agent and a pharmaceutically acceptable co-former, wherein said active pharmaceutical agent and said pharmaceutically acceptable co-former are incorporated within a crystalline lattice.",refine
US-8789738-B2,Surgical method for stapling tissue,"A method for surgically stapling tissue, comprising:
gaining access to a surgical site containing target tissue;
situating a stapling instrument adjacent to the target tissue; and
activating the stapling instrument to dispense multiple staples into the target tissue, thereby fastening the target tissue.",refine
US-8400024-B2,Wireless energy transfer across variable distances,"1. A system for wireless power transmission over varying distances, comprising:
a transmitter configured to radiate wireless energy;
a receiver configured to receive said wireless energy;
a distance sensing module configured to ascertain a spatial separation between said transmitter and said receiver; and
a control unit communicatively linked to at least one of said transmitter and said receiver, said control unit configured to adaptively modify at least one operational parameter of said wireless power transmission based on said ascertained spatial separation, thereby enhancing energy transfer efficiency over varying separation distances.",refine
US-9507150-B1,Head up display (HUD) using a bent waveguide assembly,"A head-up display including an image generating unit arranged to generate an image; and a bent waveguide assembly having an input coupler adapted to receive said image from the image generating unit, a light guiding member arranged to direct the incident image along a curved optical path within the assembly, and an output coupler adapted to present the guided image to an observer's field of view.",refine
US-8681764-B2,Frequency division multiple access schemes for wireless communication,"A wireless communication system operating with frequency division multiple access, comprising:
a plurality of input interfaces configured to receive individual data streams;
a plurality of modulators, each coupled to a respective input interface and configured to modulate its received data stream onto a unique carrier frequency;
a signal combiner coupled to the plurality of modulators and configured to combine the modulated signals into a composite signal;
a transmitter coupled to the signal combiner and configured to wirelessly transmit the composite signal;
a receiver configured to wirelessly acquire the composite signal;
a plurality of filters, each coupled to the receiver and configured to isolate a specific frequency band from the received composite signal, said band corresponding to one of the unique carrier frequencies;
a plurality of demodulators, each coupled to a respective filter and configured to demodulate a data stream from its isolated frequency band;
a plurality of output interfaces configured to output the demodulated data streams; and
a controller configured to assign the unique carrier frequencies to the plurality of modulators and to coordinate the isolation of corresponding frequency bands by the plurality of filters.",refine
US-9320591-B2,"Devices, systems, and methods for prosthesis delivery and implantation, including the use of a fastener tool","A system for prosthesis deployment and implantation, comprising:
a prosthesis adapted for implantation within a patient;
a delivery device arranged to transport the prosthesis to an implantation site within the patient;
a fastener tool adapted to deploy one or more fasteners for securing the prosthesis at the implantation site; and
one or more fasteners adapted to affix the prosthesis to tissue at the implantation site.",refine
US-9849117-B2,Aza-bicycloalkyl ethers and their use as alpha7-nachr agonists,"A compound containing a saturated aza-bicyclic ring system;
said ring system bearing at least one ether moiety of formula -O-R1;
wherein R1 is chosen from optionally substituted C1-C10 alkyl, C3-C8 cycloalkyl, C6-C10 aryl, and 5- to 10-membered heteroaryl;
wherein, additionally, the saturated aza-bicyclic ring system is optionally substituted with one or more additional substituents independently chosen from halogen, cyano, nitro, C1-C6 alkyl, C1-C6 alkoxy, C1-C6 haloalkyl, and C1-C6 haloalkoxy;
or a pharmaceutically acceptable salt thereof.",refine
US-7463609-B2,Interference cancellation within wireless transceivers,"A wireless transceiver, comprising:
a transmitter configured to produce and output a radio frequency (RF) transmit signal;
an antenna coupled to the transmitter and configured to radiate the RF transmit signal;
a receiver coupled to the antenna for receiving an RF composite signal therefrom, said RF composite signal comprising a desired external signal and a self-interference signal, wherein the self-interference signal originates from the RF transmit signal;
and an interference cancellation circuit coupled to the transmitter and the receiver, the interference cancellation circuit adapted to:
    acquire a characteristic of the RF transmit signal;
    generate an interference replica signal based on the acquired characteristic, the interference replica signal modeling the self-interference signal;
    and subtractively combine the interference replica signal with the RF composite signal to produce a cancelled RF signal, whereby the self-interference signal is substantially reduced in the cancelled RF signal.",refine
US-6984654-B2,Cancer treatments and pharmaceutical compositions therefor,"A pharmaceutical composition for the treatment of cancer, comprising a therapeutically effective amount of a novel anti-cancer agent; and a pharmaceutically acceptable carrier or excipient.",refine
US-8677057-B1,Initiating memory wear leveling,"A method for triggering memory wear leveling, the method comprising:
tracking write operations to a plurality of memory blocks within a non-volatile memory;
ascertaining a wear status for each of the plurality of memory blocks based at least in part on the tracked write operations;
detecting a wear imbalance among the plurality of memory blocks based at least in part on the ascertained wear statuses;
producing a wear leveling initiation signal in response to detecting the wear imbalance; and
initiating a wear leveling process within the non-volatile memory prompted by the wear leveling initiation signal, wherein the wear leveling process relocates data among the plurality of memory blocks to mitigate the wear imbalance.",refine
US-7754685-B2,Methods and pharmaceutical compositions for the treatment and prevention of hepatitis C infection,A method for ameliorating or preventing hepatitis C infection in an individual; involving administering to the individual a therapeutically effective amount of a pharmaceutical formulation containing an active agent; wherein said active agent effectively inhibits hepatitis C virus replication.,refine
US-7088440-B2,Method and apparatus for determining absolute position of a tip of an elongate object on a plane surface with invariant features,"A method for ascertaining the absolute position of the tip of an elongated object on a planar surface possessing invariant features, comprising:
providing a planar surface comprising a plurality of invariant features disposed at known absolute positions thereon;
acquiring sensor data indicative of at least a subset of the plurality of invariant features;
acquiring sensor data indicative of the tip of the elongated object;
ascertaining a relative position of the tip of the elongated object relative to the at least a subset of the plurality of invariant features based on the acquired sensor data; and
computing the absolute position of the tip of the elongated object on the planar surface by utilizing the ascertained relative position and the known absolute positions of the at least a subset of the plurality of invariant features.",refine
US-8853723-B2,Light emitting diode assembly and thermal control blanket and methods relating thereto,"A light emitting diode assembly, comprising:
a flexible substrate with opposing first and second surfaces;
a plurality of light emitting diodes disposed on the first surface of the flexible substrate, wherein the plurality of light emitting diodes are configured to emit light and produce thermal energy; and
a thermal control blanket conformably attached to the second surface of the flexible substrate, said thermal control blanket comprising at least one thermally conductive layer and at least one heat dissipation element, wherein the thermal control blanket is adapted to transfer the thermal energy originating from the plurality of light emitting diodes from the flexible substrate to the at least one heat dissipation element for dissipation into an ambient environment.",refine
US-8465161-B2,Interior rearview mirror assembly with button module,"An interior rearview mirror assembly, comprising:
a mirror housing;
a reflective element, adapted for reflecting light, disposed within the mirror housing; and
a button module, having at least one button, attached to the mirror housing.",refine
US-7513119-B2,Systems and methods for starting aircraft engines,"A system for starting an aircraft engine, the system including:
a starter mechanism configured to drive rotating components of the aircraft engine;
a fuel delivery system configured to deliver fuel into a combustion chamber of the aircraft engine;
an ignition system configured to produce an ignition spark within the combustion chamber;
a plurality of sensors configured to measure operating parameters of the aircraft engine, such parameters comprising at least engine rotational speed and engine temperature; and
an engine control unit linked to the starter mechanism, the fuel delivery system, the ignition system, and the plurality of sensors, the engine control unit configured to execute an engine start sequence comprising:
activating the starter mechanism to accelerate the rotating components of the aircraft engine;
instructing the fuel delivery system to supply fuel into the combustion chamber once attaining a first predetermined rotational speed;
activating the ignition system to produce the ignition spark upon or following fuel introduction into the combustion chamber;
observing operating parameters from said sensors to ascertain when the aircraft engine reaches a self-sustaining operational state; and
deactivating the starter mechanism and the ignition system following confirmation of the self-sustaining operational state.",refine
US-7006893-B2,Systems for dispensing medical products,"A system for the dispensing of medical products, comprising:
a product storage unit adapted to hold multiple medical products;
a product identification module arranged to identify a selected medical product from said stored medical products;
a dispensing mechanism functionally connected to the product storage unit, which retrieves and dispenses the selected medical product;
a dosage control unit adapted to govern the quantity of the selected medical product dispensed;
a user interface to receive input pertinent to a desired dispensing action; and
a control unit communicatively linked to the product identification module, the dispensing mechanism, the dosage control unit, and the user interface, and configured to manage the dispensing operation responsive to said received input.",refine
US-7308287-B2,Compensation techniques for group delay effects in transmit beamforming radio communication,"A method for mitigating group delay effects in transmit beamforming radio communication, comprising:
producing a plurality of beamforming signals for transmission through a plurality of transmit paths;
determining group delay characteristics for each of the plurality of transmit paths;
computing a compensation to address group delay disparities among the plurality of transmit paths, based on said determined group delay characteristics; and
implementing said compensation to at least one of the plurality of beamforming signals to thereby equalize the group delays across the plurality of transmit paths.",refine
US-7998344-B2,Methods and apparatuses for filtering water from oil and gas wells,"1. An apparatus for separating water from a fluid stream derived from an oil and gas well, the apparatus comprising:
    an inlet adapted to receive the fluid stream, which includes oil, gas, and water;
    a separation chamber in fluid communication with the inlet;
    a filtering element positioned within the separation chamber, the filtering element operative to separate an aqueous phase from a hydrocarbon phase of said fluid stream;
    a first outlet arranged to discharge the separated aqueous phase; and
    a second outlet arranged to discharge the filtered hydrocarbon phase.",refine
US-7964518-B1,Enhanced ballistic performance of polymer fibers,"A polymer fiber exhibiting enhanced ballistic performance;
the polymer fiber comprising a polymeric material whose molecular structure is characterized by a high degree of orientation and crystallinity;
wherein such high degree of orientation and crystallinity confers upon the polymer fiber a tensile strength of at least 2.0 GPa and a tensile modulus of at least 50 GPa;
thereby enabling the polymer fiber to dissipate kinetic energy from ballistic impact with greater efficacy than a conventional polymer fiber.",refine
US-6726298-B2,Low voltage differential signaling communication in inkjet printhead assembly,"An inkjet printhead assembly, comprising:
a printhead array having a plurality of nozzles configured for ink ejection;
driver circuitry operatively coupled to the printhead array, said driver circuitry configured to control ink ejection from the plurality of nozzles; and
a low voltage differential signaling (LVDS) communication interface interfaced with the driver circuitry, said LVDS communication interface configured to exchange data signals with an external device utilizing low voltage differential signaling; wherein the data signals include at least print data for governing the ejection of ink.",refine
US-7648796-B2,Battery pack and electronic equipment using the same,"An electronic device, comprising:
a main circuit adapted to perform an electronic function; and
a battery pack electrically connected to the main circuit and operative to supply electrical power thereto, the battery pack including a plurality of battery cells, an enclosure housing the plurality of battery cells, and a battery management system electrically coupled to the plurality of battery cells for managing charge and discharge operations thereof.",refine
US-6324338-B1,Video data recorder with integrated channel guides,"A video recording apparatus having embedded program guide capabilities, comprising:
a tuner configured to acquire broadcast video signals;
a recording module coupled to the tuner, configured to capture designated segments of the broadcast video signals;
a data storage medium coupled to the recording module, configured to archive the recorded video signals;
a reproduction module coupled to the data storage medium, configured to play back the archived video signals;
a video output interface configured to render video signals for display on an external viewing device;
an EPG data receiver configured to obtain electronic program guide (EPG) data;
an EPG data repository coupled to the EPG data receiver, configured to store the EPG data;
a program guide display generator coupled to the EPG data repository and the video output interface, configured to produce a graphical representation of the EPG data for presentation on the external viewing device; and
a control unit coupled to the tuner, the recording module, the reproduction module, the EPG data receiver, the EPG data repository, and the program guide display generator, wherein the control unit is configured to facilitate user selection of a program from the graphical representation of the EPG data, and to autonomously schedule and commence recording of the selected program through the recording module and the tuner, based on said user selection and the EPG data.",refine
US-7204062-B2,Straight face vinyl siding,"A vinyl siding panel comprising:
an elongated panel body formed from a polymeric material;
said panel body having a visible face surface, a top edge, and a bottom edge;
wherein the visible face surface is substantially planar vertically, presenting a generally flat aesthetic upon installation, and substantially lacking a downwardly angled lap profile or a rounded dutch lap profile typical of conventional siding designs;
the top edge forming a nailing hem extending upwardly and rearwardly from the visible face surface, said nailing hem with a plurality of apertures adapted for receiving fasteners to attach the panel to a substrate;
the bottom edge featuring an upwardly extending locking butt configured to interlock with a complementary locking feature of an adjacent, lower siding panel;
whereby engagement of the locking butt with the complementary locking feature places the visible face surface of the panel in substantially the same plane as the visible face surface of the adjacent lower siding panel, such that an overall flat appearance is maintained over multiple installed panels; and
wherein the nailing hem and the locking butt are configured to accommodate thermal expansion and contraction of the polymeric material while preserving the substantially planar aesthetic of the visible face surface.",refine
US-7996490-B2,System and method for changing a functionality of an image processing device based on a file corresponding to a network application,"A system for altering a functionality of an image processing device responsive to a file associated with a network application, comprising:
an image processing device configured to perform at least one image processing function;
a network interface operatively coupled to the image processing device, the network interface configured to receive a file associated with a network application;
a processor operatively coupled to the network interface and the image processing device, the processor configured to receive the file from the network interface, examine the file to determine a functional modification for the image processing device, and modify a functionality of the image processing device based on the determined functional modification; and
a memory operatively coupled to the processor, the memory storing instructions executable by the processor to perform the analysis and modification.",refine
US-8968215-B2,Guide wire,"1. A guide wire comprising:
   an elongate shaft with a proximal and a distal end;
   said elongate shaft being flexible to allow for navigation through a tortuous pathway;
   said elongate shaft comprising a core element extending along at least a portion of its length for providing pushability and torque transmission;
   a distal tip situated at the distal end of said elongate shaft, said distal tip configured for atraumatic advancement within a body lumen;
   wherein the guide wire is adapted to facilitate insertion and guidance of a medical device through a body lumen.",refine
US-9674088-B1,Receive packet steering for virtual networks,"A method for steering incoming packets in virtual networks, comprising:
receiving, by a host computing device having a plurality of virtual machines and a hypervisor, a network packet from a physical network interface;
identifying, from header information of the network packet, a virtual destination within a virtual network linked to at least one of the plurality of virtual machines;
determining a receive steering path for the network packet to the identified virtual destination, wherein the receive steering path provides a direct data route that bypasses at least one software-based packet processing component of the hypervisor; and
guiding the network packet according to the determined receive steering path to the identified virtual destination.",refine
US-9232172-B2,Two-stage light modulation for high dynamic range,"A light modulation apparatus comprising:
a first light modulator arranged to modulate light within an optical path based on a first control signal;
a second light modulator optically coupled to accept the light modulated by the first light modulator, and operative to further modulate the accepted light based on a second control signal; and
a controller communicatively linked to the first light modulator and the second light modulator, and arranged to generate the first control signal and the second control signal independently, whereby the collective modulation by the first and second light modulators yields a high dynamic range light output.",refine
US-8471171-B2,Cold air atmospheric pressure micro plasma jet application method and device,"A device for producing and directing a cold air atmospheric pressure micro plasma jet, comprising:
a cold air supply arranged to supply cold air;
a plasma generation chamber fluidically coupled to the cold air supply, wherein the chamber is adapted to sustain an atmospheric pressure environment;
at least one electrode disposed within or adjacent to the plasma generation chamber, said at least one electrode electrically connected to a power supply;
wherein the power supply is operative to energize the at least one electrode to produce plasma from the cold air within the atmospheric pressure environment of the plasma generation chamber; and
a nozzle adapted to channel the generated plasma as a micro plasma jet for application.",refine
US-7897210-B2,Device and method for organic vapor jet deposition,"1. An apparatus for organic vapor jet deposition, comprising:
   an organic material source adapted to generate an organic vapor;
   a jet nozzle fluidically coupled to the organic vapor source, the jet nozzle adapted to form a directed jet of the organic vapor;
   a deposition chamber including a substrate holder arranged to position a substrate for receipt of the organic vapor jet thereon; and
   a vacuum system coupled to the deposition chamber, adapted to maintain a reduced pressure within the deposition chamber.",refine
US-9026418-B2,Method for determining distinct alternative paths between two object sets in 2-D and 3-D heterogeneous data,"A method for identifying distinct alternative paths between two object sets within heterogeneous data, the method comprising:
accessing heterogeneous data comprising a plurality of objects and relationships therebetween, said heterogeneous data existing in at least one of a 2D or a 3D form;
identifying a first object set and a second object set within said accessed heterogeneous data;
generating a plurality of candidate paths, each candidate path linking an object from the first object set to an object from the second object set via one or more intermediate objects and their respective relationships within the heterogeneous data;
filtering the plurality of candidate paths to identify distinct alternative paths based on predefined criteria of distinctness and alternativeness;
and outputting the identified distinct alternative paths.",refine
US-6610388-B2,Ink-jet recording media comprising a radiation-cured coating layer and a continuous in-line process for making such media,"1. An ink-jet recording media, including a substrate; and a radiation-cured coating layer formed on at least one surface of the substrate, said radiation-cured coating layer being adapted to receive an ink-jet ink.",refine
US-7054949-B2,System and method for streaming media,"1. A system for streaming media, including:
    a media content repository configured to store various media files;
    a media processing unit operatively connected to the media content repository, said media processing unit adapted to encode or transcode one or more of said media files into multiple streamable data segments, wherein each streamable data segment is linked to a particular media quality level;
    a streaming delivery module operatively connected to the media processing unit, said streaming delivery module configured to receive a media request from a client device, select one or more of said streamable data segments corresponding to the requested media, and transmit said one or more streamable data segments to the client device over a communication network based on prevailing network conditions; and
    a client device in communication with the streaming delivery module via the communication network, said client device comprising:
        a network interface adapted to receive the transmitted streamable data segments;
        a buffer arranged to temporarily hold the received streamable data segments; and
        a media playback engine configured to decode and render the buffered streamable data segments for user presentation.",refine
US-7626081-B2,Cotton α-globulin promoter for seed-specific expression of transgenes,"An isolated polynucleotide comprising a polynucleotide sequence derived from cotton that functions as an alpha-globulin promoter, wherein said polynucleotide sequence is capable of directing seed-specific expression of a heterologous transgene in a plant cell or a plant.",refine
US-8483308-B2,Satellite communication system utilizing low density parity check codes,"A satellite communication system, comprising:
a ground segment including a first communication unit;
a space segment including a second communication unit housed within a satellite;
wherein the first communication unit transmits data to the second communication unit via an uplink, and the second communication unit transmits data to the first communication unit or another ground segment via a downlink;
at least one Low Density Parity Check (LDPC) encoder within the system, adapted to encode data utilizing an LDPC coding scheme to generate LDPC encoded data;
at least one LDPC decoder within the system, adapted to decode the LDPC encoded data utilizing the LDPC coding scheme to restore original data; and
wherein the LDPC encoded data is conveyed across at least one of the uplink or the downlink.",refine
US-8687598-B1,Method for managing handoff in a wireless communication system,"A method for managing handoff in a wireless communication system, the method comprising:
    observing, by a user equipment or a network entity, a signal characteristic pertaining to a wireless connection between the user equipment and a serving base station;
    selecting, based on the observed signal characteristic, one or more candidate target base stations for a prospective handoff of the user equipment;
    assessing, by a network entity or the user equipment, a necessity for a handoff of the user equipment from the serving base station to a chosen one of the one or more candidate target base stations;
    commencing a handoff procedure to transition the wireless connection of the user equipment from the serving base station to the chosen target base station; and
    finalizing the handoff procedure, thus establishing the wireless connection of the user equipment with the chosen target base station.",refine
US-8714246-B2,Downhole measurement of formation characteristics while drilling,"A method for in-situ measurement of formation properties during drilling, comprising:
  advancing a wellbore into a subterranean formation; and
  determining at least one property of said subterranean formation in situ, wherein said determination is performed contemporaneously with said drilling.",refine
US-6982414-B2,Method of mass spectrometry and a mass spectrometer,"1. A method of mass spectrometry, comprising:
    introducing a sample into an ionization zone;
    ionizing at least a segment of the sample to produce a plurality of ions;
    directing the plurality of ions to a mass analyzer;
    resolving the plurality of ions in the mass analyzer based on their mass-to-charge ratio; and
    detecting the resolved ions to acquire mass spectral data.",refine
US-6749941-B2,Insulating glass (IG) window unit including heat treatable coating with silicon-rich silicon nitride layer,"An insulating glass (IG) window assembly comprising:
a first glass pane;
a second glass pane;
a spacer situated between said first glass pane and said second glass pane, thereby defining a sealed insulating cavity between said spacer and said panes;
a heat treatable coating applied to a surface of at least one of said first glass pane and said second glass pane;
wherein said heat treatable coating is adapted to endure a heat treatment process without substantial degradation of its optical or thermal characteristics;
and wherein said heat treatable coating includes at least one layer of silicon-rich silicon nitride.",refine
US-9527756-B2,Process for removal of radioactive contamination from wastewater,"A method for extracting radioactive contaminants from wastewater, comprising:
supplying wastewater comprising radioactive contaminants;
contacting said wastewater with a purifying material, wherein the purifying material is efficacious in extracting radioactive contaminants from the wastewater via physical or chemical interaction; and
separating the purifying material, along with the extracted radioactive contaminants, from the treated wastewater.",refine
US-6426946-B1,Data communication equipment,"A data communication equipment, comprising:
a communication interface configured for transmitting data to and receiving data from an external communication medium;
a processor coupled to the communication interface;
and a memory coupled to the processor, the memory storing instructions executable by the processor to manage operation of the communication interface, to handle data received through the communication interface, and to format data for transmission via the communication interface.",refine
US-8417528-B2,Speech recognition system with huge vocabulary,"A speech recognition system, comprising:
an audio input module configured to acquire speech audio signals;
a feature extraction module coupled to the audio input module, configured to transform said speech audio signals into a sequence of acoustic features;
an acoustic model coupled to the feature extraction module, configured to produce acoustic likelihoods for sub-word units based on said sequence of acoustic features;
a vocabulary database containing a multitude of words surpassing a threshold size typical of conventional speech recognition systems, wherein said vocabulary database is structured for efficient access and retrieval of its individual words and their corresponding sub-word units;
a language model, coupled to said vocabulary database, configured to forecast sequences of words from said vocabulary database, wherein said language model employs a hierarchical or statistical compression scheme to efficiently manage said multitude of words;
a decoder, coupled to said acoustic model, said language model, and said vocabulary database, configured to derive a sequence of recognized words using said acoustic likelihoods and said language model, wherein said decoder employs a multi-pass search strategy with dynamic pruning to efficiently traverse a search space defined by said expansive vocabulary database; and
an output module coupled to said decoder, configured to furnish said sequence of recognized words.",refine
US-7975755-B2,Method and apparatus for continuously casting thin strip,"A method of continuously casting thin strip, comprising:
supplying a source of molten metal;
introducing said molten metal into a casting mold, wherein said casting mold comprises a pair of opposing surfaces spaced apart, thereby defining a casting gap corresponding to a predetermined thickness of said thin strip;
solidifying at least a portion of said molten metal within said casting mold to form said thin strip;
continuously withdrawing said thin strip from said casting mold;
and further cooling said thin strip subsequent to its withdrawal from said casting mold.",refine
US-6900742-B2,Light control module for aviation obstruction marking,"Claim 1. A system comprising:
A light control module for aviation obstruction marking, the module comprising:
a control circuit arranged to execute light operation logic;
an ambient light sensor coupled to said control circuit and configured to generate a light intensity signal indicative of ambient light conditions;
an output interface coupled to said control circuit and arranged to deliver power and control signals to at least one aviation obstruction light fixture;
a power supply arranged to furnish operating power to said control circuit and said output interface; and
an enclosure enclosing said control circuit, said ambient light sensor, said output interface, and said power supply;
wherein said control circuit is further configured to receive said light intensity signal and, responsive to said light intensity signal, generate said control signals for operating said at least one aviation obstruction light fixture in accordance with a predetermined aviation marking standard.",refine
US-9470080-B2,Method and system for recovering oil from an oil-bearing formation,"1. A method for extracting oil from a subterranean oil-bearing formation, said method comprising:
    injecting an extractive fluid into the subterranean oil-bearing formation via at least one injection well, wherein the extractive fluid is adapted to contact and mobilize crude oil within said formation;
    permitting said extractive fluid to engage the crude oil within said formation to promote the mobilization of said crude oil; and
    recovering the mobilized crude oil from said formation via at least one production well.",refine
US-6357312-B1,Gear wheel construction and gear system incorporating same,"A gear wheel, comprising:
a central hub portion adapted for securing the gear wheel to a rotating shaft;
an outer rim portion featuring a plurality of external gear teeth suited for meshing engagement with a complementary gear;
a plurality of spokes spanning radially between the central hub portion and the outer rim portion, said spokes establishing an internal structural geometry within the gear wheel;
wherein at least one of said central hub portion, outer rim portion, or spokes comprises a composite material construction, said composite material construction comprising a load-bearing fiber matrix embedded within a polymer or metal alloy body, engineered to provide a high strength-to-weight ratio;
consequently allowing for reduced mass and enhanced durability of the gear wheel during operation within a gear system.",refine
US-8089163-B2,Semiconductor device production method and semiconductor device,"A method for fabricating a semiconductor device, comprising:
furnishing a semiconductor substrate;
forming a first active region having a first semiconductor material upon the semiconductor substrate;
forming a second active region having a second semiconductor material upon the first active region;
wherein at least one of said forming steps employs a controlled deposition process configured to achieve a desired material property or a particular interface characteristic between the first active region and the second active region;
structuring at least one of the first active region or the second active region to define a functional component of the semiconductor device; and
forming electrical contacts electrically coupled to the functional component, thus fabricating the semiconductor device.",refine
US-7740039-B2,Cord cutting mechanism and method for a tire cord applicator head,"A cord severing mechanism for a tire cord applicator head, comprising:
a severing element adapted to cut a tire cord;
an actuator coupled to the severing element for moving the severing element along a cutting path;
a support structure configured to mount the severing element and the actuator to the tire cord applicator head;
a cord support surface positioned to receive the tire cord and cooperate with the severing element to facilitate tire cord severance; and
a control unit configured to selectively actuate the actuator to effect severing of the tire cord.",refine
US-8353798-B2,Gear transmission,"A gear transmission, comprising:
multiple gears;
at least one input shaft, wherein said input shaft is operatively connected to at least one of the multiple gears to impart rotational power thereto;
at least one output shaft, wherein said output shaft is operatively connected to at least one of the multiple gears to obtain rotational power therefrom; and
wherein the multiple gears are operatively engaged with one another to convey rotational power from the at least one input shaft to the at least one output shaft.",refine
US-7749852-B2,Methods of forming metal-insulator-metal (MIM) capacitors with passivation layers on dielectric layers,"A method for fabricating a metal-insulator-metal (MIM) capacitor, said method comprising:
providing a substrate;
forming a first metal layer on the substrate, the first metal layer serving as a bottom electrode of the MIM capacitor;
depositing an insulating dielectric layer over the first metal layer;
forming a second metal layer on the insulating dielectric layer, said second metal layer comprising a top electrode of the MIM capacitor;
depositing a covering dielectric layer over the second metal layer and any exposed portions of the insulating dielectric layer;
forming a passivation layer atop the covering dielectric layer.",refine
US-7916707-B2,Identity-based wireless device configuration,"A method to configure a wireless device, comprising:
acquiring an identity associated with the wireless device;
determining, based on the acquired identity, a set of configuration parameters for the wireless device; and
sending the determined set of configuration parameters to the wireless device via a wireless communication network.",refine
US-6351593-B1,Hermetically sealed connectors and feed-throughs for fiber optic cables and method for effecting hermetic seals for such cables,"A hermetically sealed apparatus for an optical fiber cable, said apparatus comprising:
a housing that defines an internal passage and includes at least one opening for receiving an optical fiber;
an optical fiber extending through said at least one opening into the internal passage, wherein a segment of the optical fiber within said at least one opening is a bare optical fiber portion; and
a hermetic sealing material positioned within said at least one opening, said hermetic sealing material forming a gas-tight bond between an outer surface of the bare optical fiber portion and an inner surface of said at least one opening of the housing, thereby establishing a hermetic seal for the optical fiber relative to the housing.",refine
US-7548226-B2,Liquid crystal display,"A liquid crystal display comprising:
a first substrate;
a second substrate arranged opposite the first substrate;
a liquid crystal layer situated between the first substrate and the second substrate;
a first electrode provided on an inner surface of the first substrate;
a second electrode provided on an inner surface of the second substrate;
said first and second electrodes configured to generate an electric field across the liquid crystal layer, thereby selectively modulating light transmitted through or reflected by the liquid crystal layer;
a first polarizer located on an outer surface of the first substrate;
a second polarizer located on an outer surface of the second substrate;
a first alignment layer situated between the first substrate and the liquid crystal layer, said first alignment layer adapted to align liquid crystal molecules within the liquid crystal layer; and
a second alignment layer situated between the second substrate and the liquid crystal layer, said second alignment layer adapted to align liquid crystal molecules within the liquid crystal layer;
wherein said selective modulation of light forms a display image.",refine
US-8809156-B1,Method for implementing deep trench enabled high current capable bipolar transistor for current switching and output driver applications,"A method for fabricating a high current capable bipolar transistor comprising:
furnishing a semiconductor substrate comprising a buried collector layer;
depositing an epitaxial layer atop the buried collector layer;
selectively etching at least one deep trench through the epitaxial layer to the buried collector layer, where the deep trench delineates a deep collector region within the epitaxial layer and establishes a low-resistance current path to the buried collector layer;
creating a base region within the epitaxial layer, situated laterally adjacent to the deep collector region delineated by the deep trench;
establishing an emitter region within the base region;
and subsequently creating electrical contacts to the emitter region, the base region, and the deep collector region.",refine
US-6454364-B1,Braking force control apparatus and method of motor vehicle,"An apparatus for controlling braking force of a motor vehicle, comprising:
a brake pedal sensor arranged to produce a brake demand signal responsive to driver input;
a plurality of wheel speed sensors arranged to provide wheel speed signals indicative of rotational speeds of individual wheels of the motor vehicle;
a brake actuator system arranged to apply a braking force to at least one wheel of the motor vehicle; and
a controller operably coupled to the brake pedal sensor, the plurality of wheel speed sensors, and the brake actuator system, the controller operative to receive the brake demand signal from the brake pedal sensor and the wheel speed signals from the plurality of wheel speed sensors, to ascertain a target braking force based at least in part on the brake demand signal, to compute an actual braking force applied to the at least one wheel based at least in part on the wheel speed signals, to compare the target braking force with the actual braking force, and to produce a control signal for the brake actuator system for adjusting, based on the comparison, the braking force applied to the at least one wheel, thereby controlling the braking force of the motor vehicle.",refine
US-7982599-B2,System for dynamically pushing information to a user utilizing global positioning system,"A system for dynamically delivering information to a user, comprising:
a user device adapted to receive and display information;
a global positioning system (GPS) receiver coupled to the user device, adapted to generate real-time geographical location data indicative of the user device's position;
a remote server configured to maintain a collection of information items;
a communication network configured to enable data exchange between the user device and the remote server;
wherein the remote server is further adapted to obtain the real-time geographical location data from the user device;
wherein the remote server is further adapted to dynamically select at least one information item from the collection of information items based on the obtained real-time geographical location data; and
wherein the remote server is further adapted to transmit the selected at least one information item to the user device via the communication network without an express request for the information item from the user device.",refine
US-8695266-B2,Reference beam generating apparatus,"A reference beam generating apparatus including:
a light source for emitting an initial light beam;
an optical conditioning element optically coupled to the light source, which conditions the initial light beam into a conditioned light beam; and
a beam splitting element optically coupled to the optical conditioning element, which divides the conditioned light beam into at least a reference beam and another light beam.",refine
US-8513194-B2,Compositions comprising semaphorins for the treatment of angiogenesis related diseases and methods of selection thereof,"1. A pharmaceutical composition comprising one or more semaphorins and a pharmaceutically acceptable carrier, adapted for treating an angiogenesis-related condition.",refine
US-9488120-B2,Apparatus and method for in situ fuel injector calibration in an internal combustion engine,"An apparatus for in-situ fuel injector calibration in an internal combustion engine, comprising:
an internal combustion engine;
at least one fuel injector configured to inject fuel into the internal combustion engine;
a plurality of sensors configured to generate signals indicative of engine operating parameters during operation of the engine; and
an engine control unit (ECU) communicatively coupled to the at least one fuel injector and the plurality of sensors, the ECU comprising processing circuitry configured to:
receive the sensor signals;
determine, based on the received sensor signals, at least one actual fuel delivery characteristic of the at least one fuel injector during engine operation;
calculate at least one calibration parameter for the at least one fuel injector based on the at least one determined actual fuel delivery characteristic and a desired fuel delivery characteristic; and
adjust a control signal provided to the at least one fuel injector based on the at least one calculated calibration parameter to modify fuel delivery from the at least one fuel injector during subsequent engine operation.",refine
US-9354179-B2,Optical detection system for liquid samples,"An optical detection system for liquid samples, comprising:
a light source configured to emit light;
a sample holder adapted to contain a liquid sample, the sample holder being positioned so that the emitted light interacts with the liquid sample;
a detector configured to receive light having interacted with the liquid sample; and
a processing unit coupled to the detector, said processing unit arranged to analyze a signal from the detector to ascertain at least one characteristic of the liquid sample.",refine
US-8204655-B2,Construction machine,"A construction machine, comprising:
a frame;
a propulsion system connected to the frame, adapted to move the construction machine over a surface;
a power source attached to the frame, arranged to supply operational energy;
a working implement affixed to the frame, adapted for performing a construction task;
an actuation system linked to the working implement, arranged to manipulate the working implement; and
a control system adapted to control the propulsion system and the actuation system.",refine
US-6250905-B1,Closing unit for injection moulding machine,"1. A closing unit for an injection moulding machine, the closing unit comprising:
   a fixed platen adapted to receive a first mould half;
   a movable platen adapted to receive a second mould half;
   at least two tie bars interconnecting the fixed platen and the movable platen, the tie bars guiding the movement of the movable platen;
   and a clamping mechanism mechanically coupled to at least one of the fixed platen and the movable platen, the clamping mechanism adapted to displace the movable platen between an open position and a closed position and to exert a clamping force on the first and second mould halves when in the closed position.",refine
US-8331605-B2,Voice coil and loudspeaker using the same,"A loudspeaker comprising:
a frame;
a magnet assembly affixed to the frame, the magnet assembly forming an annular magnetic gap;
a diaphragm possessing a central portion and an outer perimeter;
a suspension system positioned between the outer perimeter of the diaphragm and the frame; and
a voice coil assembly coupled to the central portion of the diaphragm, the voice coil assembly including a coil former having an electrically conductive winding wound thereon, wherein the voice coil assembly is situated within the annular magnetic gap.",refine
US-7720893-B2,Methods and apparatus for providing map locations in user applications using URL strings,"A method for presenting map locations within a user application, the method comprising:
obtaining, by a computing device executing said user application, a Uniform Resource Locator (URL) string;
identifying, by the computing device, geographic map location data corresponding to the obtained URL string;
creating, by the computing device, a map view derived from the identified geographic map location data, configured for presentation within the user application;
and presenting, by the computing device, the created map view within a graphical user interface of said user application, wherein the presented map view illustrates the geographic map location.",refine
US-9263362-B2,Method of forming a ring-shaped metal structure,"A method for producing a metallic ring structure, said method comprising:
supplying a metal workpiece;
establishing a central aperture within the metal workpiece; and
establishing an outer periphery of the metal workpiece, wherein said central aperture and said outer periphery collectively define an annular area that constitutes the metallic ring structure.",refine
US-7279018-B2,Fuel composition for a diesel engine,"A fuel blend for a diesel engine, comprising:
a base diesel fuel;
a cetane improver, in an amount sufficient to elevate the cetane number of the base diesel fuel;
a cold flow improver, at a level effective to enhance the low-temperature operability of the base diesel fuel; and
a detergent additive, in an amount effective to mitigate or prevent deposit formation within the diesel engine.",refine
US-7701523-B2,Electro-optical device,"An electro-optical device comprising:
an electrical interface arranged to transmit or receive an electrical signal;
an optical interface arranged to transmit or receive an optical signal;
an electro-optical conversion element coupled between the electrical interface and the optical interface, said element operable to convert an electrical signal into an optical signal, convert an optical signal into an electrical signal, or modulate an optical signal based on an electrical signal;
a power unit electrically connected to the electro-optical conversion element; and
an enclosure containing the electrical interface, the optical interface, and the electro-optical conversion element.",refine
US-6455267-B1,Methods and kits useful for determining the status of and detecting pancreatic B-cell associated autoimmune diseases,"1. A method for assessing the status of or diagnosing a pancreatic B-cell associated autoimmune disease in a subject, comprising:
    providing a biological sample from the subject;
    measuring in the biological sample the presence or level of at least one biomarker suggestive of pancreatic B-cell autoimmunity;
    comparing the measured presence or level of the at least one biomarker to an established reference value; and
    ascertaining, from the comparison, the status of a pancreatic B-cell associated autoimmune disease in the subject.",refine
US-6306703-B1,Memory array having a digit line buried in an isolation region and method for forming same,"A memory array, comprising:
    a semiconductor substrate;
    multiple memory cells disposed over the semiconductor substrate;
    an isolation region located within the semiconductor substrate; and
    a digit line electrically connected to at least one of the multiple memory cells, said digit line being embedded within the isolation region;",refine
US-8522625-B2,Flow measuring apparatus including a deflectable membrane applied to a constriction,"A flow measuring apparatus, comprising:
a conduit defining a fluid passage;
a constriction element positioned within the fluid passage, said constriction element creating a restricted cross-sectional area through which fluid moves;
a deflectable membrane operatively connected to the constriction element such that the deflectable membrane is subjected to a pressure differential generated across the constriction element by fluid movement;
and a sensing element arranged to detect deflection of the deflectable membrane and to produce a signal representative of a flow rate through the fluid passage based on the detected deflection.",refine
US-8580234-B2,Method for removing solid product formed on surfaces of teeth,"A method for detaching solid product from dental surfaces, comprising:
    bringing said solid product residing on the dental surfaces into contact with a removal tool; and
    achieving dislodgement of said solid product from the dental surfaces.",refine
US-8820811-B1,Standard interface rack,"A standard interface rack, comprising:
a frame structure providing a plurality of standardized mounting bays;
a power distribution system integrated into the frame structure, said power distribution system comprising a plurality of standardized power connectors positioned within each of said plurality of standardized mounting bays, said standardized power connectors configured to provide electrical power to electronic modules adapted for insertion into the mounting bays;
a data communication system integrated into the frame structure, said data communication system comprising a plurality of standardized data connectors positioned within each of said plurality of standardized mounting bays, said standardized data connectors configured to facilitate data communication among electronic modules adapted for insertion into the mounting bays and with external systems; and
each of said plurality of standardized mounting bays configured to mechanically and electrically accommodate distinct electronic modules compliant with a predefined interoperability standard, thereby facilitating interchangeability and interoperability among the distinct electronic modules.",refine
US-6837693-B2,Fluid-pumping system employing piston-driven pump and employing at least one pulsation dampener,"A fluid-pumping system, comprising:
a piston-driven pump having an inlet for receiving fluid and an outlet for expelling said fluid; and
at least one pulsation dampener fluidically connected to said outlet of the piston-driven pump, said pulsation dampener configured to mitigate pressure pulsations in the fluid discharged from said piston-driven pump;
whereby the system provides fluid flow with diminished pressure pulsations.",refine
US-8224765-B2,Method for computing the relative likelihood of failures,"A method for determining the relative likelihood of failures, comprising:
determining a plurality of potential failure events pertaining to a system or process;
acquiring data reflecting failure conditions or characteristics for each of the plurality of potential failure events;
calculating, for each determined potential failure event, a distinct likelihood score based on said acquired data;
evaluating the distinct likelihood scores among the plurality of potential failure events to ascertain a relative likelihood for each determined potential failure event; and
producing an output representative of the ascertained relative likelihoods.",refine
US-8062638-B1,Prevention and treatment of diseases associated with blood coagulation,"1. A method for addressing or managing a condition linked to blood coagulation in a subject in need thereof, comprising administering to said subject a therapeutically or prophylactically effective amount of an active compound, wherein said active compound regulates blood coagulation; and wherein said active compound is delivered within a pharmaceutically acceptable carrier.",refine
US-7651717-B2,Beverage,"A beverage, comprising:
a drinkable liquid base; and
at least one ingestible agent adapted to impart taste or aroma to said liquid base.",refine
US-9318006-B2,Systems and methods for haptic confirmation of commands,"1. A system for haptic confirmation of commands, the system comprising:
    an input interface adapted to obtain a user command;
    a processor communicatively coupled to the input interface, said processor operative to:
        process the received user command; and
        identify a haptic feedback profile associated with the user command;
    a haptic feedback generator communicatively coupled to the processor, the haptic feedback generator operative to produce a haptic sensation based on the identified haptic feedback profile;
    wherein the generated haptic sensation conveys a haptic confirmation of the user command to the user.",refine
US-6200983-B1,Dosage forms containing apomorphine for ameliorating male erectile dysfunction,A dosage form comprising a therapeutically effective amount of apomorphine or a pharmaceutically acceptable salt thereof; and at least one pharmaceutically acceptable excipient; for the amelioration of male erectile dysfunction.,refine
US-9486261-B2,Nail-plate combination,"1. A nail-plate combination comprising: a nail including a shank, a pointed tip at a distal end of said shank, and a head at a proximal end of said shank; and a plate having a planar body and at least one aperture provided therein, said plate being situated at said proximal end of said shank such that a portion of said shank extends through said aperture, and said plate is secured by said head of said nail, preventing movement along said shank.",refine
US-7898030-B2,High-voltage NMOS-transistor and associated production method,"A high-voltage NMOS transistor, comprising:
a semiconductor substrate having a first conductivity type;
a gate electrode disposed over the semiconductor substrate;
a gate dielectric layer situated between the gate electrode and the semiconductor substrate, said gate dielectric layer possessing a thickness configured to withstand breakdown voltages exceeding a predetermined low-voltage threshold;
a source region of a second conductivity type established within the semiconductor substrate, laterally adjacent to a first side of the gate electrode;
a drain region of the second conductivity type established within the semiconductor substrate, laterally separated from a second side of the gate electrode; and
an extended drain drift region of the second conductivity type, less heavily doped than the drain region, situated within the semiconductor substrate between a channel region beneath the gate electrode and the drain region, said extended drain drift region adapted to sustain high drain-to-source voltages.",refine
US-9552981-B2,Method and apparatus for forming metal oxide film,"A method for depositing a metal oxide film, comprising:
  providing a substrate within a reaction chamber;
  introducing a metal-containing precursor into the reaction chamber;
  introducing an oxygen-containing precursor into the reaction chamber;
  maintaining the substrate at a temperature suitable for film formation; and
  reacting the metal-containing precursor with the oxygen-containing precursor on a surface of the substrate to deposit the metal oxide film.",refine
US-8036397-B2,Method for estimating the position of a sound source for online calibration of auditory cue to location transformations,"A method for localizing a sound source to enable online calibration of auditory cue to location transformations, comprising:
obtaining a plurality of sound signals emanating from a sound source, where each signal is received by a distinct sensor at a separate location;
deriving at least one auditory cue from the received sound signals, the at least one auditory cue indicative of a spatial property of the sound source;
determining an initial position of the sound source utilizing the at least one auditory cue and a current set of auditory cue to location transformations;
calculating a difference between the determined initial position and a reference position of the sound source, where the reference position is independently established or known; and
modifying the current set of auditory cue to location transformations in response to the calculated difference, thereby achieving online calibration of the auditory cue to location transformations.",refine
US-7114155-B2,Programmable controller,"A programmable controller, including:
a processor adapted to execute program instructions and process data;
a memory coupled to the processor, said memory storing the program instructions and data;
an input interface coupled to the processor, said input interface configured to receive input signals from one or more external devices;
an output interface coupled to the processor, said output interface configured to generate output control signals for one or more external devices; and
wherein the processor is configured to execute said stored program instructions based on the received input signals and the stored data, to generate output control signals for controlling the operation of the one or more external devices.",refine
US-6958960-B2,Information reproducing method and apparatus,"An information recovery method, comprising:
receiving a data stream that includes encoded data;
evaluating the received data stream to ascertain one or more encoding attributes of the encoded data;
choosing a decoding scheme from a set of available decoding schemes according to the ascertained encoding attribute;
decoding the encoded data via the chosen decoding scheme to produce decoded information; and
presenting the decoded information in a perceptible form.",refine
US-9870165-B2,Back-up and restoration of data between volatile and flash memory,"A computing system comprising:
a volatile memory configured to store dynamic data;
a non-volatile flash memory configured to store persistent data;
a control unit communicatively coupled to the volatile memory and the non-volatile flash memory;
wherein the control unit is configured to:
detect a trigger event signaling a forthcoming alteration in power state or an operating condition impacting data retention within the volatile memory;
in response to detecting the trigger event, initiate a back-up operation to autonomously transfer the dynamic data from the volatile memory to the non-volatile flash memory for enduring preservation;
subsequently detect a recovery event signaling a resumption of an operational state; and
in response to detecting the recovery event, initiate a restoration operation to autonomously transfer the persistent data from the non-volatile flash memory back to the volatile memory;
thereby enabling uninterrupted safeguarding and retrieval of the dynamic data during the power state alteration or operating condition.",refine
US-9126351-B2,Slab production and processing,"A method for producing and processing a material slab, including the steps of:
forming a raw material into an elongated slab;
continuously conveying the elongated slab from a forming station to a processing station;
performing at least one processing operation on the elongated slab at the processing station, wherein said at least one processing operation comprises at least one of cutting, shaping, or surface treating the elongated slab; and
collecting discrete slab portions subsequent to said performing at least one processing operation;",refine
US-9627719-B2,Charging method of battery and battery charging system,"A method of charging a battery, the method comprising:
providing a charging current and/or voltage to the battery;
monitoring one or more operating parameters of the battery, said one or more operating parameters comprising at least one of battery voltage, battery current, battery temperature, or battery state of charge;
adaptively modifying one or more charging parameters of the provided charging current and/or voltage in response to the monitored operating parameter;
wherein said adaptive modification is performed to optimize one or more of charging speed, battery longevity, or battery safety.",refine
US-8183063-B2,Organic light emitting device and method of fabricating the same,"1. An organic light emitting device, comprising:
   a substrate;
   an anode positioned above the substrate;
   a cathode disposed over the anode; and
   an organic layer stack interposed between the anode and the cathode, said organic layer stack comprising at least one hole transport layer, an organic light emitting layer, and at least one electron transport layer;
   wherein the organic light emitting device is adapted to emit light responsive to an electrical current between the anode and the cathode.",refine
US-6338985-B1,Making chip size semiconductor packages,"1. A method for fabricating chip-scale semiconductor packages, the method comprising:
    providing a plurality of semiconductor dice;
    providing a substrate panel comprising a plurality of package sites;
    securing each of the plurality of semiconductor dice to a corresponding package site on the substrate panel in a flip-chip configuration;
    dispensing an underfill material between each of the plurality of semiconductor dice and the substrate panel;
    curing the underfill material;
    forming an encapsulant over the plurality of semiconductor dice and portions of the substrate panel, wherein the encapsulant is configured to extend only minimally beyond lateral edges of the corresponding semiconductor dice;
    forming a plurality of external electrical contacts on a bottom surface of the substrate panel, each plurality of external electrical contacts being electrically coupled to a respective semiconductor die, and being configured to be substantially co-extensive with a footprint of that respective semiconductor die; and
    singulating the substrate panel into a plurality of individual chip-scale semiconductor packages.",refine
US-8786830-B2,Immersion lithographic apparatus including a pressure sensor to measure pressure of the immersion liquid and a device manufacturing method,"An immersion lithographic apparatus, comprising:
a projection system arranged to cast a patterned radiation beam onto a substrate;
a substrate stage adapted to retain the substrate;
an immersion liquid supply system arranged to furnish an immersion fluid to a region between the projection system and the substrate;
and a pressure sensor adapted to sense the pressure of the immersion fluid within the region between the projection system and the substrate.",refine
US-8638171-B2,Radiofrequency amplifier,"A radiofrequency amplifier, comprising:
a radiofrequency input port configured to accept an incoming radiofrequency signal;
a radiofrequency output port configured to deliver an amplified radiofrequency output signal;
an active amplifying component operatively connected between the radiofrequency input port and the radiofrequency output port, wherein the active amplifying component amplifies the input radiofrequency signal;
a biasing circuit configured to supply operating power to the active amplifying component;
an input impedance matching network interposed between the radiofrequency input port and an input of the active amplifying component, the input impedance matching network structured to align the impedance of the radiofrequency input port with an input impedance of the active amplifying component; and
an output impedance matching network connected between an output of the active amplifying component and the radiofrequency output port, the output impedance matching network arranged to align an output impedance of the active amplifying component with the impedance of the radiofrequency output port.",refine
US-9728256-B2,Methods and apparatuses having a voltage generator with an adjustable voltage drop for representing a voltage drop of a memory cell and/or a current mirror circuit and replica circuit,"An apparatus, comprising:
a voltage generator;
wherein said voltage generator is configured to provide a variable voltage drop;
said variable voltage drop representing the voltage drop of at least one of a memory cell, a current mirror circuit, and a replica circuit.",refine
US-6581384-B1,Cooling and heating apparatus and process utilizing waste heat and method of control,"1. An apparatus for delivering cooling and heating employing waste heat, comprising:
    a waste heat source;
    a thermal energy extraction unit arranged to transfer thermal energy from said waste heat source to a working fluid;
    a cooling subsystem operatively coupled to said thermal energy extraction unit and adapted to provide a cooling effect;
    a heating subsystem operatively coupled to said thermal energy extraction unit and adapted to provide a heating effect; and
    a control system arranged to control the functioning of said thermal energy extraction unit, said cooling subsystem, and said heating subsystem for selectively furnishing said cooling effect, said heating effect, or both, in response to sensed operational parameters and a defined demand.",refine
US-7482207-B2,Electronic devices,"An electronic device comprising:
a processing unit arranged to perform instructions;
a memory unit communicatively coupled to the processing unit and arranged to store instructions and data;
multiple sensors arranged to sense environmental conditions and/or user interaction pertaining to the electronic device;
a power management unit communicatively coupled to the processing unit and arranged to manage power supply to diverse components of the electronic device;
wherein the processing unit is additionally arranged to:
obtain historical usage data of the electronic device and sensor data from said multiple sensors;
process the obtained historical usage data and sensor data to formulate a forecast for future usage profiles or power requirements of the electronic device;
create a power management command in view of the forecast; and
send the power management command to the power management unit, wherein said power management unit is additionally arranged to modify one or more operational parameters of the electronic device upon receipt of said power management command to enhance power efficiency.",refine
US-6492614-B2,System and process for magnetic fixturing of optical components on bench for solder attach,"A system for magnetically securing optical components upon a bench for solder attachment, the system comprising:
a bench platform;
a reconfigurable optical component fixture arranged on the bench platform;
at least one magnetic element integrated within or coupled to the reconfigurable optical component fixture; and
at least one optical component having a magnetically responsive feature adapted to interact with the at least one magnetic element;
wherein the at least one magnetic element is configured to steadfastly retain the at least one optical component in a defined orientation and position relative to the bench platform for a solder attachment process; and
further wherein the reconfigurable optical component fixture is arranged to permit unobstructed access to a solderable interface of the at least one optical component during the solder attachment process.",refine
US-7531401-B2,Method for improved fabrication of a semiconductor using a stress proximity technique process,"A method for enhanced fabrication of a semiconductor device, the method comprising:
providing a semiconductor substrate comprising a region intended for device formation;
creating at least one stress-inducing structure adjacent to the region of the semiconductor substrate;
producing a localized stress field within the region of the semiconductor substrate by means of the at least one stress-inducing structure; and
altering at least one material property, electrical property, or structural characteristic of the semiconductor substrate within said region by said localized stress field to enhance device performance or reliability.",refine
US-7952138-B2,Memory circuit with field effect transistor and method for manufacturing a memory circuit with field effect transistor,"A memory circuit comprising:
a field effect transistor (FET) serving as a memory cell, said FET comprising a gate, a source, and a drain;
wherein said FET is adapted to store a data state through a threshold voltage shift determined by a stored charge;
a word line electrically connected to the gate of said FET;
a bit line electrically connected to either the source or the drain of said FET; and
control circuitry adapted to apply voltages to the word line and the bit line for programming, reading, or erasing the data state held within said FET.",refine
US-9316698-B2,Electrical device power management,"An electrical device, comprising:
a power source arranged to furnish electrical power;
at least one electrical component adapted to consume said electrical power; and
a power management unit coupled to said power source and said at least one electrical component, said unit being configured to observe at least one operating condition of the electrical device and, responsive to said observed operating condition, dynamically regulate the power supplied from the power source to said at least one electrical component to optimize at least one operational parameter of the electrical device.",refine
US-8948329-B2,Apparatus and methods for timing recovery in a wireless transceiver,"An apparatus for timing recovery in a wireless transceiver, comprising:
a receiver adapted to acquire an incident wireless signal;
a sampler arranged to sample the incident wireless signal, thereby generating sampled data at a sampling rate governed by a sampling clock;
a timing error detector coupled to said sampler, said timing error detector operative to generate a timing error signal derived from the sampled data, said timing error signal reflecting a timing disparity between the sampling clock and a symbol timing of the incident wireless signal;
a loop filter coupled to said timing error detector, said loop filter adapted to filter the timing error signal, thereby producing a filtered timing error signal; and
a clock recovery unit coupled to said loop filter, said clock recovery unit arranged to modify the sampling clock in response to the filtered timing error signal, thereby aligning the sampling clock with the symbol timing of the incident wireless signal.",refine
US-6650533-B2,Pluggable drive carrier assembly,"A pluggable drive carrier assembly comprising:
a carrier housing adapted to house and secure a data storage drive therein;
an electrical connector situated on a rear section of the carrier housing, the electrical connector arranged to electrically connect with a complementary connector on a backplane upon insertion of the carrier housing into a drive bay;
a retention mechanism attached to the carrier housing, the retention mechanism adapted to selectively retain the carrier housing within the drive bay and enable tool-free extraction of the carrier housing therefrom; and
at least one guide feature located on an external surface of the carrier housing, the at least one guide feature arranged to interface with a complementary guide feature within the drive bay to aid alignment during insertion and withdrawal of the carrier housing.",refine
US-8491210-B2,"Oral care system, kit and method","An oral care kit comprising:
a first component containing an oral care composition;
a second component including an applicator device, the applicator device being adapted for use within an oral cavity; and
directions for employing the applicator device to apply the oral care composition to a surface of the oral cavity.",refine
US-6856406-B2,Ultra small spot generator,"An apparatus for creating an ultra-small spot, comprising:
a source adapted to produce an energy beam;
a focusing assembly functionally connected to said source and adapted to receive said energy beam, said focusing assembly incorporating at least one high numerical aperture element and structured to converge said energy beam onto a target plane;
wherein said focusing assembly is additionally arranged to create a spot at said target plane possessing a characteristic dimension significantly less than a diffraction limit of said energy beam; and
a control system functionally connected to at least one of said source and said focusing assembly, configured to manage the emission and focusing of said energy beam.",refine
US-7926180-B2,Method for manufacturing gas and liquid storage tanks,"A method for producing a storage tank for gas and liquid, comprising:
shaping a main body portion of the tank from a sheet material;
shaping at least one end closure for the tank from a sheet material;
connecting the at least one end closure to the main body portion along a seam to form a closed vessel;
sealing the seam to ensure a leak-tight state of the closed vessel; and
pressurizing the closed vessel to a designated test pressure to confirm its structural integrity and leak-tightness.",refine
US-7610503-B2,Methods for generating a delayed clock signal,"A method for generating a delayed clock signal, comprising:
obtaining an input clock signal;
transmitting the input clock signal through one or more delay elements, the one or more delay elements being configured to impart a predetermined delay amount to the input clock signal; and
providing the processed input clock signal as the delayed clock signal, the delayed clock signal exhibiting a phase delay relative to a phase of the input clock signal by the predetermined delay amount.",refine
US-8387945-B2,Method and system for a magnetic actuator,"1. A magnetic actuator system, comprising a magnetic field generator arranged to generate a magnetic field; a movable armature magnetically responsive to said magnetic field, the magnetic field inducing its movement; a control circuit electrically linked to the magnetic field generator, the control circuit adapted to vary at least one characteristic of the magnetic field; and an output interface mechanically connected to the movable armature, said output interface adapted to convey mechanical energy produced by the armature's movement to an external load.",refine
US-9772022-B2,"Mechanical system, injection pump and valve actuator comprising such a mechanical system and manufacturing method","1. A mechanical system, comprising:
    a first member adapted to receive an input motion or force;
    a second member adapted to generate an output motion or force responsive to said input motion or force; and
    an intermediate mechanism operatively connecting the first member and the second member, wherein said intermediate mechanism is arranged to convert the input motion or force into the output motion or force in accordance with a predetermined kinematic relationship or force transmission characteristic.",refine
US-9728603-B2,Bipolar junction transistors with double-tapered emitter fingers,"A bipolar junction transistor, comprising:
    a semiconductor substrate;
    a collector region of a first conductivity type established within the semiconductor substrate;
    a base region of a second conductivity type established within the collector region; and
    an emitter region of the first conductivity type established within the base region,
        wherein the emitter region includes a plurality of emitter fingers projecting into the base region,
        wherein each of the plurality of emitter fingers has a profile exhibiting a taper along its longitudinal dimension and a taper along a transverse dimension.",refine
US-6670251-B2,Method of fabricating semiconductor device,"1. A method of manufacturing a semiconductor device, comprising:
obtaining a substrate;
forming over the substrate at least one semiconductor layer;
forming at least one device structure within or upon the at least one semiconductor layer; and
subsequently forming at least one interconnect structure electrically coupled to the at least one device structure.",refine
US-7507584-B2,Method for the diagnosis of chronic stress and related disorders,"A method for detecting chronic stress or a related disorder in an individual, comprising:
acquiring a biological sample from the individual;
measuring a level of at least one biomarker associated with chronic stress or a related disorder in the biological sample;
comparing said measured level of the at least one biomarker to a predetermined reference level; and
identifying the individual as having chronic stress or a related disorder based on a deviation of said measured level from said reference level.",refine
US-9498431-B2,Controlled releasing composition,"A controlled-release composition comprising:
an active agent; and
a release-modulating matrix associated with said active agent, said release-modulating matrix configured to regulate the release rate of said active agent over a specified duration.",refine
US-9580679-B2,Methods and devices for sample lysis,"A method for lysing a sample, comprising:
placing a sample within a lysis zone;
subjecting the sample within the lysis zone to a lysis stimulus, wherein said lysis stimulus comprises at least one of mechanical energy, thermal energy, electrical energy, or a chemical agent; and
disrupting constituents of the sample utilizing the lysis stimulus, thereby forming a lysed sample.",refine
US-9449822-B2,Method of forming semiconductor structures with contact holes,"1. A method for fabricating semiconductor structures having contact holes, comprising:
    providing a semiconductor substrate;
    depositing a dielectric layer over the semiconductor substrate;
    creating a patterned mask layer over the dielectric layer, wherein the patterned mask layer delineates at least one opening at a desired contact hole location;
    etching through the dielectric layer via the at least one opening in the patterned mask layer, thereby forming at least one contact hole, the at least one contact hole extending through the dielectric layer to expose an underlying portion of the semiconductor substrate or an underlying conductive film;
    populating the at least one contact hole with a conductive material.",refine
US-6426541-B2,Schottky diode having increased forward current with improved reverse bias characteristics and method of fabrication,"A Schottky diode comprising:
a semiconductor substrate of a first conductivity type having a first surface and an opposing second surface;
an ohmic contact situated on the first surface of the semiconductor substrate;
a Schottky metal layer situated on the second surface of the semiconductor substrate, which forms a rectifying contact with the semiconductor substrate;
a localized high-doping region of the first conductivity type integrated into the semiconductor substrate directly beneath and contacting a central portion of the Schottky metal layer, this localized high-doping region being configured to diminish an effective Schottky barrier height, thereby enhancing forward current of the Schottky diode;
and a field termination structure integrated into the semiconductor substrate positioned peripheral to the localized high-doping region and encircling the rectifying contact, this field termination structure being configured to alleviate electric field crowding at an edge of the rectifying contact, thereby enhancing reverse bias characteristics of the Schottky diode.",refine
US-7304347-B2,Method for fabricating a power semiconductor device having a voltage sustaining layer with a terraced trench facilitating formation of floating islands,"A method for producing a power semiconductor device, comprising:
providing a semiconductor substrate;
forming a voltage sustaining layer on the semiconductor substrate;
creating a terraced trench within the voltage sustaining layer, the terraced trench exhibiting a plurality of laterally offset steps along at least one sidewall thereof, said steps delineating a varying depth profile into the voltage sustaining layer;
introducing a dielectric material into the terraced trench to form a trench isolation region; and
forming a plurality of floating islands in the voltage sustaining layer, wherein the plurality of floating islands are physically isolated from each other by the trench isolation region.",refine
US-8429534-B2,"Graphical user interface, display control device, display method, and program","A display control device comprising:
a display unit configured to present a graphical user interface (GUI);
an input unit configured to receive user input data;
a processor coupled to the display unit and the input unit;
a memory coupled to the processor and storing program instructions;
wherein the processor, in response to executing the program instructions, is configured to:
generate graphical elements comprising the GUI for display on the display unit;
determine a device state or an environmental parameter; and
dynamically modify at least one visual attribute or interactive functionality of one or more of the graphical elements based on the determined device state or the environmental parameter.",refine
US-9741583-B2,"Substrate treatment method, computer readable storage medium and substrate treatment system","A method for treating a substrate, comprising:
obtaining a substrate designated for treatment;
ascertaining one or more treatment parameters for the obtained substrate;
producing a set of machine-executable control instructions utilizing the one or more ascertained treatment parameters; and
actuating a substrate treatment apparatus to effect a treatment upon the substrate in accordance with the produced set of machine-executable control instructions.",refine
US-8564283-B2,"Rotation-angle-detecting apparatus, rotating machine and rotation-angle-detecting method","A rotation-angle-detecting apparatus, comprising:
    a rotatable member adapted to rotate about an axis;
    a stationary member disposed relative to the rotatable member;
    a sensing arrangement operative to generate a signal reflecting a relative angular position between the rotatable member and the stationary member;
    a processing unit electronically coupled with the sensing arrangement, the processing unit adapted to ascertain the rotational angle of the rotatable member from the generated signal; and
    an output interface adapted to furnish said determined rotation angle.",refine
US-7576768-B2,Imaging apparatus,"1. An imaging apparatus, comprising:
a light source configured to project light towards a subject;
an optical system configured to receive light reflected or transmitted from the subject and subsequently form an image;
an image sensor configured to capture the image formed by the optical system and generate corresponding image data; and
a processor configured to receive the image data from the image sensor and produce an output image.",refine
US-6781404-B2,Semiconductor integrated circuit and manufacturing method thereof,"A semiconductor integrated circuit, comprising:
a semiconductor substrate;
a plurality of active devices disposed on the semiconductor substrate; and
a multilevel interconnect structure positioned over the semiconductor substrate and electrically connected to the plurality of active devices; said multilevel interconnect structure comprising:
    a plurality of conductive layers; and
    a plurality of interlevel dielectric layers;
wherein at least one of said interlevel dielectric layers incorporates a porous low-k dielectric material adapted to reduce parasitic capacitance between adjacent conductive layers thereof.",refine
US-9651095-B2,Coupling,"A coupling comprising:
a first coupling member having a recessed receiving portion with an internal engagement surface;
a second coupling member having an insertable male portion with an external engagement surface, said male portion being structured to cooperatively engage said recessed receiving portion;
a plurality of radially translatable locking elements arranged circumferentially within said first coupling member, each of said locking elements resiliently urged by a spring mechanism towards an extended position;
an annular groove formed on said external engagement surface of said male portion, dimensioned to receive said extended locking elements, thereby securing said first coupling member to said second coupling member; and
an actuation collar slidably mounted on said first coupling member, said actuation collar adapted to selectively retract said locking elements from said annular groove, allowing disengagement of said male portion from said recessed receiving portion.",refine
US-9469041-B2,Methods and equipment for cutting food products,"A method for cutting food products, including:
    delivering a food product to a cutting station;
    orienting the food product relative to at least one cutting element;
    activating said at least one cutting element to engage and sever the food product along a predefined cutting path;
    isolating the severed portions of the food product from any remaining unsevered parts; and
    removing the severed portions from the cutting station.",refine
US-9242322-B2,Jig for aligning door hinge of automatic system for mounting door hinge to vehicle,"A jig for positioning a door hinge for mounting to a vehicle via an automated mounting system, said jig comprising:
a main body;
a hinge reception portion formed with the main body, said hinge reception portion configured to securely receive and hold the door hinge in a specific orientation;
at least one vehicle interface element projecting from the main body, said at least one vehicle interface element configured to accurately engage a datum surface of the vehicle body to achieve a fixed alignment of the jig relative to the vehicle; and
an automated system interface portion formed with the main body, said automated system interface portion configured to mechanically connect with an end effector of the automated system for manipulating and controlling the jig;
wherein, when the door hinge is received in the hinge reception portion and the at least one vehicle interface element engages the datum surface of the vehicle body, the door hinge is maintained in a precise mounting position relative to the vehicle for subsequent attachment by the automated system.",refine
US-6315355-B1,Method and apparatus for triggering a sliding and hinged sun roof,"An apparatus for controlling a sliding and hinged sun roof, comprising:
a user input device configured to receive a user command for a sun roof panel, said user command specifying a desired movement chosen from a sliding action and a hinging action;
a control unit electronically coupled to the user input device, said control unit configured to interpret the received user command;
a sun roof assembly comprising a sun roof panel, a sliding rail system for facilitating the sliding movement of the sun roof panel relative to a roof opening, and a hinge mechanism for facilitating the hinging movement of the sun roof panel relative to said roof opening;
at least one actuator mechanically connected to the sun roof assembly and electrically coupled to the control unit;
wherein the control unit is further configured to actuate the at least one actuator to effectuate the desired movement of the sun roof panel, such that the sun roof panel either executes the sliding movement along the sliding rail system or engages in the hinging movement through the hinge mechanism, in accordance with the interpreted user command.",refine
US-7188561-B1,Adjustable firearm trigger mechanism and method of adjustment,"A firearm trigger mechanism, comprising:
a housing adapted for mounting within a firearm frame;
a trigger pivotally disposed within the housing, said trigger comprising an engagement surface;
a sear pivotally disposed within the housing, said sear arranged to engage a hammer or striker of the firearm, the sear being mechanically linked to the engagement surface of the trigger;
a trigger pull weight adjustment mechanism, comprising an adjustment screw threadably engaged with the housing and arranged to apply adjustable pressure on a spring biasing at least one of the trigger and the sear;
a trigger travel adjustment mechanism, comprising at least one adjustment screw threadably engaged with the housing and adapted to restrict a range of pivotal motion of the trigger;
wherein rotation of the adjustment screw of the trigger pull weight adjustment mechanism alters the force needed to disengage the sear from the hammer or striker; and
wherein rotation of the at least one adjustment screw of the trigger travel adjustment mechanism modifies the travel distance of the trigger.",refine
US-6761841-B2,Method for extruding tire rubber material,"A method for extruding a tire rubber compound, comprising:
supplying a pre-mixed, unvulcanized tire rubber compound at a predetermined temperature;
feeding the pre-mixed, unvulcanized tire rubber compound into an extruder equipped with at least one screw for plasticizing and pressurizing the compound;
expelling the plasticized and pressurized tire rubber compound through a shaping die to form an extruded profile having a predefined cross-sectional shape suitable for a tire component;
cooling the extruded profile while retaining its predefined cross-sectional shape; and
retrieving the cooled extruded profile.",refine
US-8036226-B1,Dynamic flow-based multi-path load balancing with quality of service assurances,"A method for dynamic flow-based multi-path load balancing with quality of service guarantees, comprising:
  receiving network traffic including a plurality of data flows;
  determining a plurality of available network paths for transmitting the network traffic;
  assigning a quality of service (QoS) requirement to each of the plurality of data flows;
  dynamically observing performance characteristics for each of the plurality of available network paths, wherein said performance characteristics comprise at least current load and available bandwidth;
  dynamically selecting a target network path for each data flow from the plurality of available network paths by assessing the associated QoS requirement of the respective data flow against the dynamically observed performance characteristics of the plurality of available network paths, whereby the selection provides the associated QoS guarantee for the respective data flow while balancing network traffic load across the plurality of available network paths;
  forwarding each data flow along its respective target network path.",refine
US-6538482-B2,"Voltage detection circuit, power-on/off reset circuit, and semiconductor device","A semiconductor device comprising:
    a voltage detection circuit arranged to monitor a supply voltage and to provide a voltage detection signal when the supply voltage crosses a predetermined threshold; and
    a power-on/off reset circuit coupled to the voltage detection circuit, said power-on/off reset circuit operative to generate a reset signal for the semiconductor device in response to the voltage detection signal.",refine
US-9686766-B2,Location positioning using M2M ecosystem,"A system for determining location using a machine-to-machine (M2M) ecosystem, comprising:
a target M2M device coupled to an asset whose geographical position is to be ascertained;
a plurality of anchor M2M devices deployed within a defined area, each such anchor M2M device having a known or determinable geographical position;
an M2M communication network communicatively linked to the target M2M device and the plurality of anchor M2M devices, said network enabling the exchange of location-related data between the target M2M device and the plurality of anchor M2M devices; and
a location determination unit communicatively coupled to the M2M communication network, said unit configured to acquire the location-related data from the target M2M device and the plurality of anchor M2M devices, and subsequently compute a current geographical location of the asset based on the acquired location-related data.",refine
US-7875992-B2,System and method for generating electricity,"A system for generating electricity, comprising:
an energy collection unit configured to obtain primary energy from an energy source;
an electrical conversion unit coupled to the energy collection unit, which is configured to transform the acquired primary energy into electrical power; and
an electrical output unit linked to the electrical conversion unit, said output unit configured to supply the electrical power.",refine
US-7826241-B2,Semiconductor memory device that can relieve defective address,"A semiconductor memory device, comprising:
a main memory array including multiple memory cells organized in rows and columns;
a redundant memory array including multiple redundant memory cells;
a defect address storage circuit adapted to store one or more addresses indicating a faulty memory location within the main memory array;
an address input circuit operative to receive an input address to access a memory location; and
an address control circuit interconnected with the address input circuit, the defect address storage circuit, the main memory array, and the redundant memory array, configured to compare the input address with the one or more stored defective addresses and, if a match occurs, select a memory location within the redundant memory array for access, bypassing the faulty memory location within the main memory array, and if no match occurs, select a memory location within the main memory array for access.",refine
US-7705607-B2,Diagnostic methods for electrical cables utilizing axial tomography,"A method for evaluating electrical cables, comprising:
exposing an electrical cable to a penetrating energy beam;
obtaining projection data by detecting the penetrating energy beam subsequent to its passage through the electrical cable, said obtaining being conducted from multiple angular positions about a longitudinal axis of the electrical cable;
creating a tomographic reconstruction of a cross-sectional image of the electrical cable utilizing the obtained projection data;
examining the tomographic reconstruction to determine a structural characteristic, degradation, or imperfection within the electrical cable; and
producing a diagnostic assessment of the electrical cable utilizing the determined structural characteristic, degradation, or imperfection.",refine
US-9353033-B2,Airborne rigid kite with on-board power plant for ship propulsion,"A system for ship propulsion, the system comprising:
an airborne rigid kite body configured to produce aerodynamic lift and drag forces upon exposure to an airflow;
an on-board power plant coupled to the rigid kite body, said power plant adapted to generate power for operating at least one component of the airborne rigid kite body;
at least one active thrust generating mechanism coupled to the rigid kite body and driven by the on-board power plant, said active thrust generating mechanism configured to augment propulsive forces generated by the rigid kite body;
a tether having a first end coupled to the rigid kite body and a second end adapted to be coupled to a ship, said tether configured to transmit propulsive forces from the rigid kite body to the ship; and
a control system configured to regulate flight parameters of the rigid kite body to optimize propulsive forces transmitted via the tether.",refine
US-8056046-B2,Integrated system-of-systems modeling environment and related methods,"A computer-implemented method for an integrated system-of-systems modeling environment, the method comprising:
    providing a graphical user interface configured to enable user definition and configuration of a plurality of heterogeneous constituent systems, wherein each constituent system is independently operable and possesses distinct functionalities;
    receiving, via the graphical user interface, system definitions for each of the plurality of heterogeneous constituent systems;
    receiving, via the graphical user interface, interaction definitions detailing interdependencies, communication protocols, and interface specifications among the plurality of heterogeneous constituent systems;
    constructing a plurality of individual system models based on the received system definitions, wherein each individual system model represents the behavior of a respective constituent system;
    integrating the plurality of individual system models and the received interaction definitions into a unified system-of-systems (SoS) model, wherein the unified SoS model is configured to represent a combined operational behavior and emergent properties resulting from the interactions of the plurality of heterogeneous constituent systems;
    executing the unified SoS model to simulate a dynamic behavior of the SoS under at least one specified scenario;
    analyzing simulation outputs from the executed unified SoS model to identify performance characteristics or emergent properties of the SoS that are not readily apparent from individual constituent system models; and
    presenting, via the graphical user interface, simulation results and analysis outputs pertaining to the dynamic behavior, performance characteristics, or emergent properties of the SoS.",refine
US-8435591-B2,Milk fat substitute and production method therefor,"A composition serving as a milk fat substitute, comprising a non-dairy lipid constituent; an aqueous phase; at least one emulsifier; and a hydrocolloid; wherein the composition possesses a rheological profile and mouthfeel substantially similar to natural milk fat at customary food consumption temperatures, and wherein the composition is suitable for application in food products as a milk fat replacement.",refine
US-7969417-B2,Multiple cursor system and method for vehicle,"A system for a vehicle, comprising:
a display device located within the vehicle;
a plurality of input devices, each input device adapted to acquire user input from a distinct user within the vehicle;
a processor operatively coupled to the display device and the plurality of input devices; and
a memory operatively coupled to the processor and storing program instructions which, when executed by the processor, cause the processor to perform operations comprising:
render a graphical user interface on the display device;
present a plurality of cursors within the graphical user interface, wherein each cursor is associated with a corresponding one of the plurality of input devices;
obtain input from each of the plurality of input devices;
manage a position and/or state of each respective cursor on the display device based on the input received from its associated input device; and
enable interaction with at least one vehicle function or at least one graphical element of the graphical user interface via at least one of the plurality of cursors.",refine
US-8782130-B2,Method and system for client-side scaling of web server farm architectures in a cloud data center,"A method for client-side scaling of web server farms within a cloud data center, said method comprising:
acquiring, by a client device, server characteristic data from a plurality of web servers forming a web server farm operating within a cloud data center, wherein the server characteristic data reflects an operational status or resource capacity of each such web server;
the client device determining a request distribution strategy for the plurality of web servers utilizing the acquired server characteristic data;
the client device transmitting one or more web requests to at least one of the web servers in accordance with the determined request distribution strategy; and
periodically re-obtaining said server characteristic data and re-evaluating the request distribution strategy to dynamically adapt web request routing in response to changes in the operational status or resource capacity of the plurality of web servers.",refine
US-9601161-B2,"Metallically sealed, wrapped hard disk drives and related methods","An apparatus, comprising:
a hard disk drive unit adapted for data storage and retrieval;
a metallic enclosure hermetically sealing said hard disk drive unit from an external environment, said metallic enclosure additionally providing electromagnetic shielding for said hard disk drive unit; and
an outer wrapping layer circumferentially surrounding said metallic enclosure, said outer wrapping layer providing additional physical protection for said hard disk drive unit.",refine
US-6338072-B1,Device and process for dynamically controlling the allocation of resources in a data processing system,"A system for dynamically managing resource allocation within a data processing environment, said system comprising:
a resource monitoring module configured to collect real-time usage metrics for a plurality of computing resources within the data processing system and to gather demand data from a plurality of applications operating within the data processing system;
a resource analysis module operatively coupled to the resource monitoring module, said resource analysis module configured to process the collected usage metrics and demand data for identifying resource contention or underutilization, and, based on this analysis, to ascertain an adjusted allocation scheme for the plurality of computing resources; and
a resource allocation module interfaced with the resource analysis module, said resource allocation module configured to implement the adjusted allocation scheme to govern the distribution of the plurality of computing resources among the plurality of applications;
wherein the resource monitoring module, the resource analysis module, and the resource allocation module are arranged to function in a continuous feedback loop for adaptively modifying resource assignments based on evolving usage and demand conditions.",refine
US-6638448-B2,Electrically conductive thermoplastic elastomer and product made thereof,"An electrically conductive article, comprising:
an electrically conductive thermoplastic elastomer composition;
wherein said composition comprises:
from about 50 wt% to about 99 wt% of at least one thermoplastic elastomer;
from about 1 wt% to about 50 wt% of at least one electrically conductive filler; and
optionally, one or more additional additives chosen from the group consisting of plasticizers, stabilizers, processing aids, flame retardants, colorants, or combinations thereof;
wherein said composition exhibits an electrical volume resistivity below about 10^9 ohm-cm; and
wherein said article is fabricated from said composition.",refine
US-6625247-B1,"Cask and production method of cask, and embedded form","A cask, comprising:
    a cask body forming an internal cavity adapted to contain a liquid; and
    an embedded form, possessing a predefined structural arrangement, fixedly incorporated within a wall structure of the cask body.",refine
US-7431575-B2,Auto valve priming pump,"A pump system comprising:
a main pump having a suction inlet and a discharge outlet, adapted to transfer a liquid;
a priming circuit fluidly coupled to said main pump, said priming circuit comprising a priming pump and a priming valve, said priming pump arranged to extract air from at least one of said suction inlet and a housing of said main pump;
a sensor adapted to ascertain a priming status of said main pump, said priming status including at least one of fluid presence at said suction inlet and a vacuum magnitude within said main pump housing; and
a controller operatively linked to said sensor, said priming pump, and said priming valve, said controller arranged to automatically energize said priming pump and regulate said priming valve responsive to said detected priming status, wherein said regulation of said priming valve aids in evacuating air from said main pump to facilitate priming thereof.",refine
US-7582056-B2,Endoscope system,"A system comprising:
an elongate insertion tube with a distal end and a proximal end, the elongate insertion tube adapted for placement within a body lumen;
an illumination device situated at the distal end of the elongate insertion tube, the illumination device adapted to project light for illuminating an area outside the distal end;
an image acquisition device positioned at the distal end of the elongate insertion tube, the image acquisition device configured to acquire images of the illuminated area;
a processing unit electronically linked to the image acquisition device, the processing unit configured to obtain and process the acquired images; and
a display unit electronically connected to the processing unit, the display unit configured to display the processed images to a user.",refine
US-6749598-B1,Apparatus and methods for treating congestive heart disease,"An apparatus for managing congestive heart disease, comprising:
a physiological sensor adapted to sense one or more physiological parameters indicative of congestive heart disease in a patient;
a controller communicatively coupled to the physiological sensor, said controller operative to analyze the one or more physiological parameters and, based on such analysis, determine a therapeutic intervention;
a therapy delivery unit operationally linked to the controller, said therapy delivery unit adapted to provide the determined therapeutic intervention to the patient.",refine
US-8401565-B2,Delayed emergency position determination and transmission,"A method for delayed emergency location determination and transmission, the method comprising:
identifying an emergency condition;
ascertaining a geographic position linked to the emergency condition;
deferring transmission of the ascertained geographic position and any related emergency information for a specified duration or until a predefined criterion is satisfied;
reporting the ascertained geographic position and any related emergency information to a designated recipient upon expiration of the specified duration or fulfillment of the predefined criterion.",refine
US-6343191-B1,Camera having both silver-salt picture-taking function and electronic-image pickup function,"A camera comprising:
a camera housing;
an optical system affixed to the camera housing for focusing incident light to form an image;
a film receiving and transport mechanism situated within the camera housing for receiving silver-salt film and for selectively positioning said silver-salt film within an image plane of the optical system;
an electronic image sensor situated within the camera housing configured to convert incident light into electrical signals, wherein said electronic image sensor is selectively positionable within an image plane of the optical system;
a shutter mechanism to selectively regulate exposure of either said silver-salt film or said electronic image sensor to light transmitted through the optical system;
a control unit arranged to selectively actuate said film receiving and transport mechanism and said shutter mechanism for silver-salt image acquisition or to selectively actuate said electronic image sensor and said shutter mechanism for electronic image acquisition; and
an electronic memory operatively connected to said electronic image sensor for retaining image data produced by said electronic image sensor.",refine
US-9842566-B2,Shift register and display device using the same,"1. A shift register, comprising:
    a series of cascaded stages, each stage having an input terminal and an output terminal;
    a data input terminal adapted to receive a primary data signal;
    at least one clock input terminal for receiving at least one clock signal;
    wherein each stage is configured to acquire a data input signal from an output terminal of a prior stage or the data input terminal;
    wherein each stage further comprises:
        a data storage element for storing a data quantity;
        and a control logic circuit connected to the data storage element, its input terminal, and the at least one clock input terminal, the control logic circuit arranged to:
            ingest the data input signal into the data storage element upon detection of a first phase of the at least one clock signal; and
            relay the stored data quantity from the data storage element to the output terminal of the stage upon detection of a second phase of the at least one clock signal;
    thereby sequentially propagating data quantities from the data input terminal through the series of cascaded stages, to produce a sequence of synchronized output signals at the respective stage output terminals.",refine
US-6168249-B1,Computer mainframe housing for computer,"1. A computer mainframe housing for a computer system, comprising:
    an enclosure body establishing an internal volume;
    a plurality of internal mounting structures positioned within the internal volume, these mounting structures configured to secure diverse computer components;
    a power supply bay integrated within the enclosure body, said power supply bay configured to accept a power supply unit;
    at least one ventilation aperture formed by the enclosure body, said ventilation aperture configured to promote airflow for cooling computer components;
    a plurality of external port apertures formed by the enclosure body, said external port apertures arranged to grant access to input/output connectors of computer components; and
    at least one removable access panel coupled to the enclosure body, this removable access panel configured to permit user access to the internal volume.",refine
US-8073651-B2,Time acquisition apparatus and radio wave clock,"A time acquisition apparatus, comprising:
a radio frequency receiver adapted to receive a radio time signal;
a time information extractor operatively coupled to the radio frequency receiver, adapted to extract time information from the incoming radio time signal;
a timekeeping unit operatively coupled to the time information extractor, adapted to synchronize its internal clock using the extracted time information; and
an output interface operatively coupled to the timekeeping unit, adapted to output said synchronized time.",refine
US-6662517-B1,Retrofit hurricane-earthquake clip,"A retrofit clip for securely joining a first structural member to a second structural member, configured to resist lateral and uplift forces, comprising:
    a unitary body comprising a high-strength material;
    a first attachment portion projecting from the unitary body, arranged for mechanical coupling to the first structural member;
    a second attachment portion projecting from the unitary body, arranged for mechanical coupling to the second structural member, wherein the first attachment portion and the second attachment portion are disposed at a predetermined angle relative to each other;
    a plurality of fastener apertures formed through at least the first attachment portion and the second attachment portion, the apertures adapted to receive fasteners for securing the clip to the first and second structural members; and
    wherein the unitary body is designed for external mounting onto an existing structural connection between the first and second structural members, without necessitating disassembly or significant modification of the existing structural members.",refine
US-6411681-B1,Traffic track measurements for analysis of network troubles,"A system for analyzing network issues based on traffic path measurements, said system comprising:
one or more traffic measurement units configured to collect network traffic data from a network, said network traffic data including information identifying the path of said traffic through said network;
a data storage device coupled to said one or more traffic measurement units and configured to retain said collected network traffic data;
a processing unit coupled to said data storage device and configured to process said stored network traffic data to detect network problems, said network problems comprising deviations from expected network behavior, network performance degradation, or network failures;
and an output unit coupled to said processing unit and configured to output an indication of said detected network problems.",refine
US-8911162-B2,Clamp assembly for scope and camera phone mount for a weapon,"1. A clamp assembly comprising:
    a main body;
    a scope clamping mechanism affixed to said main body, said scope clamping mechanism comprising at least two clamping jaws and a tightening member, said scope clamping mechanism configured to removably attach said clamp assembly to an optical scope; and
    a camera phone mounting bracket connected to said main body, said camera phone mounting bracket configured to securely retain a smartphone, wherein said camera phone mounting bracket is positioned in relation to said scope clamping mechanism such that a camera of a smartphone retained by said camera phone mounting bracket is able to view through an eyepiece of an optical scope to which said scope clamping mechanism is secured.",refine
US-6205435-B1,Self-contained payment system with circulating digital vouchers,"A self-contained payment system configured to enable transactions employing digital vouchers, the system comprising:
at least one processing unit;
at least one memory unit operatively connected to the at least one processing unit, the at least one memory unit storing computer-executable instructions which, when executed by the at least one processing unit, effectuate operations comprising:
  administering a plurality of digital vouchers, where each digital voucher is uniquely identifiable and embodies a unit of intrinsic value within the system;
  upholding a ledger of user accounts, where each user account is linked to a specific user and records a current balance of digital vouchers for that user;
  releasing a quantity of the digital vouchers into circulation by crediting a designated user account with said quantity of digital vouchers;
  enabling transfer of a specified quantity of digital vouchers from a sending user account to a receiving user account within the system in response to a payment transaction request, said enabling comprising debiting the specified quantity from the sending user account and crediting the specified quantity to the receiving user account, thus adjusting their respective balances; and
  handling a redemption request for a quantity of digital vouchers from a user account, said handling involving debiting the requested quantity from the user account and retiring the debited quantity of digital vouchers from circulation within the system.",refine
US-9369755-B2,Antenna sub-system for receiving multiple digital broadcast television signals,"An antenna system for receiving multiple digital broadcast television signals, comprising:
a set of antenna elements arranged to acquire said multiple digital broadcast television signals;
a signal conditioning circuit electrically connected to said set of antenna elements, said signal conditioning circuit being configured to process and combine the broadcast television signals acquired by said set of antenna elements into a composite signal; and
an output interface configured to deliver the composite signal to an external device.",refine
US-9826278-B2,Electronic device and method for providing broadcast program,"1. An electronic device for presenting broadcast programs, the device comprising:
a tuner configured to acquire a broadcast signal;
a processor coupled to the tuner;
a memory coupled to the processor, for storing processor-executable instructions;
an input interface coupled to the processor, configured to acquire user input; and
an output interface coupled to the processor, configured to present program content;
wherein the processor is configured to extract program content and corresponding program guide information from the broadcast signal; generate an interactive program guide display utilizing the corresponding program guide information; cause the output interface to render the interactive program guide display for a user; receive, through the input interface, a user selection of a broadcast program from the interactive program guide display; in response to said user selection, direct the tuner to tune to a broadcast channel associated with the chosen broadcast program; and cause the output interface to render the program content of the chosen broadcast program to the user.",refine
US-9642115-B2,Method for implementing trunk service based on long term evolution and trunk user terminal,"A method for providing trunk service utilizing Long Term Evolution (LTE) and a trunk user terminal (TUT), the method comprising:
establishing, by the TUT, connectivity with an LTE network;
transmitting, by the TUT, a request to join a trunk group to a trunk service platform via the LTE network;
receiving, at the TUT, an indication confirming successful joining of the trunk group;
initiating, by the TUT, a push-to-talk (PTT) communication session through transmission of a PTT request signal to the trunk service platform via the LTE network;
receiving, at the trunk service platform, the PTT request signal;
establishing, by the LTE network, a dedicated radio bearer for the PTT communication session between the TUT and the trunk service platform, the dedicated radio bearer configured with quality of service (QoS) parameters tailored for real-time voice communication;
transmitting voice data, by the TUT, over the established dedicated radio bearer to the trunk service platform; and
distributing, by the trunk service platform, the transmitted voice data to one or more other trunk user terminals within the trunk group via the LTE network.",refine
US-9133829-B2,Solar thermal power plant having a bypass conduction path bypassing the superheating and/or steam generation stages of the solar circuit and using indirect evaporation and method for operating such a solar thermal power plant,"A solar thermal power plant comprising:
a solar circuit adapted to warm a heat transfer fluid;
a steam generation circuit arranged to produce steam from a working fluid;
wherein the solar circuit is fluidly connected to the steam generation circuit through at least one heat exchanger for indirect evaporation of the working fluid by the heat transfer fluid;
the solar circuit also including a bypass conduction path;
said bypass conduction path arranged to selectively direct at least a portion of the heat transfer fluid around at least one of a superheating stage and a steam generation stage within the solar circuit;
and at least one valve structured to regulate fluid flow through said bypass conduction path.",refine
US-8525873-B2,"Information processing device, information processing method, and program","An information processing device, comprising:
a processor configured to receive various input data related to an operating environment, determine a current contextual state of said operating environment based on the received input data, select a processing operation from a plurality of available processing operations based on the determined current contextual state, and execute the selected processing operation;
a memory coupled to the processor and configured to store instructions executable by the processor for performing said determination, selection, and execution, and further to store data utilized in said determination, selection, and execution;
an input interface coupled to the processor and configured to receive the various input data; and
an output interface coupled to the processor and configured to output a result from the executed processing operation or a control signal based thereon.",refine
US-7597337-B2,System and method for providing gyroscopic stabilization to a two-wheeled vehicle,"A system for gyroscopic stabilization of a two-wheeled vehicle, the system comprising:
a vehicle frame with a front portion and a rear portion;
a front wheel rotatably coupled to the front portion of the vehicle frame;
a rear wheel rotatably coupled to the rear portion of the vehicle frame;
at least one gyroscopic stabilization unit, comprising a spinning mass, said at least one gyroscopic stabilization unit mounted on the vehicle frame;
at least one sensor adapted to detect an orientation of the two-wheeled vehicle; and
a control unit communicatively coupled to the at least one sensor and to the at least one gyroscopic stabilization unit, the control unit configured to obtain data from the at least one sensor and, responsive to the received data, activate the spinning mass of the at least one gyroscopic stabilization unit to generate a gyroscopic torque, wherein said gyroscopic torque is applied to the vehicle frame to counteract a lean of the two-wheeled vehicle.",refine
US-6884228-B2,Automated system adaptable for use with different fluid circuits,"An automated system suitable for use with diverse fluid circuits, comprising:
    a controller configured to analyze operational parameters and issue control commands;
    a plurality of sensors adapted for connection to a fluid circuit, the sensors providing sensor data indicative of fluid circuit parameters;
    a plurality of actuators arranged for connection to the fluid circuit, the actuators responding to the control commands to alter fluid flow characteristics within the fluid circuit;
    a memory containing a plurality of fluid circuit profiles, each profile comprising a set of operational parameters and control logic specific to a distinct type of fluid circuit;
    wherein the controller is further configured to:
    obtain an identification of a fluid circuit coupled to the system;
    choose one of the plurality of fluid circuit profiles from the memory based on the obtained identification; and
    dynamically adapt its processing of the sensor data and its issuance of the control commands in accordance with the selected fluid circuit profile to manage the coupled fluid circuit.",refine
US-9277666-B2,Display device,"A display device comprising:
a display panel configured to present visual content;
a processing unit coupled to the display panel, the processing unit configured to produce display signals for the display panel;
at least one environmental sensor coupled to the processing unit, the environmental sensor arranged to sense at least one ambient condition proximate to the display device;
at least one user interaction sensor coupled to the processing unit, the user interaction sensor arranged to sense at least one user interaction with the display device; and
a memory unit coupled to the processing unit, the memory unit storing executable instructions for the processing unit, wherein the processing unit, upon executing said instructions, is further configured to dynamically modify at least one display parameter of the display panel based on the sensed ambient condition and the sensed user interaction, thereby enhancing the presentation of visual content.",refine
US-7970931-B2,Policy-based routing in a multi-homed computer,"A method for policy-based routing in a multi-homed computer, comprising:
obtaining network packets at said multi-homed computer;
consulting a plurality of routing policies maintained on said multi-homed computer;
assessing each received network packet in accordance with said plurality of routing policies utilizing one or more packet characteristics;
ascertaining an outgoing network interface from a plurality of network interfaces of said multi-homed computer for each said network packet, said ascertainment based on said assessment; and
forwarding each said network packet through the ascertained outgoing network interface.",refine
US-9447595-B1,"Systems, methods and apparatuses for relieving excessive suction within swimming pool skimmers","An apparatus for mitigating undue suction in a swimming pool skimmer, the apparatus comprising:
a skimmer body adapted to receive water from a swimming pool, said body defining an internal volume and comprising a primary water outlet connected to a pump suction line;
a suction relief port formed within the skimmer body, said port establishing fluid communication between the internal volume of the skimmer body and an external environment;
a valve mechanism functionally coupled to the suction relief port, said mechanism operable between a closed state, wherein the suction relief port is sealed, and an open state, allowing ingress of ambient air into the internal volume; and
a float mechanism situated within the internal volume of the skimmer body and functionally connected to the valve mechanism, said float mechanism arranged to actuate the valve mechanism to its open state when the water level within the internal volume drops below a preset threshold, thereby introducing ambient air into the internal volume to lessen undue suction at the primary water outlet.",refine
US-9118005-B2,Manufacturing method of a memory device with a reversible variable-resistance memory layer between electrodes extending along intersecting directions,"A method for fabricating a memory device, the method comprising:
providing a substrate;
forming a plurality of first electrodes on the substrate, said first electrodes extending substantially parallel along a first direction;
forming a reversible variable-resistance memory layer over the first electrodes; and
forming a plurality of second electrodes over the reversible variable-resistance memory layer, said second electrodes extending substantially parallel along a second direction, wherein the second direction is substantially orthogonal to the first direction, and whereby portions of the reversible variable-resistance memory layer are interposed between intersections of the first and second electrodes to form memory cells.",refine
US-7966648-B2,Dynamic quality of service pre-authorization in a communications environment,"A method for adaptive quality of service pre-authorization in a network environment, the method comprising:
at a network node, receiving a request for a communication service, the request comprising a desired quality of service (QoS) requirement;
evaluating, before complete establishment of the communication service, an authorization status for said desired QoS requirement based on at least one real-time network condition parameter and at least one communication policy;
selectively allocating network resources relevant to the desired QoS requirement based on the evaluated authorization status;
forwarding the authorization status to a requesting user equipment or an alternative network entity; and
permitting or preventing subsequent establishment of the communication service based on the forwarded authorization status.",refine
US-8254339-B2,Receiver apparatus and method for releasing memory thereof,"A receiver apparatus, comprising:
a receiving module configured to acquire input data;
a data storage module operatively coupled to the receiving module, the data storage module configured to retain the acquired input data;
a processing unit operatively coupled to the data storage module, the processing unit configured to execute operations on the acquired input data; and
a memory management module operatively coupled to the processing unit and the data storage module, the memory management module configured to:
    track a state pertaining to the input data or an operation executed by the processing unit; and
    upon detecting a predefined memory release condition derived from the tracked state, release at least a portion of the data storage module corresponding to the input data.",refine
US-9368880-B2,Multi-sector antenna structure,"An antenna structure, comprising:
a support structure;
multiple radiating elements mechanically affixed to the support structure, each configured to transmit and/or receive electromagnetic signals;
and a feed network electrically linked to the multiple radiating elements, wherein the multiple radiating elements are spatially arranged on the support structure, thereby defining a plurality of distinct radiation sectors for covering various angular regions, and further wherein the feed network is configured to individually or group-address the multiple radiating elements to enable independent or coordinated operation of said distinct radiation sectors.",refine
US-9160163-B2,"Battery management system, motor vehicle and battery system","A battery management system, comprising:
a controller configured to execute battery management functions;
multiple sensors configured to measure at least one of the voltage, current, and temperature of a battery pack;
a switching circuit electrically coupled to the battery pack and controllable by the controller; and
a communication interface configured to transmit battery operational data and receive control commands;
wherein the controller is further configured to:
obtain data from the multiple sensors;
analyze the collected data to ascertain a condition of the battery pack, including at least one of its state of charge and its state of health;
control the switching circuit based on the ascertained condition of the battery pack to manage charging and discharging operations and to provide protection against irregular operating conditions; and
relay the ascertained condition of the battery pack and any identified irregular operating conditions via the communication interface.",refine
US-7749486-B2,Tumor models employing green fluorescent protein,"A tumor model including a collection of tumor cells, wherein the tumor cells contain a heterologous nucleic acid that encodes a green fluorescent protein, and wherein the green fluorescent protein is produced by said tumor cells to generate a detectable signal for observing traits of the tumor cells.",refine
US-7412707-B2,No-reset option in a batch billing system,"A batch billing system comprising:
a data storage unit arranged to retain billing data, the billing data including numerous billing items, each billing item linked to an account;
a batch processing unit arranged to process said numerous billing items in a collective operation to produce billing outputs;
an input module arranged to accept a user's choice for applying a persistent status indicator to one or more chosen billing items;
a control module adapted to inhibit automatic resetting of said persistent status indicator for said one or more chosen billing items over several successive batch operations; and
wherein, once applied, said persistent status indicator affects subsequent processing of said one or more chosen billing items in later batch operations without needing re-application of the indicator.",refine
US-8335807-B1,File distribution system and method,"A system for distributing files, comprising:
at least one server;
wherein the at least one server comprises:
a processor;
a memory operatively coupled to the processor, the memory maintaining a collection of files and processor-executable instructions;
a network interface in communication with the processor, configured to facilitate data communication over a network;
the processor configured, upon execution of the processor-executable instructions, to execute operations including:
obtaining, via the network interface, a target file request from a client device;
locating the target file within the collection of files maintained in the memory;
creating a transmission package for the target file; and
dispatching the transmission package comprising the target file to the client device via the network interface and across the network; and
at least one client device;
wherein the at least one client device includes:
a client processor;
a client memory in communication with the client processor;
a client network interface operatively connected to the client processor, to facilitate data exchange over the network;
the client processor configured, upon execution of client processor-executable instructions, to carry out operations including:
transmitting, via the client network interface, the target file request to the at least one server;
obtaining, via the client network interface, the transmission package containing the target file from the at least one server; and
persisting the acquired target file in the client memory.",refine
US-6635933-B2,Structure of a capacitor section of a dynamic random-access memory,"A capacitor section for a dynamic random-access memory, comprising:
a semiconductor substrate;
a first capacitor electrode disposed over or within said semiconductor substrate;
a dielectric layer conformally situated over at least a part of said first capacitor electrode;
a second capacitor electrode disposed over said dielectric layer, said second capacitor electrode serving as a common cell plate for multiple capacitor sections; and
wherein said first capacitor electrode is formed with a three-dimensional geometry, said three-dimensional geometry arranged to maximize an effective charge storage surface area within a projected area on said semiconductor substrate.",refine
US-7421431-B2,Providing access to system management information,"A system for managing access to system management information, comprising:
a system information acquisition module configured to collect system management information from a plurality of system resources, such information comprising at least one of performance data, configuration settings, and event logs;
a data storage repository coupled to the system information acquisition module, the data storage repository configured to persistently store the collected system management information;
an access request interface configured to receive a request for system management information from a requesting entity, wherein the request specifies one or more criteria for filtering and/or presenting the system management information;
an information processing engine coupled to the data storage repository and the access request interface, the information processing engine configured to:
    analyze the received request;
    obtain system management information from said data storage repository according to the specified criteria; and
    format the obtained system management information into a designated output structure;
a communication interface coupled to the information processing engine, the communication interface configured to transmit the formatted system management information to the requesting entity.",refine
US-8081420-B2,Solid electrolytic capacitor and method for manufacture thereof,"A solid electrolytic capacitor comprising:
an anode comprising a porous body fashioned from a valve metal;
a dielectric layer comprising an oxide of said valve metal, disposed on a surface of said porous body;
a solid electrolyte layer comprising a conductive polymer, provided on said dielectric layer;
a cathode collector layer comprising a conductive material, situated atop said solid electrolyte layer; and
an anode terminal electrically coupled to said anode, and a cathode terminal electrically coupled to said cathode collector layer.",refine
US-8038249-B2,"Ink jet recording apparatus, and method for controlling recording head temperature","An ink jet recording apparatus, comprising:
    a recording head for ejecting ink through multiple nozzles;
    a heater coupled to the recording head and configured to heat the recording head;
    a temperature sensor disposed with the recording head and arranged to detect the recording head's temperature; and
    a control unit electrically connected to the heater and the temperature sensor, the control unit configured to receive the detected temperature from the temperature sensor and control operation of the heater to maintain the recording head's temperature substantially at a target level.",refine
US-6576889-B2,Angle sensor,"An angle sensor, comprising:
a first component;
a second component rotatably associated with the first component;
a sensing module coupled to at least one of the first component and the second component, the sensing module adapted to ascertain a relative angular position between the first component and the second component; and
an output unit configured to provide a signal indicative of the ascertained relative angular position.",refine
US-6451193-B1,Electrophoresis cell for multiple slab gels,"An electrophoresis cell for concurrently electrophoresing multiple slab gels, said cell comprising:
a main tank adapted to receive a lower buffer reservoir;
at least two gel cassettes, each adapted to contain a slab gel, said at least two gel cassettes being disposed within the main tank in a mutually parallel arrangement;
an upper buffer reservoir formed by interior surfaces of said at least two gel cassettes and side walls of the main tank, said upper buffer reservoir being in fluid communication with upper ends of said slab gels;
a first electrode disposed within and electrically coupled to the upper buffer reservoir;
a second electrode disposed within and electrically coupled to the lower buffer reservoir;
electrical contacts arranged for electrical connection between an external power supply and said first and second electrodes;
and a lid adapted to seal the upper buffer reservoir and to engage said electrical contacts.",refine
US-6617403-B2,Olefin polymerization process,"A method for olefin polymerization, comprising:
contacting at least one olefin monomer with a polymerization catalyst system under polymerization conditions suitable to polymerize said at least one olefin monomer, consequently yielding an olefin polymer.",refine
US-8512520-B2,Paper sizing agent,"1. A paper sizing agent, including at least one hydrophobic compound; wherein said hydrophobic compound is effective in reducing the uptake of aqueous liquids by cellulosic fibers when applied to a paper product; and wherein said hydrophobic compound possesses a molecular structure comprising a hydrophobic moiety and a reactive or associative moiety configured for interaction with said cellulosic fibers.",refine
US-9680787-B2,Electronic message distribution lists,"A system for administering and disseminating electronic messages via electronic message distribution lists, the system comprising:
a data store arranged to hold multiple electronic distribution lists, each electronic distribution list comprising multiple distinct recipient identifiers;
a network interface adapted to dispatch electronic messages to designated recipient identifiers over a network; and
a processor operatively connected to the data store and the network interface, the processor configured to:
  administer the electronic distribution lists retained within the data store, including generation of new lists, incorporation of recipient identifiers into existing lists, and excision of recipient identifiers from existing lists;
  obtain an originating electronic message for subsequent distribution;
  obtain a designation for a particular electronic distribution list from said multiple lists;
  fetch, from the data store, the multiple distinct recipient identifiers linked to said particular electronic distribution list; and
  direct the network interface to dispatch the originating electronic message to each of said fetched multiple distinct recipient identifiers.",refine
US-6715887-B2,Color wheel module for image display device,"A color wheel module for an image display device, the module including:
a housing establishing an optical path;
a color wheel rotatably positioned within the housing, the color wheel having a plurality of color segments, each segment arranged to transmit light of a distinct spectral characteristic;
a motor mechanically linked to the color wheel, the motor adapted to rotate the color wheel;
a bearing assembly providing rotational support for the color wheel; and
control circuitry coupled to the motor, the control circuitry arranged to govern a rotational speed and angular position of the color wheel such that the color segments sequentially intersect the optical path, thereby enabling sequential transmission of light of varied spectral characteristics through the optical path for presentation by the image display device.",refine
US-8927952-B2,Target for laser produced plasma extreme ultraviolet light source,"A target for a laser-generated plasma extreme ultraviolet (EUV) light source, said target comprising an EUV-emitting material; said EUV-emitting material being presented in a physical configuration adapted for irradiation by a laser beam; wherein interaction between said laser beam and said physical configuration generates a plasma from said EUV-emitting material; and wherein said plasma functions as a source of EUV radiation.",refine
US-8498800-B2,Engine control unit,"An engine control unit comprising:
multiple input interfaces configured to acquire various sensor signals reflecting operational conditions of an internal combustion engine;
a processor operatively linked to the multiple input interfaces;
a memory electronically coupled to the processor, said memory holding executable instructions and engine operational parameters;
multiple output interfaces operatively linked to the processor and configured to produce various control signals for a plurality of engine actuators;
wherein the processor is arranged to execute the executable instructions to:
ascertain an engine operating state utilizing the acquired sensor signals;
retrieve the engine operating parameters contained in the memory responsive to the ascertained engine operating state;
compute a set of engine control parameters based on the engine operating state and the retrieved engine operating parameters; and
produce the control signals for the plurality of engine actuators informed by the computed engine control parameters to regulate operation of the internal combustion engine.",refine
US-8686791-B2,Amplifying apparatus and distortion compensation method,"An amplifying apparatus, comprising:
an amplifier configured to obtain an input signal and produce an amplified signal, said amplified signal having distortion imparted by said amplifier;
a distortion determination circuit configured to ascertain distortion characteristics pertaining to said amplifier;
a compensation signal generator configured to form a compensation signal derived from said determined distortion characteristics; and
a signal corrector configured to integrate said compensation signal with either said input signal or said amplified signal to yield a compensated output signal that exhibits diminished distortion relative to said amplified signal.",refine
US-9491773-B2,Interference management for different wireless communication technologies,"A method for managing interference between diverse wireless communication technologies, the method comprising:
monitoring a shared wireless communication environment to ascertain the presence of multiple coexisting wireless communication technologies;
identifying operational parameters for each of the multiple coexisting wireless communication technologies;
detecting an interference condition existing between at least two of the multiple coexisting wireless communication technologies within the shared wireless communication environment;
analyzing the detected interference condition together with the identified operational parameters to formulate a technology-specific interference mitigation strategy; and
implementing the formulated technology-specific interference mitigation strategy on at least one of the multiple coexisting wireless communication technologies to mitigate the interference.",refine
US-9749387-B2,Transparently stateful execution of stateless applications,"A system configured to transparently furnish stateful execution for a stateless application, the system comprising:
a processor;
a memory coupled to the processor;
an interception component configured to intercept data operations initiated by the stateless application;
a state capture component coupled to the interception component and configured to extract and record application state data based on the intercepted data operations;
a state repository coupled to the state capture component and configured to persistently store the captured application state data; and
a state management component coupled to the state repository and configured to, upon an execution trigger of the stateless application, reconstruct an execution context for the stateless application leveraging the persistently stored application state data, wherein the reconstruction of the execution context furnishes stateful execution transparently to the stateless application.",refine
US-8180054-B2,"Authenticating system, authenticating method, and authenticating program","1. An authentication system, comprising:
    an input interface arranged to obtain incoming authentication data;
    a memory arranged to retain reference authentication data;
    a processor operatively connected to the input interface and the memory, said processor configured to compare the incoming authentication data against the reference authentication data to ascertain an authentication outcome; and
    an output interface adapted to convey the authentication outcome.",refine
US-8095213-B1,Transdermal patch,"1. A transdermal patch comprising:
a backing layer;
a drug-containing adhesive layer, including a therapeutically effective amount of an active pharmaceutical ingredient and a pressure-sensitive adhesive; and
a release liner removably affixed to the drug-containing adhesive layer.",refine
US-7594645-B2,Sheet processing device and image formation apparatus,"1. An image formation apparatus comprising:
    an image forming unit adapted for forming an image upon a sheet; and
    a sheet processing device arranged to receive the sheet conveyed from the image forming unit and execute a processing operation thereon, the sheet processing device comprising:
        a sheet receiving portion adapted to receive the sheet;
        a sheet transport path arranged for transporting the received sheet;
        a processing unit positioned along the sheet transport path, said processing unit adapted to carry out a predetermined processing operation upon the conveyed sheet; and
        a control unit adapted to govern the processing unit responsive to a processing instruction pertaining to image formation by the image forming unit.",refine
US-6366656-B1,Method and apparatus for migrating embedded PBX system to personal computer,"A method for transitioning an embedded private branch exchange (PBX) system to a personal computer, the method comprising:
extracting configuration data and operating parameters from an embedded PBX system;
deploying a software-defined private branch exchange application onto a personal computer;
importing the extracted configuration data and operating parameters into the deployed software-defined private branch exchange application; and
setting up communication hardware and software interfaces within the personal computer to mirror the telephony connectivity of the embedded PBX system, thus allowing the personal computer to function as a private branch exchange system.",refine
US-8841884-B2,Battery charging method and system with three-stage temperature-compensated charge profile,"A method for charging a battery, comprising:
acquiring a temperature reading of the battery;
establishing various charging parameters for a three-stage charging process based, at least in part, on the acquired temperature reading;
applying a first charging stage to the battery;
thereafter applying a second charging stage to the battery; and
subsequently applying a third charging stage to the battery, wherein the charging parameters employed in each of the first, second, and third charging stages are adjusted in view of the acquired temperature reading.",refine
US-6521997-B1,Chip carrier for accommodating passive component,"A chip carrier comprising:
a carrier substrate having a top surface and a bottom surface;
a first mounting region located on the top surface, adapted to receive an active semiconductor chip;
a second mounting region configured to accommodate a passive electronic component;
a plurality of chip connection pads electrically connected to the first mounting region;
a plurality of passive component connection pads electrically connected to the second mounting region; and
a plurality of external connection terminals situated on the bottom surface, electrically connected to at least one of the plurality of chip connection pads and the plurality of passive component connection pads;
wherein the second mounting region includes a cavity formed within the carrier substrate, said cavity designed to house the passive electronic component.",refine
US-8931572-B2,Work machine and automatic control method for blade of work machine,"A work machine, comprising:
a main body;
a blade operatively coupled to the main body;
at least one sensor adapted to detect a parameter indicative of a position or orientation of the blade with respect to a designated reference;
at least one actuator coupled to the blade and arranged to effect movement of the blade; and
a controller communicatively coupled to the at least one sensor and the at least one actuator, the controller adapted to receive said parameter from the at least one sensor, to evaluate the detected parameter against a target position or orientation for the blade, and to automatically generate and transmit a control signal to the at least one actuator to move the blade to adjust the position or orientation thereof toward the target position or orientation.",refine
US-7749106-B2,"Molded rubber material for golf ball, method of making the material and golf ball","A molded rubber composition for a golf ball;
said composition comprising:
a polybutadiene rubber;
a co-crosslinking agent;
a filler; and
a curing agent;
wherein the molded rubber composition exhibits a Shore D hardness from about 40 to about 70; and
wherein the molded rubber composition has a rebound resilience of at least about 70%.",refine
US-8185039-B2,Sheet processing apparatus and image forming apparatus,"1. A sheet processing apparatus, comprising:
    a sheet input unit arranged to receive at least one sheet;
    a sheet transport path configured to guide the at least one sheet from the sheet input unit to a processing station;
    a processing station disposed along the sheet transport path and configured to perform a processing operation on the at least one sheet;
    a sheet output unit configured to discharge the at least one sheet after the processing operation; and
    a controller configured to control the sheet input unit, the sheet transport path, the processing station, and the sheet output unit to execute a series of sheet processing operations.",refine
US-6682376-B2,Tilt device for outboard engine,"1. A tilt apparatus for an outboard engine, including:
    a transom mounting bracket adapted for secure attachment to a transom of a boat;
    an engine mounting bracket arranged to receive and securely hold an outboard engine;
    a pivot assembly mechanically connecting the transom mounting bracket to the engine mounting bracket, the pivot assembly establishing a pivot axis around which the engine mounting bracket and a secured outboard engine are pivotally movable relative to the transom mounting bracket between a deployed operating position and a tilted position; and
    a locking mechanism arranged to selectively retain the engine mounting bracket in at least one of the deployed operating position and the tilted position.",refine
US-8013255-B2,Printed circuit board with high density differential pairs,"A printed circuit board comprising:
a dielectric substrate;
a plurality of conductive layers disposed on or embedded within said dielectric substrate;
a plurality of differential signal trace pairs defined in at least one of said plurality of conductive layers, wherein each differential signal trace pair includes a first signal trace and a second signal trace;
wherein said first and second signal traces of each differential signal trace pair are closely coupled to ensure a substantially uniform characteristic differential impedance along their length; and
wherein said plurality of differential signal trace pairs are configured in a high-density arrangement on at least one of said conductive layers, featuring an inter-pair spacing between adjacent pairs that is smaller than a pre-defined multiple of an intra-pair spacing between said first and second signal traces, thereby facilitating the routing of a greater number of differential signal trace pairs within a given area of the printed circuit board.",refine
US-7236685-B2,Reproduction speed conversion apparatus,"A reproduction speed conversion apparatus, comprising:
a signal input structured to receive an input reproduction signal with a first reproduction speed;
a speed conversion unit coupled to the signal input, said speed conversion unit processing the input reproduction signal to generate an output reproduction signal having a second reproduction speed, where the second reproduction speed is distinct from the first reproduction speed;
a control unit coupled to the speed conversion unit, said control unit providing a speed control parameter to the speed conversion unit, the speed control parameter defining a relationship between the first reproduction speed and the second reproduction speed; and
a signal output coupled to the speed conversion unit, the signal output outputting the output reproduction signal.",refine
US-6906818-B1,Data communication system,"A data communication system, comprising:
a transmitting device configured to generate data, to encode said data into a transmittable format, and to dispatch the encoded data over a communication channel;
a receiving device configured to receive said transmitted encoded data, decode the received encoded data to recover the original data, and to furnish the recovered data for further processing or display; and
said communication channel configured to interconnect the transmitting device and the receiving device and to convey the encoded data from the transmitting device to the receiving device.",refine
US-7001451-B2,Filter structure for a vehicle air conditioner,"A filter structure for a vehicle air conditioner, comprising:
a filter housing forming an interior channel for air movement, the filter housing adapted for removable placement within an air conditioning system of a vehicle;
a filter element situated within the interior channel, the filter element arranged to extract impurities from air passing through the interior channel;
and a sealing member positioned along an outer edge of the filter housing, the sealing member adapted to contact a complementary surface of the air conditioning system to preclude air bypass around the filter element.",refine
US-6376099-B1,CU-containing NB3A1 multifilamentary superconductive wire and process for producing the same,"A multifilamentary superconductive wire, comprising a plurality of Nb3Al superconductive filaments embedded within a copper-containing matrix; wherein said Nb3Al superconductive filaments are derived from precursor materials comprising niobium and aluminum; and wherein said copper-containing matrix encompasses and stabilizes said plurality of Nb3Al superconductive filaments.",refine
US-6361783-B2,Compositions containing stabilized ascorbic acid and related methods,"1. A composition comprising:
ascorbic acid or a pharmaceutically acceptable salt or ester thereof;
at least one stabilizing agent for the ascorbic acid or a pharmaceutically acceptable salt or ester thereof, said agent being present in an amount effective to mitigate degradation of the ascorbic acid or a pharmaceutically acceptable salt or ester thereof;
and a cosmetically, pharmaceutically, or nutraceutically suitable carrier.",refine
US-8402527-B2,Identity broker configured to authenticate users to host services,"An identity broker system, comprising:
a processor configured to:
obtain an authentication request from a user desiring access to a host service;
redirect the user to an identity provider external to the identity broker system for authentication;
obtain an authentication assertion from the identity provider, said assertion confirming successful authentication of the user by the identity provider;
verify the obtained authentication assertion; and
send an authorization signal to the host service, responsive to the verified authentication assertion, to authorize the user's access to the host service.",refine
US-6421408-B1,Counter logic for multiple memory configuration,"A system comprising:
a memory subsystem including multiple distinct memory configurations, each of said distinct memory configurations defining unique operational parameters for memory access; and
counter logic functionally coupled to said memory subsystem, said counter logic arranged to generate a count value based on a predefined sequence;
wherein said counter logic further utilizes said count value to identify and activate a specific one of said plurality of distinct memory configurations for subsequent data access operations.",refine
US-8629535-B2,Mask for forming integrated circuit,"1. A mask for fabricating an integrated circuit, comprising:
    a transparent substrate; and an opaque pattern layer situated on the transparent substrate,
    wherein said opaque pattern layer delineates the circuit layout of the integrated circuit.",refine
US-9401409-B2,High density MOSFET array with self-aligned contacts enhancement plug and method,"1. A high-density MOSFET array, comprising:
    a semiconductor substrate;
    a plurality of MOSFETs situated on the semiconductor substrate, wherein each MOSFET includes a channel region, a gate dielectric overlying the channel region, a gate electrode overlying the gate dielectric, and source/drain regions disposed in the semiconductor substrate flanking the gate electrode;
    gate sidewall spacers positioned adjacent to lateral sides of the gate electrode;
    an interlevel dielectric layer disposed over the plurality of MOSFETs;
    a plurality of self-aligned contacts extending through the interlevel dielectric layer, each self-aligned contact is electrically coupled to at least one of the source regions or the drain regions of the plurality of MOSFETs, wherein each self-aligned contact is laterally defined by the gate sidewall spacers, thereby providing electrical isolation from the gate electrode;
    wherein each self-aligned contact further includes a conductive enhancement plug structured to reduce contact resistance to the at least one of the source or drain regions.",refine
US-9726396-B2,Universal line components duct elbow,"A universal fluid-line duct elbow, comprising:
an elbow body defining an internal fluid pathway, said elbow body having a first end and a second end, said first end and said second end each presenting an opening into said fluid pathway, said elbow body configured to modify a direction of fluid flow between said first end and said second end;
a first coupling mechanism situated at said first end, said first coupling mechanism structurally configured for interchangeable connection with a plurality of different types of external line components; and
a second coupling mechanism situated at said second end, said second coupling mechanism structurally configured for interchangeable connection with a plurality of different types of external line components.",refine
US-6454046-B1,Synchronous dustproof cover structure for sound membrane,"A synchronized dust-protective covering assembly for a sound membrane, including:
a housing configured to contain components thereof;
a sound membrane movably positioned within said housing, said sound membrane adapted to vibrate for producing or receiving sound waves;
a dust-protective cover movably arranged relative to said sound membrane and within said housing, said dust-protective cover designed to largely encompass said sound membrane when in a closed state, thereby impeding dust entry; and
a drive mechanism mechanically connecting said sound membrane and said dust-protective cover, wherein said drive mechanism is adapted to translate said dust-protective cover in close synchronicity with the reciprocal motion of said sound membrane, such that said dust-protective cover preserves a specified relative position or spacing concerning said sound membrane during use, thereby enabling sound propagation while preserving dust protection.",refine
US-9192977-B2,Method and apparatus for providing metal container with lining,"A method for lining a metal container, the method comprising:
obtaining a metal container having an interior surface;
treating the interior surface of the metal container to improve adhesion of a lining material thereto;
depositing a polymeric lining material onto the treated interior surface of the metal container; and
curing the deposited polymeric lining material to form a substantially continuous and adherent lining on the interior surface of the metal container.",refine
US-6573682-B1,Fuel cell system multiple stage voltage control method and apparatus,"A method for controlling an output voltage of a fuel cell system, the method comprising:
observing at least one operational parameter of the fuel cell system;
ascertaining a current operational state of the fuel cell system utilizing the at least one operational parameter, said current operational state being associated with one of a plurality of predefined operating modes;
choosing a particular voltage control stage from a plurality of distinct voltage control stages, each stage possessing a unique set of control parameters and a specific control algorithm, responsive to the determined current operating state;
producing a control signal derived from the chosen particular voltage control stage and the at least one operational parameter;
transmitting the control signal to a power converter connected to a fuel cell stack of the fuel cell system;
consequently regulating the output voltage of the fuel cell system in accordance with the chosen particular voltage control stage.",refine
US-7430731-B2,Method for electrochemically fabricating three-dimensional structures including pseudo-rasterization of data,"A method for electrochemically forming a three-dimensional structure, comprising:
acquiring a digital three-dimensional model of the intended structure;
deriving pseudo-rasterized data from the digital three-dimensional model, the pseudo-rasterized data comprising a series of electrochemical fabrication instructions;
positioning a substrate within an electrolytic solution; and
imposing an electrical potential between the substrate and at least one counter electrode to selectively deposit or remove material from the substrate in accordance with the series of electrochemical fabrication instructions, thereby forming the three-dimensional structure.",refine
US-8002620-B2,Gaming device providing an award based on a count of outcomes which meets a condition,"A gaming device, comprising:
a processor arranged to conduct game play and produce a plurality of outcomes;
the processor further arranged to identify, from said plurality of outcomes, a subset meeting a predefined condition;
the processor further arranged to ascertain a quantity of the identified subset;
the processor further arranged to compare the ascertained quantity against a predefined award criterion;
and an output device coupled to the processor, the output device adapted to provide an award when the ascertained quantity satisfies the predefined award criterion.",refine
US-9801442-B2,Pouch and portable electronic device received therein,"1. A combination comprising:
a pouch comprising an enclosing structure defining an interior cavity, said enclosure structure featuring at least one aperture configured to allow insertion and removal of an object; and
a portable electronic device possessing an external dimension corresponding to the interior cavity of the pouch, said portable electronic device situated within the interior cavity such that the pouch at least partly envelops the portable electronic device.",refine
US-8658979-B2,Nuclear image reconstruction,"A method for reconstructing a nuclear image, the method comprising:
acquiring raw nuclear imaging data reflecting radioactive emissions from a subject;
compensating the acquired nuclear imaging data for one or more of attenuation, scatter, or detector non-uniformity;
performing an iterative reconstruction of an image volume utilizing the compensated nuclear imaging data, wherein the iterative reconstruction involves employing a statistical model to adjust pixel values of the image across successive iterations until a defined convergence criterion is satisfied; and
producing a reconstructed nuclear image volume configured for display or further analysis.",refine
US-6445186-B1,MRI apparatus,"1. An MRI apparatus, comprising:
a main magnet arranged to produce a static magnetic field within an examination region;
a gradient coil system adapted to create spatially varying magnetic fields within said examination region;
a radiofrequency (RF) coil system operative to transmit radiofrequency pulses into said examination region and to acquire magnetic resonance signals therefrom; and
a control system electronically coupled with the main magnet, the gradient coil system, and the RF coil system, said control system adapted to regulate the generation of the static magnetic field and the spatially varying magnetic fields, and the transmission of the radiofrequency pulses and acquisition of the magnetic resonance signals.",refine
US-9586857-B2,Controlling fragmentation of chemically strengthened glass,"1. A method for regulating fragmentation of chemically strengthened glass, the method comprising:
    furnishing a glass substrate;
    chemically strengthening the glass substrate via an ion exchange process, thereby forming a compressive stress layer at a surface thereof; and
    adjusting at least one characteristic of the chemically strengthened glass article or a parameter of the ion exchange process;
    wherein said adjustment governs at least one fragmentation characteristic of the chemically strengthened glass article upon fracture.",refine
US-8252668-B2,Photoelectric conversion device fabrication method,"A method for producing a photoelectric conversion device, comprising:
obtaining a substrate;
depositing a first electrode layer on the substrate;
forming a photoactive layer atop the first electrode layer, which is configured to absorb incident light and produce charge carriers;
forming a second electrode layer over the photoactive layer, such that the photoactive layer is positioned between the first electrode layer and the second electrode layer; and
structuring at least one of the first electrode layer, the photoactive layer, or the second electrode layer to delineate an active region of the photoelectric conversion device.",refine
US-9491682-B2,"Wireless routing device, mobile terminal, and management system and method","A system, comprising:
    a wireless routing device adapted to establish a wireless network and furnish network access;
    at least one mobile terminal arranged to wirelessly connect to the wireless network supplied by the wireless routing device; and
    a management system, electronically linked to at least one of the wireless routing device or the at least one mobile terminal, adapted to administer at least one of network connectivity, data communication, or operational settings for the at least one mobile terminal via the wireless routing device.",refine
US-7796363-B2,"PZT element, head gimbal assembly, and disk drive unit with same","1. A disk drive unit comprising:
    a housing;
    at least one magnetic disk rotatably disposed within the housing;
    a spindle motor adapted to rotate the at least one magnetic disk;
    an actuator arm pivotally disposed within the housing;
    a head gimbal assembly (HGA) connected to the actuator arm, the HGA comprising:
        a suspension that includes a load beam and a flexure;
        a slider mechanically coupled to the flexure, the slider comprising a read/write head configured to read data from and write data to the at least one magnetic disk; and
        a PZT element affixed to the suspension;
    wherein the PZT element is adapted to enable fine positioning adjustment of the slider with respect to the at least one magnetic disk.",refine
US-8109163-B2,Actuator,"An actuator comprising:
a housing;
an input interface adapted to receive a control signal;
an energy conversion mechanism situated within the housing and operably coupled to the input interface, the energy conversion mechanism configured to transform input energy into mechanical work responsive to the control signal; and
an output member mechanically linked to the energy conversion mechanism and projecting from the housing, the output member configured to transmit the mechanical work to an external system.",refine
US-6485858-B1,Graphite nanofiber catalyst systems for use in fuel cell electrodes,"A catalyst system for a fuel cell electrode, comprising:
a plurality of graphite nanofibers;
a catalytic material chosen from the group consisting of platinum group metals, non-platinum group metals, and combinations thereof, the catalytic material being supported on surfaces of the plurality of graphite nanofibers;
sufficient electrical conductivity for use in a fuel cell electrode; and
wherein the graphite nanofibers impart structural support to the dispersed catalytic material.",refine
US-6303767-B1,Nucleic acids encoding narbonolide polyketide synthase enzymes from streptomyces narbonensis,1. An isolated nucleic acid molecule comprising a polynucleotide sequence which encodes a narbonolide polyketide synthase enzyme; wherein the narbonolide polyketide synthase enzyme is obtained from *Streptomyces narbonensis*.,refine
US-7061845-B2,Write clock generating circuit and optical disk apparatus,"An optical disk apparatus, comprising:
an optical disk adapted to store data;
a write head arranged to write data onto the optical disk controlled by a write clock signal; and
a write clock generating circuit arranged to produce the write clock signal, said write clock generating circuit including:
a reference clock generator adapted to create a reference clock signal;
a frequency adjustment unit adapted to dynamically modify the frequency of the write clock signal in accordance with a present operational characteristic of the optical disk apparatus; and
an output unit arranged to transmit the dynamically modified write clock signal to the write head to govern data writing operations.",refine
US-9839815-B2,Golf ball,"A golf ball, comprising:
a central core formed from a first thermoset polymeric material exhibiting a first Shore D hardness in the range of 30 to 50;
an intermediate layer encompassing the central core, said intermediate layer comprising a second polymeric material exhibiting a second Shore D hardness in the range of 55 to 70;
an outer cover layer enclosing the intermediate layer, said outer cover layer comprising a thermoplastic urethane material having a thickness between 0.015 inches and 0.035 inches and a third Shore D hardness in the range of 60 to 75; and
a plurality of dimples disposed on an exterior surface of the outer cover layer, said dimples including at least two distinct dimple shapes and having a total dimple volume that provides an aerodynamic lift coefficient within a range of 0.25 to 0.35 at a clubhead speed of 90 mph.",refine
US-9352983-B2,Antimicrobial application system with recycle and capture,"An antimicrobial application system, comprising:
an antimicrobial agent storage reservoir adapted to contain an antimicrobial agent;
an applicator fluidly coupled with said antimicrobial agent storage reservoir, said applicator arranged to deliver the antimicrobial agent onto a target surface;
a collection basin situated to collect surplus antimicrobial agent from the target surface following application;
a filtration unit fluidly connected to said collection basin, said filtration unit adapted to extract impurities from the surplus antimicrobial agent; and
a pump arranged to convey the filtered antimicrobial agent from said filtration unit back to said antimicrobial agent storage reservoir for subsequent reuse.",refine
US-9415285-B1,Breakaway basketball rim assembly,"1. An apparatus comprising:
   a mounting plate adapted for attachment to a basketball backboard;
   a basketball rim;
   a pivot mechanism structured to rotatably join the basketball rim to the mounting plate, thereby enabling the basketball rim to pivot downward from a horizontal playing position;
   a biasing mechanism arranged to apply an upward force on the basketball rim to restore the basketball rim to the horizontal playing position following downward pivoting; and
   a stop mechanism structured to inhibit the basketball rim from pivoting upward past the horizontal playing position.",refine
US-6883423-B2,Assembly and method for customized application of index tabs to indexing material,"1. An assembly for customized application of index tabs to indexing material, the assembly comprising:
a tab supply mechanism configured to supply a plurality of index tabs;
a material support mechanism configured to accept and position indexing material;
a tab application mechanism configured to obtain an index tab from the tab supply mechanism and to secure the index tab to the indexing material; and
a control system communicatively coupled to the tab application mechanism and the material support mechanism, the control system configured to receive user input specifying a desired customization for tab placement on the indexing material and to control said tab application mechanism and said material support mechanism for applying index tabs to the indexing material consistent with the desired customization.",refine
US-6341030-B1,Light beam optical scanner and image forming apparatus,"1. An image forming apparatus, comprising:
    a light source that emits a light beam;
    an optical scanning unit adapted to receive and deflect the light beam over a scanning area, thus creating a modulated light beam;
    a photosensitive member arranged to receive the modulated light beam and generate an electrostatic latent image upon it;
    a developing unit that applies toner to the electrostatic latent image on the photosensitive member to form a toner image;
    a transfer unit for transferring the toner image from the photosensitive member to a recording medium; and
    a fusing unit for fixing the toner image to the recording medium.",refine
US-7772051-B2,MOS devices with corner spacers,"An MOS device, comprising:
a semiconductor substrate with a channel region;
a gate stack situated over the channel region, the gate stack comprising a gate dielectric layer over the semiconductor substrate and a gate electrode over the gate dielectric layer;
source and drain regions defined within the semiconductor substrate adjacent to the gate stack; and
a pair of dielectric corner spacers, each corner spacer positioned at a respective bottom corner of the gate electrode, wherein each dielectric corner spacer is located between the gate dielectric layer and a lower portion of a sidewall of the gate electrode, and wherein each dielectric corner spacer possesses a material composition distinct from the gate dielectric layer.",refine
US-8270013-B2,"Printing system, printing method, and computer program product","A printing system, comprising:
a processing unit adapted to obtain print job data, the print job data comprising content for printing and pertinent print parameters;
the processing unit additionally configured to evaluate the print job data and context information pertaining to a print request, wherein the context information encompasses at least one of user preferences, available printer resources, and network conditions;
the processing unit further arranged to formulate a modified print instruction set derived from the analysis of the print job data and the context information, the modified print instruction set improving printing performance or output quality; and
a printing device in communication with the processing unit, the printing device adapted to acquire the modified print instruction set and implement the modified print instruction set to produce a physical printout.",refine
US-8433782-B2,Simplifying determination of dependencies among SOA services,"A method for facilitating identification of dependencies among Service-Oriented Architecture (SOA) services, the method comprising:
acquiring service metadata pertaining to a plurality of SOA services, said service metadata specifying interfaces and capabilities of said services;
collecting runtime interaction data reflecting actual communication between said plurality of SOA services;
processing said service metadata and said runtime interaction data to identify inter-service invocations, data flows, and resource bindings among said SOA services;
constructing a dependency model based on said identified inter-service invocations, data flows, and resource bindings, wherein said dependency model illustrates direct and indirect dependencies among said plurality of SOA services; and
presenting said dependency model in a graphical or report format to facilitate comprehension and management of said SOA services.",refine
US-6419587-B1,Reversible slide/climber playground equipment,"A reversible playground apparatus comprising:
a main body featuring a first major surface shaped as a slide and a second major surface positioned opposite said first major surface, said second major surface including a plurality of climbing features;
a support frame arranged to elevate and support said main body; and
a reversal mechanism interconnected between said main body and said support frame, said reversal mechanism adapted to selectively position said main body in a first orientation for sliding or in a second orientation for climbing, wherein in said first orientation said first major surface is available for sliding, and in said second orientation said second major surface is available for climbing.",refine
US-6651747-B2,Downhole anchoring tools conveyed by non-rigid carriers,"1. A downhole system for anchoring within a wellbore, the system comprising:
    a downhole anchoring tool comprising a tool body, an anchoring mechanism positioned on the tool body and configured to selectively engage a wellbore wall, and a setting mechanism configured to actuate the anchoring mechanism to transition from a run-in position to a set position for engagement with the wellbore wall; and
    a non-rigid carrier operatively connected to the downhole anchoring tool, wherein the non-rigid carrier is adapted to transport the downhole anchoring tool into and out of the wellbore.",refine
US-8595524-B2,Communication device with a power supply restart control unit controlling restarting supply of power to a main processing unit,1. A communication device comprising a main processing unit; and a power supply restart control unit adapted to manage the reinitiation of power delivery to the main processing unit.,refine
US-8839571-B1,Break-away screw ground anchor,"1. A break-away screw ground anchor including:
    a shaft having a lower portion and an upper portion;
    a helical blade affixed to said lower portion of said shaft, said helical blade adapted to engage soil for anchoring said ground anchor therein;
    an attachment member affixed to said upper portion of said shaft, said attachment member arranged for receiving an external load; and
    a frangible section integrally formed with or interposed between said lower portion and said upper portion of said shaft, said frangible section adapted to fracture upon application of a predetermined force to said attachment member, thereby separating said upper portion and said attachment member from said lower portion and said helical blade.",refine
US-9554299-B2,Method and device for aperiodically reporting channel state information in wireless connection system,"A method for non-periodically reporting channel state information (CSI) within a wireless communication network, the method comprising:
receiving, by a user equipment (UE), a non-periodic channel state information (CSI) request from a network node;
measuring, by the UE, downlink channel conditions utilizing a reference signal;
generating, by the UE, channel state information (CSI) from the measured channel conditions;
transmitting, by the UE, a non-periodic CSI report containing the generated CSI to the network node over an uplink channel, wherein said transmission is responsive to the received non-periodic CSI request and does not follow a predetermined periodic schedule.",refine
US-6946792-B2,Photomultiplier,"A photomultiplier comprising:
a vacuum enclosure;
a photocathode situated within the vacuum enclosure, configured to emit electrons upon light impingement;
a plurality of dynodes positioned within the vacuum enclosure and arranged in a cascade, said dynodes configured to multiply electrons via secondary emission; and
an anode located within the vacuum enclosure, configured to collect the multiplied electrons to generate an electrical output signal.",refine
US-8205670-B2,Metal annulus seal,"1. A metal annulus seal, comprising:
    an annular body composed of a resilient metallic material;
    said annular body having an inner and an outer circumferential surface, thereby forming a continuous ring;
    said annular body additionally having a cross-sectional profile designed to elastically deform when compressed between juxtaposed components;
    wherein said elastic deformation establishes a fluid-tight barrier between said juxtaposed components.",refine
US-6263516-B1,Toilet cover assembly,"A toilet cover assembly comprising:
a toilet lid having a perimeter sized to generally enclose an opening of a toilet bowl;
a hinge mechanism pivotally connected to the toilet lid, said hinge mechanism configured to enable the toilet lid to articulate between an open and a closed state; and
a mounting base integrated with the hinge mechanism, said mounting base configured for attachment to a toilet fixture.",refine
US-7628473-B2,"Liquid ejection apparatus, liquid ejection method and image forming apparatus","1. A liquid ejection apparatus for creating an image, comprising:
a liquid storage portion adapted to hold a liquid; and
a liquid ejection portion arranged to dispense said liquid from the liquid storage portion onto a substrate to generate the image.",refine
US-6270227-B1,Remote-controlled mirror apparatus for vehicles,"A remote-controlled mirror system for a vehicle, comprising:
a mirror member configured to present a reflective surface;
a casing configured to largely enclose the mirror member;
an attachment assembly configured to secure the casing to a vehicle chassis;
at least one actuator operatively connected to the mirror member and configured to adjustably articulate the mirror member relative to the casing responsive to a control instruction;
a reception unit configured to receive wireless remote command signals;
a controller operatively connected to the reception unit and the at least one actuator, the controller arranged to process incoming remote command signals and produce actuation instructions for the at least one actuator based on the processed signals;
and a remote transmitter arranged to wirelessly transmit the remote command signals to the reception unit.",refine
US-7914232-B2,Method for reclaiming lands polluted by hexavalent chromium,A method for reclaiming land contaminated by hexavalent chromium; the method comprising identifying a land parcel contaminated with hexavalent chromium; applying a reducing agent to said contaminated land; wherein said reducing agent reacts with and reduces said hexavalent chromium to trivalent chromium; thereby converting said hexavalent chromium into a less mobile and less toxic form within said land and restoring said land.,refine
US-9886693-B2,Privacy protected anti identity theft and payment network,"A privacy-secured, identity theft prevention payment network comprising:

a plurality of user devices configured to initiate payment transactions and to securely retain user credentials;

a plurality of merchant terminals configured to receive payment requests and to transmit transaction data;

a payment processing system interconnected with the plurality of user devices and the plurality of merchant terminals, said payment processing system configured to facilitate payment transactions;

a tokenization module integrated within the payment processing system, said tokenization module configured to generate unique, non-sensitive tokens for sensitive user payment data, wherein said tokens are employed for transaction processing in place of actual sensitive payment information;

a privacy-preserving authentication module integrated within the payment processing system, said privacy-preserving authentication module configured to verify user and merchant identities without disclosing full personal identifiable information (PII) during transaction authorization;

a data encryption module configured to encrypt all sensitive data both at rest and in transit across the network;

a fraud detection engine configured to analyze transaction patterns and user behavior to detect and flag suspicious activities indicative of identity theft; and

a secure communication module configured to establish encrypted communication channels among the plurality of user devices, the plurality of merchant terminals, and the payment processing system.",refine
US-9556961-B2,Control valve,"1. A control valve comprising:
    a valve body enclosing an internal fluid passage having an inlet and an outlet;
    a valve seat positioned within the valve body;
    a valve closure member movably situated within the valve body and adapted to selectively engage the valve seat to control fluid flow through the fluid passage; and
    an actuator functionally connected to the valve closure member, the actuator arranged to displace the valve closure member relative to the valve seat to adjust the fluid flow.",refine
US-7856803-B2,Connection of steel cord ends,"1. A method for joining steel cord ends, comprising:
    furnishing a first steel cord having a first end and a second steel cord having a second end;
    treating said first end and said second end to reveal individual load-bearing elements thereof;
    positioning said exposed individual load-bearing elements of said first end against said exposed individual load-bearing elements of said second end within a connection zone;
    mechanically uniting said individual load-bearing elements within said connection zone to establish a permanent bond between said first steel cord and said second steel cord;
    wherein said permanent bond imparts a tensile strength to the joined steel cords that is at least 80% of an un-joined portion of at least one of said first and second steel cords.",refine
US-9766907-B2,Generic physical location codes for virtual system and partition cloning,"A system for producing distinct hardware identifiers for replicated virtual computing environments, the system comprising:
one or more processors;
memory coupled to the one or more processors;
storage in communication with the one or more processors and adapted to store virtual machine configuration data and corresponding virtual machine images;
a generic physical location code generation module adapted to create generic physical location codes derived from particular physical identifiers of an originating virtual computing environment, whereby these particular physical identifiers include hardware addresses or distinct identifiers linked to physical hardware components supporting the originating virtual computing environment;
a configuration management module arranged to link the created generic physical location codes with respective virtual components within a virtual machine's configuration, such that each generic physical location code offers an abstract depiction of a physical resource's location or kind without disclosing its particular distinct identifier;
an identifier assignment module adapted to, responsive to a cloning operation of the virtual computing environment, obtain the linked generic physical location codes from the virtual machine's configuration and, utilizing the obtained generic physical location codes, create and allocate novel, distinct specific physical identifiers to virtual components of a replicated virtual computing environment, whereby these novel, distinct specific physical identifiers supersede respective specific physical identifiers from the originating virtual computing environment thereby preventing identifier clashes within a network or a virtualized infrastructure.",refine
US-7575129-B2,Vial supply apparatus,"An apparatus for supplying vials, comprising:
a reservoir arranged to hold a plurality of vials en masse;
a singulation mechanism associated with the reservoir and adapted to separate single vials from the bulk collection;
a transport mechanism coupled downstream of the singulation mechanism and configured to advance the separated vials along a predefined route;
and a discharge station situated along the predefined route and configured to deliver the individual vials for further processing.",refine
US-6983280-B2,Automated processing of appropriateness determination of content for search listings in wide area network searches,"A method comprising:
obtaining a search query from a user device via a wide area network;
determining a plurality of content items relevant to said search query;
automatically assessing each of said plurality of content items to ascertain an appropriateness score for inclusion in a search listing;
wherein said automatic assessment involves evaluating content attributes of each content item against a predefined set of appropriateness criteria;
producing a search listing that includes a subset of said plurality of content items, said subset selected primarily based on their determined appropriateness scores; and
forwarding the generated search listing to the user device.",refine
US-6585074-B2,Vehicle steering system,"1. A vehicle steering system, comprising:
    a steering input device adapted to accept a steering command from an operator;
    a steering mechanism operatively connected to the steering input device, said mechanism arranged to transform the steering command into a steerable output; and
    at least one steerable wheel assembly linked to the steering mechanism, said wheel assembly adapted to alter the direction of at least one vehicle wheel responsive to the steerable output.",refine
US-9633288-B2,Image forming apparatus,"An image forming apparatus comprising:
an input interface for receiving electronic image data;
a processing unit coupled to said input interface, said processing unit adapted to process the received electronic image data, thereby generating image forming control signals;
an image forming unit coupled to said processing unit, said image forming unit arranged to form a visible image on a recording medium in accordance with the image forming control signals; and
a media transport unit adapted to supply the recording medium to said image forming unit and subsequently discharge it from said image forming unit.",refine
US-9757569-B2,Sensing window management of multipoint pacing,"A cardiac pacing system, comprising:
a multiple electrodes arranged to deliver pacing pulses to at least two separate cardiac sites;
a pulse generator coupled to the multiple electrodes and adapted to generate multipoint pacing pulses for transmission through the multiple electrodes;
a sensing circuit coupled to at least one of said multiple electrodes and adapted to sense endogenous cardiac activity; and
a control unit coupled to the pulse generator and the sensing circuit, the control unit arranged to:
    manage delivery of multipoint pacing pulses to the at least two separate cardiac sites;
    establish at least one detection interval for sensing endogenous cardiac activity; and
    adaptively modify a characteristic of the at least one detection interval subsequent to delivery of the multipoint pacing pulses, wherein the adjustment is configured to prevent sensing of artifacts associated with the multipoint pacing pulses while enabling detection of subsequent endogenous cardiac activity.",refine
US-6342851-B1,Method and arrangement for duty cycle enlargement,"A method for increasing a duty cycle, comprising:
obtaining an input signal having an initial pulse width and an initial duty cycle;
generating a delayed signal by delaying at least one edge of said input signal by a predefined delay period;
performing a logical OR operation between said input signal and said delayed signal to produce an output signal, wherein said output signal has an extended pulse width exceeding said initial pulse width, thereby achieving a duty cycle greater than said initial duty cycle.",refine
US-6671957-B2,Method of the manufacture of cooling devices,"A method of producing a cooling device, comprising:
supplying a heat exchange element comprising multiple fluid channels;
encasing the heat exchange element in a housing;
coupling at least one inlet conduit and at least one outlet conduit to the fluid channels of the heat exchange element;
directing a cooling fluid into the fluid channels through the inlet conduit; and
incorporating at least one active cooling component arranged to enhance heat transfer of the cooling fluid.",refine
US-9749935-B2,Methods and apparatus for cell scanning in system with large number of antennas,"A method for cell scanning within a wireless communication system employing numerous antennas, the method comprising:
receiving, through said numerous antennas, a plurality of wireless communication signals;
forming a plurality of receive beams using said numerous antennas, wherein the plurality of receive beams collectively spans a spatial region of interest;
processing signals corresponding to the plurality of receive beams to detect one or more reference signals transmitted by one or more candidate cells;
determining, based on the detected one or more reference signals, at least one cell from the one or more candidate cells and at least one cell parameter pertinent to the identified cell.",refine
US-6862530-B2,System and method for visualizing multi-scale data alongside a 3D trajectory,"A system for visualizing multi-scale data in conjunction with a 3D trajectory, comprising:
a memory storing multi-scale data and 3D trajectory data, wherein the multi-scale data includes information available at varying levels of detail and the 3D trajectory data delineates a path in three-dimensional space;
at least one processor coupled to the memory and configured to:
  access the multi-scale data and the 3D trajectory data;
  ascertain a level of detail for at least a portion of the multi-scale data for visualization;
  spatially correlate the multi-scale data at the determined level of detail with at least a corresponding segment of the 3D trajectory data; and
  generate display commands for rendering the 3D trajectory data and the spatially correlated multi-scale data, such that the multi-scale data is displayed in a contextual relationship with the corresponding segment of the 3D trajectory; and
a display device coupled to the at least one processor and adapted to render a visual representation in accordance with the display commands.",refine
US-8931850-B2,Seat back frame,"A seat back frame comprising:
a pair of generally vertical side members;
a top cross member connecting upper portions of said pair of generally vertical side members;
a bottom cross member joining lower portions of said pair of generally vertical side members;
wherein said pair of generally vertical side members, said top cross member, and said bottom cross member collectively form a perimeter for supporting a backrest cushion; and
attachment means coupled to said bottom cross member for pivotally joining the seat back frame to a seat base.",refine
US-8661861-B2,Dual locking system for integrated zipper lock,"A dual locking system for a zipper assembly, comprising:
a zipper slider arranged to traverse a pair of zipper stringers, said zipper slider having a pull tab connected thereto;
a first locking mechanism, incorporated into the zipper slider, said first locking mechanism including a first engaging element arranged to selectively engage a fixed locking receiver when the zipper slider is in a closed position;
a second locking mechanism, incorporated into the zipper slider and separate from the first locking mechanism, said second locking mechanism including a second engaging element arranged to selectively engage the fixed locking receiver or an alternative stationary retention feature, or to selectively secure the pull tab, when the zipper slider is in a closed position;
wherein release of both the first locking mechanism and the second locking mechanism is necessary to allow functional movement of the zipper slider from the closed position.",refine
US-6886045-B1,Subscription-based priority interactive help services on the internet,"A system for **delivering** subscription-based priority interactive **support** services, comprising:
a server **including** at least one processor and at least one memory storing **executable** instructions;
a **multitude** of client devices **operatively linked** to the server over a network;
a **multitude** of helper devices **operatively linked** to the server over a network;
the memory storing instructions which, when executed by the at least one processor, **enable** the server to:
    **accept** subscription requests from the **multitude** of client devices;
    **handle** payment information **pertaining to** each subscription request;
    **allocate** a **unique** priority level to each subscribed user based on an associated subscription tier;
    **accept** help requests from the **multitude** of client devices;
    **ascertain** a service priority for each received help request based on the **unique** priority level of the requesting subscribed user;
    **direct** each help request to an available helper device among the **multitude** of helper devices according to the determined service priority, **thereby ensuring** preferential access to **support** services for higher priority levels; and
    **enable** real-time, interactive communication between the requesting subscribed user and a helper operating the assigned helper device.",refine
US-6526214-B2,DVD sub-picture decoder with minimal buffering,"An apparatus for decoding DVD sub-picture data with minimal buffering, comprising:
a receiver module configured to receive encoded DVD sub-picture data from a data stream;
a decoding module coupled to the receiver module, configured to:
decode the received encoded DVD sub-picture data into corresponding pixel data; and
render the pixel data to an output buffer on a line-by-line basis,
wherein the decoding module is configured to process said encoded DVD sub-picture data and render the corresponding pixel data substantially without storing a full decoded sub-picture frame before rendering said pixel data to the output buffer;
an output interface coupled to the decoding module, configured to transmit the pixel data from the output buffer for display; and
a control module configured to synchronize the rendering of the pixel data by the decoding module and the transmission of the pixel data from the output interface in accordance with an associated video display timing signal.",refine
US-7217961-B2,Solid-state image pickup device and method for producing the same,"1. A solid-state imaging apparatus, comprising:
    a semiconductor substrate;
    a plurality of photosensitive elements disposed on the semiconductor substrate, each photosensitive element arranged to produce an electrical signal responsive to incident light;
    readout circuitry integrated with the semiconductor substrate and electrically coupled to the plurality of photosensitive elements, said readout circuitry configured to process and output the electrical signals therefrom; and
    an optical system positioned over the photosensitive elements, said optical system adapted to direct light thereto;
    wherein the apparatus is operable to capture an image.",refine
US-7225819-B2,Apparatus process and method for mounting and treating a substrate,"A system for holding and processing a substrate, comprising:
a substrate mounting assembly configured to receive and firmly hold a substrate in a specified orientation;
a treatment station disposed adjacent to the substrate mounting assembly, the treatment station including a treatment applicator configured to apply a specific treatment to the substrate while the substrate is retained by the substrate mounting assembly; and
a control system communicatively linked to the substrate mounting assembly and the treatment station, the control system adapted to coordinate the actions of the substrate mounting assembly for positioning the substrate and the treatment station for applying the treatment to the substrate.",refine
US-8039955-B2,Mold lock on heat spreader,"1. A heat spreader comprising:
   a body possessing a first surface arranged to contact a heat source and a second surface opposing the first surface; and
   at least one mold lock element formed integrally with said body, said mold lock element presenting a contoured surface geometry adapted to mechanically interlock with a molded material deposited on the body for securing the molded material thereto.",refine
US-6975606-B2,Method and apparatus for removing a base transceiver station from a wireless communication system,"A method for decommissioning a base transceiver station within a wireless communication system, the method comprising:
    receiving a request to decommission a base transceiver station (BTS) from the wireless communication system;
    commencing an offload procedure for user equipment (UE) presently served by the BTS, wherein the offload procedure involves instructing the UE to transition its connection to one or more other BTSs within the wireless communication system;
    transmitting a deactivation command to the BTS, wherein the deactivation command directs the BTS to cease transmitting and receiving wireless signals and to sever its logical connection with a core network of the wireless communication system;
    receiving a deactivation confirmation from the BTS;
    updating a network topology database to reflect the BTS as removed or inactive; and
    authorizing physical disconnection of the BTS from the wireless communication system following receipt of the deactivation confirmation.",refine
US-6490861-B2,Hydraulic steering system,"What is claimed is:
1. A hydraulic steering system for a vehicle, comprising:
    a steering input device configured to produce a steering command;
    a hydraulic pump configured to generate pressurized hydraulic fluid;
    a fluid reservoir configured to store hydraulic fluid for the hydraulic pump;
    a control valve fluidly coupled to the hydraulic pump and the fluid reservoir, the control valve configured to receive the steering command and, responsive thereto, direct the pressurized hydraulic fluid;
    a hydraulic actuator fluidly coupled to the control valve, the hydraulic actuator configured to receive the directed pressurized hydraulic fluid and, responsive thereto, generate a steering force; and
    a steering linkage mechanically coupled to the hydraulic actuator, the steering linkage configured to transmit the steering force to a steerable wheel of the vehicle.",refine
US-8176019-B2,Extending the sparcle privacy policy workbench methods to other policy domains,"A computer-implemented method for adapting a policy analysis workbench initially configured for privacy policies to operate across varied policy domains, comprising:
receiving, by one or more processors, multiple policy documents pertaining to a designated non-privacy policy domain;
analyzing the received policy documents for extracting policy statements, obligations, and constraints;
creating a dynamic domain-specific policy model and an associated ontology using the extracted policy statements, obligations, and constraints, said policy model being tailored for the specific non-privacy policy domain, this creation leveraging a framework derived from a sparcle privacy policy workbench architecture;
employing a series of sparcle-based analytical techniques on the domain-specific policy model to uncover instances of compliance issues, conflicts between policy statements, redundancies, or gaps within the documents for the non-privacy policy domain;
formulating, informed by these identified issues, conflicts, redundancies, or gaps, relevant policy insights for the designated non-privacy policy domain;
and thereafter presenting these policy insights through a user interface of the policy analysis workbench.",refine
US-9730974-B2,"Combinations of extracts of Serenoa repens and lipophilic extracts of Zingiber officinalis and Echinacea angustifolia, the use thereof, and formulations containing them","A composition comprising:
a *Serenoa repens* extract;
a lipophilic extract of *Zingiber officinalis*;
a lipophilic extract of *Echinacea angustifolia*; and
a suitable pharmaceutical carrier.",refine
US-6831406-B1,Electroluminescent device having a very thin emission layer,"An electroluminescent device comprising:
a substrate;
an anode formed on the substrate;
an emission layer containing an electroluminescent material, said layer positioned above the anode and having a thickness of less than 10 nanometers; and
a cathode situated above the emission layer.",refine
US-8502905-B2,Solid-state imaging device,"A solid-state imaging device comprising:
a semiconductor substrate;
a pixel array situated on said semiconductor substrate, said pixel array comprising numerous pixels organized in rows and columns;
each said pixel comprising a photosensitive element adapted to generate an electrical charge upon receiving incident light;
a charge transfer mechanism coupled to each said photosensitive element, arranged to transfer said electrical charge;
a charge sensing node provided for each said pixel, designed to convert said electrical charge into a voltage signal;
and readout circuitry interfaced with said pixel array, said readout circuitry adapted to acquire and process said voltage signals from said plurality of pixels to generate image data.",refine
US-8944978-B2,Ergonomic pull handle and associated exercise methods,"1. An ergonomic pull handle, comprising:
    a handle body incorporating a primary gripping surface;
    said primary gripping surface ergonomically shaped to fit a user's hand for enhanced grip comfort and minimized strain during pulling exercises;
    a non-slip material applied to said primary gripping surface; and
    a connector element affixed to the handle body, said connector element adapted for selective attachment to a resistance source.",refine
US-8795539-B2,Block copolymer and method of forming patterns by using the same,"1. A method for generating a nanometer-scale pattern on a substrate, including:
    supplying a substrate;
    applying a block copolymer composition onto the substrate, said block copolymer composition comprising a block copolymer possessing at least a first block and a second block that are chemically distinct and mutually immiscible; and
    processing the block copolymer composition to effect microphase separation of the first block and the second block, thereby creating an ordered pattern of recurring features on the substrate.",refine
US-8572876-B2,Systems and methods for detecting use of an electronic control device,"A system for monitoring utilization of an electronic control device, the system comprising:
a data acquisition module configured to obtain data associated with an operation of an electronic control device;
a processing module communicatively coupled to the data acquisition module, the processing module arranged to analyze the acquired data to identify a usage event of the electronic control device;
wherein the processing module is further configured to ascertain at least one characteristic of the identified usage event; and
an output module communicatively coupled to the processing module, the output module arranged to generate an indication of the identified usage event.",refine
US-8186930-B2,Apparatus for moving a wheelchair into and out of a vehicle,"An apparatus for transferring a wheelchair to and from a vehicle, the apparatus comprising:
a vehicle mounting assembly adapted to affix the apparatus to a vehicle;
a wheelchair engagement assembly designed to releasably retain a wheelchair;
a support structure mechanically joined to the vehicle mounting assembly, said support structure arranged to define a path of travel for the wheelchair engagement assembly;
a drive mechanism operably connected to the wheelchair engagement assembly and said support structure, wherein the drive mechanism is configured to propel the wheelchair engagement assembly along the path of travel between an external position outside the vehicle and an internal position inside the vehicle; and
a control unit functionally linked to the drive mechanism, said control unit adapted to selectively activate the drive mechanism to commence and halt movement of the wheelchair engagement assembly.",refine
US-9715021-B2,Radiation imaging apparatus and radiation imaging system,"A system for radiation imaging, including a radiation detector arranged to detect radiation and convert it into an electrical signal; a signal processing unit operatively coupled to the radiation detector, said signal processing unit configured to process the electrical signal from the radiation detector; and an image output unit operatively coupled to the signal processing unit, said image output unit configured to produce image data based on the processed electrical signal.",refine
US-7798497-B2,Tight package sensor seal,"A sealing device for a package, comprising:
a unitary seal body arranged for placement between an interior of the package and an external environment;
the seal body including a first sealing surface adapted to engage a corresponding surface of the package;
and a second sealing surface adapted to circumferentially engage an outer surface of a sensor;
wherein the first sealing surface and the second sealing surface are designed to establish a fluid-tight seal upon compression of the sealing device between the package and the sensor.",refine
US-8835196-B2,Method for producing transparent conductive film and method for manufacturing solar cell,"A method for fabricating a transparent conductive film, comprising:
supplying a transparent substrate;
depositing a layer of a transparent conductive material precursor on a surface of the transparent substrate via a vapor deposition process; and
subsequently treating the deposited layer to transform the transparent conductive material precursor into a transparent conductive film, wherein the transparent conductive film possesses an average visible light transmittance of at least 80% across the visible spectrum and a sheet resistance of less than 200 ohms per square.",refine
US-9274334-B2,"Dust removal system, image capture device and dust removal vibration method thereof","An image capture device, comprising:
an image sensor arranged to acquire an image;
a dust-clearing element disposed in an optical path of the image sensor;
a vibration mechanism mechanically linked to the dust-clearing element, said mechanism configured to impart vibration to the dust-clearing element; and
a control unit operatively connected to the vibration mechanism, said control unit configured to activate the vibration mechanism to cause vibration of the dust-clearing element to dislodge dust particles therefrom.",refine
US-9846529-B2,Method for processing information and electronic device,"A method for information processing, comprising:
obtaining, by an electronic device, input data from one or more sources;
processing the received input data based on a predefined processing logic, thereby generating processed information; and
producing an output based on the processed information, wherein the output is adapted to alter an operational state of the electronic device or an external system.",refine
US-9663207-B2,Paddle apparatus for watercraft,"1. An apparatus, comprising:
    a handle portion adapted for user gripping;
    an elongated shaft with a first and a second end, its first end joined to the handle portion; and
    a blade portion affixed to the second end of the elongated shaft, said blade portion arranged to interact with water to propel a watercraft.",refine
US-6714831-B2,Paint defect automated seek and repair assembly and method,"An assembly for automated detection and repair of paint defects on a workpiece having a painted surface, the assembly comprising:
an inspection unit configured to scan the surface of the painted workpiece to detect one or more paint defects thereon, the inspection unit comprising at least one optical sensor and a defect analysis module operable to identify the type, size, and location of said one or more paint defects;
a repair unit comprising at least one repair tool configured to perform a corrective action corresponding to the identified type, size, and location of said one or more paint defects;
a robotic manipulator system mechanically coupled to at least one of said inspection unit and said repair unit, the robotic manipulator system configured to precisely position said inspection unit for scanning and said repair unit for executing the corrective action;
a control unit communicatively coupled to said inspection unit, said repair unit, and said robotic manipulator system, the control unit comprising a processor and memory, the control unit configured to receive defect data from said inspection unit, generate a repair plan based on said defect data, and execute the repair plan by controlling said robotic manipulator system and said repair unit; and
a workpiece positioning system configured to present the workpiece having the painted surface to said inspection unit and said repair unit.",refine
US-9035330-B2,Organic light-emitting display device and method of manufacturing the organic light emitting display device,"1. An organic light-emitting display device, including:
    a substrate;
    an anode layer positioned over the substrate;
    a hole injection layer situated above the anode layer;
    a hole transport layer disposed over the hole injection layer;
    an emissive layer formed over the hole transport layer;
    an electron transport layer disposed over the emissive layer;
    an electron injection layer positioned above the electron transport layer;
    a cathode layer disposed over the electron injection layer; and
    at least one encapsulation layer positioned over the cathode layer.",refine
US-7680239-B2,Shift register and driving method thereof,"1. A shift register, comprising:
a series of serially connected stages, each stage comprising a data storage element and including a data input and a data output;
a primary data input connected to the data input of a first stage of the series of serially connected stages;
wherein the data output of each stage, excluding a final stage, is connected to the data input of a subsequent stage;
a clock input adapted to receive a main clock signal;
a control signal generation circuit, connected to the clock input, that generates a plurality of distinct stage control signals based on the main clock signal and at least one initial control input; and
wherein each stage of the series of serially connected stages is adapted to update its data storage element with a data value from its data input and to convey its stored data value to its data output in response to a corresponding one of the plurality of distinct stage control signals.",refine
US-7433725-B2,Dual purpose multi-brand monopole antenna,"An antenna apparatus, comprising:
a monopole radiating element featuring a primary conductor extending from a feed point;
a ground plane electromagnetically coupled to said monopole radiating element;
a feed network connected to said monopole radiating element and said ground plane;
wherein said monopole radiating element is configured to exhibit a plurality of distinct resonant frequencies, which thereby enables multi-band operation across a plurality of communication frequency bands; and
wherein said monopole radiating element is additionally structured to provide a first antenna function optimized for a first communication purpose and a second antenna function optimized for a second communication purpose, the second communication purpose being distinct from the first communication purpose.",refine
US-6313860-B1,Letter printing method using line thermal head,"1. A method for printing characters using a line thermal head, the method comprising:
receiving input data indicative of characters for printing;
generating a set of print data rows, where each print data row corresponds to a scan line of a character image;
positioning a print medium adjacent to a line thermal head, the line thermal head comprising a plurality of heating elements spanning a print width;
progressively moving the print medium relative to the line thermal head;
for each respective print data row, selectively energizing a subset of the plurality of heating elements according to the corresponding print data row as the print medium is advanced, thereby forming a line of dots on the print medium; and
iterating said progressive movement and said selective energizing to produce one or more complete characters on the print medium.",refine
US-8340810-B2,Robotic storage library with queued move instructions and method of queuing such instructions,"A robotic storage library comprising:
a plurality of storage locations adapted to store a plurality of media items;
at least one robotic handler adapted to retrieve and deposit media items from and into the plurality of storage locations; and
a control system coupled to the at least one robotic handler, the control system comprising a processor and a memory, the memory maintaining a queue of move instructions, the processor configured to receive requests for media item movements, the processor further configured to create a plurality of move instructions in response to the received requests, the processor further configured to add said plurality of move instructions to the queue, the processor further configured to retrieve move instructions from the queue, and the processor further configured to transmit the retrieved move instructions to the at least one robotic handler for execution.",refine
US-7809556-B2,Error conceal device and error conceal method,"An error concealment apparatus, comprising:
  an input interface configured to receive a data stream;
  an error detection module configured to identify an error within the received data stream, said error indicating missing or corrupted data;
  a concealment module operatively coupled to the error detection module, said concealment module configured to, upon identification of an error, ascertain a concealment technique based on characteristics of the detected error and available contextual data associated with the data stream, and generate replacement data using the ascertained concealment technique; and
  an output interface communicatively coupled to the concealment module, said output interface configured to output a processed data stream, wherein the generated replacement data is inserted into the processed data stream in place of the detected error.",refine
US-9690456-B2,Method for controlling window and electronic device for supporting the same,"1. A method to control a graphical user interface window, the method comprising:
    displaying, by an electronic device, a graphical user interface window on its display;
    receiving, by the electronic device, user input associated with the displayed graphical user interface window;
    determining, by the electronic device, a control operation for the graphical user interface window based on the received user input and at least one context parameter of the electronic device or the graphical user interface window;
    executing, by the electronic device, the determined control operation on the graphical user interface window; and
    updating its display to reflect the executed control operation.",refine
US-7922418-B2,Mounting assembly,"A mounting assembly comprising:
a base member arranged to be secured to a support surface;
a device engagement member arranged to securely hold an electronic device; and
an interconnection mechanism configured to releasably couple the device engagement member to the base member, the interconnection mechanism permitting adjustment of an orientation of the device engagement member relative to the base member, and comprising a locking feature configured to selectively fix the orientation of the device engagement member relative to the base member.",refine
US-6952352-B2,Integrated circuit chip package with formable intermediate 3D wiring structure,"An integrated circuit chip package, comprising:
an integrated circuit chip;
a package substrate; and
a formable intermediate 3D wiring structure interposed between the integrated circuit chip and the package substrate;
wherein the formable intermediate 3D wiring structure incorporates a plurality of electrically conductive traces, said electrically conductive traces being shaped into a three-dimensional configuration; and
wherein the formable intermediate 3D wiring structure is configured to electrically couple the integrated circuit chip to the package substrate, and is formed from a material having sufficient plasticity for its shaping into the three-dimensional configuration.",refine
US-6584483-B1,System and method for efficient hardware implementation of a perfect precision blending function,"A system for efficient hardware execution of a perfect precision blending function, comprising:
an input interface configured for receiving a plurality of input data operands, each with a specified input precision, and at least one blending factor having a specified blending factor precision;
a blending processing unit coupled to said input interface, said blending processing unit having dedicated hardware logic circuitry configured to:
    produce a first intermediate product by multiplying a first input data operand from said plurality of input data operands by said at least one blending factor;
    produce a second intermediate product by multiplying a second input data operand from said plurality of input data operands by a complement of said at least one blending factor;
    form a preliminary blended result by adding said first intermediate product and said second intermediate product; and
    scale said preliminary blended result to attain a target output precision;
    wherein said dedicated hardware logic circuitry is arranged to preserve an intermediate precision for said first intermediate product, said second intermediate product, and said preliminary blended result that is adequate to prevent loss of significant bits from said input data operands and said blending factor during said multiplying and adding operations, thus ensuring perfect precision blending; and
an output interface coupled to said blending processing unit, said output interface arranged to supply a blended output data operand with said target output precision.",refine
US-6259308-B1,Optical coupling semiconductor switching circuit,"A semiconductor switching circuit comprising:
an input terminal adapted to receive a control signal;
a drive circuit coupled to the input terminal and arranged to generate an electrical signal in response to the control signal;
an optical emitter coupled to the drive circuit and arranged to emit light responsive to the electrical signal;
an optical detector physically separated from the optical emitter and adapted to receive the emitted light and produce a detected electrical signal;
a semiconductor switching element coupled to the optical detector and configured to regulate current flow through an output path responsive to the detected electrical signal; and
an output terminal connected to the semiconductor switching element, whereby the optical emitter and the optical detector are galvanically isolated.",refine
US-6909848-B2,Self-adjusting bit rate transducer in optical transmission system,"A self-adjusting bit rate transducer for an optical transmission system, said transducer comprising:
    an optical input adapted to receive an incoming optical signal;
    a bit rate detection unit coupled to the optical input, said bit rate detection unit configured to ascertain a present bit rate of the incoming optical signal;
    a processing unit coupled to the bit rate detection unit, said processing unit configured to establish a target bit rate for an outgoing optical signal based on said present bit rate of the incoming optical signal and at least one operational parameter of the optical transmission system;
    a bit rate conversion unit coupled to the processing unit, said bit rate conversion unit configured to transform the incoming optical signal to an outgoing optical signal exhibiting the established target bit rate; and
    an optical output coupled to the bit rate conversion unit, said optical output configured to output the outgoing optical signal.",refine
US-8791606-B2,System and method to detect child presence,"A system for detecting child presence, comprising:
a sensing module configured to acquire environmental data reflecting presence within an environment;
a processing unit in communication with the sensing module, the processing unit configured for analyzing the environmental data to assess a probability of child presence within the environment;
a memory module coupled to the processing unit, the memory module storing executable instructions which, when executed by the processing unit, cause the unit to perform analysis algorithms for distinguishing child presence from non-child presence; and
an output module coupled to the processing unit, the output module arranged to generate an alert when the probability of child presence surpasses a predefined threshold.",refine
US-9326140-B2,Method and system for implementing an advanced mobile authentication solution,"A method for performing an advanced mobile authentication process, comprising:
gathering, by a mobile client application running on a mobile device, a plurality of distinct authentication attributes, comprising at least one dynamic attribute obtained from a sensor of the mobile device;
establishing, by the mobile device, a secure communication channel with an authentication server;
transmitting, by the mobile device over the secure communication channel, an authentication request that includes the plurality of distinct authentication attributes;
receiving, by the authentication server from the mobile device, the authentication request;
assessing, by the authentication server, the plurality of distinct authentication attributes alongside pre-registered user data and contextual information relevant to the authentication request;
computing, by the authentication server, a composite authentication score derived from said assessment;
comparing, by the authentication server, the composite authentication score with respect to a predefined security threshold; and
providing, by the authentication server to the mobile device, an authentication decision responsive to said comparison.",refine
US-9111830-B1,Perforated blocking layer for enhanced broad band response in a focal plane array,"A focal plane array comprising:
a photodetector array; and
a blocking layer optically coupled to said photodetector array, said blocking layer comprising a plurality of perforations formed therethrough;
wherein said plurality of perforations are arranged to transmit a wide band of incident radiation to said photodetector array, thereby enhancing a broad band response of the focal plane array.",refine
US-7460783-B2,Method and apparatus for dynamic provisioning of reliable connections in the presence of multiple failures,"A method for dynamically establishing reliable connections within a network system despite multiple failures, the method comprising:
observing a network system for failure events;
identifying multiple concurrent or successive failure events within the network system;
ascertaining a current operational state of the network system following the detection of said failure events;
discovering available network resources and viable paths within the network system based on the current operational state;
formulating one or more potential connection configurations for a dependable connection between a source and a destination, utilizing the discovered available network resources and viable paths, wherein each configuration is designed to mitigate the impact of the multiple failure events and ensure a predefined level of reliability;
choosing an optimal connection configuration from the one or more potential connection configurations according to one or more optimization criteria; and
implementing the reliable connection within the network system in accordance with the chosen optimal connection configuration.",refine
US-8541070-B2,Media for inkjet web press printing,"A printing medium for inkjet web presses, comprising:
a continuous web substrate possessing a first surface and a second surface;
said continuous web substrate exhibiting a basis weight suited for high-speed web press handling and a dimensional stability that resists curling or cockling during inkjet printing and subsequent drying; and
at least one ink-receiving layer positioned on the first surface of the continuous web substrate;
said at least one ink-receiving layer including a porous pigment and a polymeric binder, wherein the weight ratio of said porous pigment to said polymeric binder is optimized to attain a desired ink absorption rate and an open time conducive to print head maintenance;
wherein the medium, when printed with aqueous inkjet inks at characteristic web press speeds, exhibits a rapid ink drying time adequate to prevent set-off or smearing prior to subsequent processing steps, a controlled dot gain to preserve high image resolution, an extensive color gamut, and a post-print rub resistance sufficient for commercial finishing operations.",refine
US-9508265-B2,Methods and systems for wind mitigation in autonomous parafoil guidance,"A method for autonomously guiding a parafoil, comprising:
obtaining, by a control system, flight state data pertaining to the parafoil;
obtaining, by the control system, environmental data including wind conditions;
ascertaining, by the control system, a projected wind-induced perturbation affecting the parafoil, utilizing the flight state data and the environmental data;
generating, by the control system, a guidance command for the parafoil, said guidance command being configured to counteract the ascertained projected wind-induced perturbation and for steering the parafoil toward a target destination; and
dispatching, by the control system, the guidance command to an actuator system of the parafoil for subsequent execution.",refine
US-7172004-B1,Apparatus for applying compressible gasket to beams,"An apparatus for applying a compressible gasket to a beam, comprising:
a gasket supply mechanism adapted to store a length of compressible gasket material and to advance the gasket material along a feed path;
an application head located downstream of the gasket supply mechanism along the feed path, the application head adapted for receiving the gasket material;
a pressing mechanism operatively connected to the application head, the pressing mechanism arranged to press the gasket material onto a surface of a beam;
a positioning mechanism configured to enable relative movement between the application head and the beam for applying the gasket along a predetermined length of the beam; and
a cutting mechanism arranged to cut the gasket material to a predetermined length subsequent to its application to the beam.",refine
US-7011562-B2,Organic electroluminescence display panel and method for sealing the same,"An organic electroluminescent display panel, comprising:
a substrate;
an array of organic electroluminescent elements arranged over the substrate, each organic electroluminescent element comprising an anode, an organic emissive layer, and a cathode, said organic emissive layer being located between said anode and said cathode; and
a sealing structure hermetically enclosing said array of organic electroluminescent elements and at least a section of said cathode, thereby preventing the ingress of moisture and oxygen into said organic electroluminescent elements.",refine
US-9399487-B2,Vehicle body front portion structure,"A vehicle body forward section assembly, including:
a pair of longitudinal side members;
a bumper beam disposed forward of the pair of longitudinal side members;
a pair of impact absorbing members, each impact absorbing member coupled between a respective one of said longitudinal side members and the bumper beam; and
at least one cross member connecting the pair of longitudinal side members.",refine
US-9793633-B2,Electrical connector with a grounding bar connecting the terminals of a plurality of ground contact wafers and shielding braids of cables,"An electrical connector, comprising:
a housing;
a plurality of ground contact wafers situated within the housing, each wafer having a ground contact terminal;
a grounding bar positioned within the housing;
wherein the grounding bar electrically connects with the ground contact terminals of the plurality of ground contact wafers; and
wherein the grounding bar is arranged for electrical connection to shielding braids of a plurality of cables.",refine
US-7181974-B2,Moisture-protected pressure sensor,"A moisture-sealed pressure sensor comprising:
a pressure sensing element configured to produce an electrical signal responsive to a sensed pressure; and
a moisture-impermeable enclosure substantially enveloping said pressure sensing element, wherein said enclosure is configured to preclude ingress of moisture to said pressure sensing element.",refine
US-7047002-B2,Poll scheduling for emergency calls,"A method for dynamically managing polling schedules for emergency calls, comprising:
receiving an emergency call from a caller device;
ascertaining multiple emergency call characteristics pertaining to the emergency call, such characteristics including at least one of call severity, caller location, available emergency responder resources, or network congestion;
dynamically generating a polling schedule to monitor the emergency call or its response status based on the ascertained emergency call characteristics, said polling schedule specifying at least one of a polling frequency, a polling interval, or a polling duration;
conducting a series of polls in accordance with the dynamically generated polling schedule, each poll designed to collect real-time status data pertinent to the emergency call or an associated emergency response;
evaluating the collected real-time status data; and
initiating an action based on the evaluated real-time status data, said action including at least one of adjusting the polling schedule, dispatching additional emergency resources, updating emergency personnel, or alerting a central emergency management system.",refine
US-8154488-B2,Liquid crystal display module having contact protrusion between top chassis and bottom chassis,"A liquid crystal display module, comprising:
an upper chassis;
a lower chassis; and
a contact element positioned between the upper chassis and the lower chassis.",refine
US-7605148-B2,Aqueous oral solution of bisphosphonic acid,"1. An aqueous oral solution comprising:
a therapeutic amount of a pharmaceutically acceptable bisphosphonic acid or its pharmaceutically acceptable salt;
water serving as a solvent; and
at least one pharmaceutically acceptable excipient;
wherein the bisphosphonic acid or its pharmaceutically acceptable salt is fully dissolved in the water to yield a clear solution appropriate for oral administration.",refine
US-6812780-B2,Filter circuit and detection circuit having filter circuit,"A detection circuit, comprising:
an input terminal adapted for receiving an input signal;
a filter circuit coupled to the input terminal, said filter circuit comprising a combination of at least one reactive element and at least one resistive element, said combination forming a frequency-selective network adapted to diminish unwanted frequency components within the input signal and delivering a filtered signal at an output thereof; and
a detection stage connected to the filter circuit's output, said detection stage arranged to evaluate a characteristic of the filtered signal and producing a detection output corresponding to said characteristic.",refine
US-6277711-B1,Semiconductor matrix formation,"1. A method for fabricating a semiconductor matrix, comprising:
    obtaining a substrate;
    depositing a semiconductor layer on the substrate;
    patterning the semiconductor layer, thereby defining a plurality of discrete semiconductor elements configured as a matrix;
    depositing an insulating layer disposed over the plurality of discrete semiconductor elements; and
    creating a plurality of conductive interconnections, each such interconnection electrically connected to at least one of the plurality of discrete semiconductor elements.",refine
US-8337248-B1,Connector assembly,"A connector assembly, comprising:
a first connector housing;
a second connector housing;
the first connector housing presenting a first mating interface;
the second connector housing presenting a second mating interface complementary to the first mating interface;
wherein the first mating interface and the second mating interface are adapted to mechanically engage when the first connector housing is inserted into the second connector housing;
and wherein the connector assembly is operable to establish an electrical connection between a first electrical conductor and a second electrical conductor when the first and second connector housings are mechanically engaged.",refine
US-9341741-B2,Electronic device with temperature and humidity sensor and method for determining humidity value,"An electronic device comprising:
a temperature sensor generating a temperature signal indicative of an ambient temperature;
a humidity sensor generating a raw humidity signal indicative of an ambient humidity;
a processor operatively coupled with the temperature sensor and the humidity sensor, the processor configured to receive the temperature signal and the raw humidity signal, and to subsequently determine a compensated humidity value by processing the raw humidity signal with a temperature-compensation algorithm, utilizing the received temperature signal;
a memory unit in communication with the processor, for storing instructions for the temperature-compensation algorithm and for storing the determined compensated humidity value; and
an output interface linked to the processor, for presenting the compensated humidity value.",refine
US-9513919-B2,Method and apparatus for speculative decompression,"A method of speculative decompression of a compressed data stream, comprising:
obtaining a compressed data stream;
speculatively identifying a prospective decompression operation for a segment of the compressed data stream, such speculative determination occurring before a confirmed requirement for said prospective operation;
executing decompression of said segment of the compressed data stream based on the speculatively identified prospective decompression operation;
confirming the speculatively identified prospective decompression operation; and
in response to a successful confirmation, employing the decompressed segment of the compressed data stream;
alternatively, if validation is unsuccessful, executing a non-speculative decompression of said segment of the compressed data stream.",refine
US-9647335-B1,Joint beamforming in point-to-point wireless communication networks,"A method for joint beamforming in a point-to-point wireless communication network, comprising:
transmitting a pilot signal from a transmitter having a transmit antenna array;
receiving the pilot signal at a receiver having a receive antenna array, and estimating channel state information (CSI) for a wireless channel connecting the transmitter and the receiver;
determining, at the receiver, a receive beamforming vector utilizing the estimated CSI;
generating, at the receiver, feedback information from the estimated CSI, the feedback information representing preferred transmit beamforming characteristics;
sending the feedback information from the receiver to the transmitter;
receiving, at the transmitter, the feedback information and calculating a transmit beamforming vector from the received feedback information;
applying, at the transmitter, the determined transmit beamforming vector to a data stream, thereby generating a transmit beamformed signal;
sending, from the transmitter, the transmit beamformed signal to the receiver;
obtaining, at the receiver, the transmit beamformed signal; and
utilizing, at the receiver, the determined receive beamforming vector on the received transmit beamformed signal to recover a data stream.",refine
US-6522226-B2,Transparent metallic millimeter-wave window,"A transparent metallic millimeter-wave window comprising:
a substantially optically transparent substrate;
a patterned metallic layer disposed on the substantially optically transparent substrate, the patterned metallic layer comprising an array of conductive metallic elements defining multiple apertures;
wherein the dimensions and arrangement of the metallic elements and apertures are structured to render the window substantially optically transparent to visible light and substantially transparent to millimeter-wave radiation within a millimeter-wave frequency range.",refine
US-6310185-B1,Recombinant human anti-Lewis Y antibodies,"An isolated recombinant human antibody or an antigen-binding fragment thereof, which specifically binds to the Lewis Y antigen; wherein said antibody or antigen-binding fragment includes a heavy chain variable region and a light chain variable region that together confer this specific binding; and wherein said antibody or antigen-binding fragment originates from human immunoglobulin sequences.",refine
US-8085847-B2,Method for compressing/decompressing motion vectors of unsynchronized picture and apparatus using the same,"A method for compressing motion vectors of an unsynchronized picture, the method comprising:
    obtaining motion vectors for blocks of an unsynchronized image, said image lacking a standard temporal reference frame for motion vector prediction;
    determining, for a current block in the unsynchronized image, a predicted motion vector for its current motion vector, said predicted motion vector being derived from at least one of spatially adjacent motion vectors within the unsynchronized image or motion vectors from a non-temporally aligned reference source;
    computing a motion vector difference by subtracting the predicted motion vector from the current motion vector; and
    encoding the motion vector difference to yield compressed motion vector data for the unsynchronized image.",refine
US-6526294-B1,Automatic control circuit for enabling and disabling the supply voltage in a short range wireless device,"An automatic control circuit for managing power to a short-range wireless device, said circuit comprising:
a detection module configured to identify a specified short-range wireless communication trigger condition;
a controller operably coupled to the detection module, said controller configured to obtain input from the detection module and to determine, based on said input, whether to activate or deactivate the supply voltage; and
a power switching module operably coupled to the controller and configured to selectively deliver the supply voltage to the short-range wireless device;
wherein the controller is further configured to command the power switching module to enable the supply voltage to the short-range wireless device upon determining the presence of the specified short-range wireless communication trigger condition; and
wherein the controller is further configured to command the power switching module to disable the supply voltage to the short-range wireless device upon determining the absence of the specified short-range wireless communication trigger condition for a predefined period.",refine
US-9196540-B2,FinFET structure with novel edge fins,"A FinFET structure, comprising:
a semiconductor substrate;
a plurality of semiconductor fins extending from the semiconductor substrate, said fins comprising at least one inner fin and at least one edge fin, the at least one edge fin located at a periphery of an active device region on the semiconductor substrate;
a gate dielectric layer conformally formed over sidewalls and a top surface of each of said semiconductor fins;
a gate electrode formed over the gate dielectric layer, the gate electrode enveloping a channel region of each of said semiconductor fins;
source and drain regions situated at opposing ends of the channel region for each of said semiconductor fins; and
wherein the at least one edge fin exhibits a non-uniform cross-sectional profile along its vertical extent, said profile having a wider base section and a narrower upper section, wherein the wider base section is at least partly situated within an adjacent shallow trench isolation (STI) region surrounding the active device region.",refine
US-7226448-B2,Cardiac treatment devices and methods,"1.  A device for addressing a cardiac condition, comprising:
    a catheter body having a proximal end and a distal end, wherein the distal end is configured for intravascular delivery to a cardiac region of a patient;
    at least one sensor positioned at or near the distal end of the catheter body, the at least one sensor arranged to detect at least one physiological parameter associated with the cardiac condition;
    at least one therapy delivery element situated at or near the distal end of the catheter body, the at least one therapy delivery element adapted to deliver a therapeutic intervention to the cardiac region; and
    a control unit operatively coupled to the at least one sensor and the at least one therapy delivery element, the control unit arranged to receive data from the at least one sensor and, based on the received data, further adapted to activate the at least one therapy delivery element to deliver the therapeutic intervention.",refine
US-6452196-B1,Power supply hardening for ion beam systems,"A power supply system for an ion beam system, comprising:
an input stage configured to accept an unregulated power source;
a conditioning circuit electrically connected to the input stage, the conditioning circuit adapted to regulate at least one of the voltage or current of the accepted power, thereby establishing a stable intermediate power level;
an energy storage module interconnected with the conditioning circuit, the energy storage module configured to deliver energy during periods of transient load demands or input power fluctuations;
a noise suppression filter connected to at least one of the conditioning circuit and the energy storage module, the noise suppression filter configured to attenuate electrical noise components;
an output stage connected to at least one of the conditioning circuit, the energy storage module, and the noise suppression filter, the output stage configured to furnish a robust and stable power output to the ion beam system; and
a protection circuit configured to mitigate damage due to over-voltage, under-voltage, over-current, or short-circuit events;
wherein the power supply system is designed to ensure stable operation of the ion beam system notwithstanding fluctuations in the input power source or dynamic load demands.",refine
US-9422949-B2,Energy-recovery generation system for handling and carrying electric vehicle,"An energy-recovery generation system for transporting and manipulating an electric vehicle, said system comprising:
a vehicle transport apparatus adapted to mechanically engage an electric vehicle and selectively displace the electric vehicle, said selective displacement comprising at least one of lifting, lowering, accelerating, or decelerating the electric vehicle;
a regenerative power conversion unit mechanically coupled to the vehicle transport apparatus, said regenerative power conversion unit adapted to produce electrical energy from mechanical energy derived from the vehicle transport apparatus during at least one of lowering the electric vehicle or decelerating the electric vehicle;
a power conditioning circuit electrically coupled to the regenerative power conversion unit, said power conditioning circuit adapted to regulate and refine the generated electrical energy; and
an energy storage subsystem electrically coupled to the power conditioning circuit, said energy storage subsystem adapted to acquire and retain the conditioned electrical energy for later utilization.",refine
US-9109907-B2,Vehicle position recognition apparatus and method using image recognition information,"A vehicle position detection system, comprising:
an image capture unit configured to acquire image data depicting an exterior environment of a vehicle;
an image processing unit configured to analyze the acquired image data to produce recognition information for identifying environmental features; and
a positioning unit configured to ascertain a current location of the vehicle utilizing the produced recognition information.",refine
US-7088324-B2,Liquid crystal display driver and method thereof,"A liquid crystal display driver, comprising:
an input interface adapted to receive display data and control signals from an external source;
a data processing unit coupled to the input interface, operable to process said received display data, wherein said processing encompasses at least one of gamma correction, dithering, or color space conversion;
a timing controller operatively connected to the data processing unit, arranged to generate timing signals for synchronizing display operations and enabling driving waveform generation; and
a display output stage communicatively linked to the timing controller and the data processing unit, adapted to generate a set of pixel driving voltages to energize pixels of a liquid crystal display panel based on the processed display data and the generated timing signals.",refine
US-6646105-B2,Process for treating by-product of polyarylene sulfide,"A process for treating a polyarylene sulfide production by-product, comprising:
obtaining a by-product stream derived from polyarylene sulfide synthesis;
separating said by-product stream into a solid phase and a liquid phase;
cleansing the solid phase with a washing solvent to remove impurities;
drying the washed solid phase to yield a treated solid material; and
recovering at least one valuable component from the liquid phase for subsequent use or additional processing.",refine
US-6780051-B2,Coaxial connector and manufacture thereof,"A coaxial connector, comprising:
    an inner conductor disposed along a central axis;
    an outer conductor concentrically enveloping at least a portion of the inner conductor, said outer conductor being electrically conductive;
    a dielectric material positioned between the inner conductor and the outer conductor, said dielectric material having a specific permittivity and configuration to maintain a characteristic impedance between the inner conductor and the outer conductor;
    a connector body housing the inner conductor, the outer conductor, and the dielectric material;
    wherein the outer conductor comprises a plurality of radially inwardly projecting resilient contact fingers configured to mechanically and electrically engage a braided shield of a coaxial cable upon insertion of the coaxial cable into the connector body; and
    wherein the connector body further comprises an integral crimp sleeve portion extending from a rear end thereof, the integral crimp sleeve portion being configured to deform radially inward to mechanically fasten the coaxial cable to the connector body without requiring a separate crimp sleeve component.",refine
US-7960962-B2,Soft-start circuit,"1. A soft-start circuit, comprising:
an input node for receiving an input supply;
an output node for delivering output power to a load;
a power control device interposed between the input node and the output node, the power control device configured to regulate the output power provided to the load;
a ramp generator circuit adapted to generate a ramp control signal that progressively increases from an initial level to a final level over a defined soft-start duration upon commencing a soft-start operation; and
a driver circuit connected to the ramp generator circuit and the power control device, the driver circuit arranged to receive the ramp control signal and modulate a conductive characteristic of the power control device responsive to the ramp control signal, thereby causing the output power to progressively increase to an intended operating level and constrain inrush current during the soft-start period.",refine
US-8224569-B2,Software based driving directions,"A method for providing navigation instructions, comprising:
  obtaining, by a computing device, a user-provided origin location and a destination location;
  retrieving, by the computing device, geographical map data;
  determining, by the computing device, a navigable path from the origin location to the destination location based on the geographical map data;
  generating, by the computing device, a series of turn-by-turn navigation instructions associated with the navigable path; and
  outputting, by the computing device, the series of turn-by-turn navigation instructions to the user.",refine
US-6742067-B2,Personal computer main board for mounting therein memory module,"A personal computer main board, comprising:
a printed circuit board substrate;
at least one memory slot adapted for receiving a memory module;
a plurality of electrical contacts situated within the at least one memory slot, arranged to electrically connect with a memory module received therein;
a memory controller circuit in communicative connection with the plurality of electrical contacts, which controls read and write operations of a received memory module;
a data bus interposed communicatively between the memory controller circuit and the plurality of electrical contacts, to transmit data between the main board and a connected memory module; and
a power delivery circuit connected to the plurality of electrical contacts, to supply operational power to a connected memory module.",refine
US-8934308-B2,Tracking bit cell,"A tracking bit cell, comprising:
a data storage element adapted to store a data value;
a tracking data storage element adapted to store tracking data related to said data bit, the tracking data reflecting at least one attribute of an access operation carried out on said data bit;
a tracking update circuit connected to the data storage element and the tracking data storage element, the tracking update circuit arranged to modify the tracking data within the tracking data storage element upon an access operation to the data bit within the data storage element; and
a tracking data output circuit connected to the tracking data storage element, the tracking data output circuit adapted to furnish the tracking data as an output indication.",refine
US-9778800-B2,"Pixel circuit, display panel and display apparatus","A pixel circuit, comprising:
a data input line;
a scan control line;
a power supply line;
an emissive element;
a driving transistor with a gate, a source, and a drain, its source coupled to the power supply line, and its drain coupled to a first terminal of the emissive element;
a switching transistor with a gate connected to the scan control line, a first terminal connected to the data input line, and a second terminal connected to the gate of the driving transistor;
a storage capacitor connected between the gate of the driving transistor and a reference potential; and
a compensation transistor with a gate connected to the scan control line, a first terminal connected to the gate of the driving transistor, and a second terminal connected to the drain of the driving transistor,
wherein, upon activation of the scan control line, the compensation transistor operates to couple the driving transistor's gate to its drain to establish a voltage across the storage capacitor determined by a threshold voltage of the driving transistor before light emission by the emissive element.",refine
US-7891200-B2,Vending machine improvement,"1. A vending machine, comprising:
    a housing adapted to hold a plurality of products;
    a dispensing mechanism affixed to said housing and arranged to dispense a selected product;
    a payment processing unit adapted to accept payment for said selected product;
    a user interface including a display and an input device, said user interface arranged to display available products to a user and obtain a user's product selection;
    an inventory sensor system adapted to monitor the real-time quantity of each product contained within said housing; and
    a control unit operatively connected to said dispensing mechanism, said payment processing unit, said user interface, and said inventory sensor system, wherein said control unit is arranged to dynamically refresh said display of said user interface based on the real-time quantity of each product observed by said inventory sensor system, and further adapted to inhibit a user from choosing any product determined by said inventory sensor system as unavailable.",refine
US-6545176-B1,Apparatus and process for the high yield production of methyl methacrylate or methacrylic acid,"What is claimed is:
A system for the enhanced yield production of methyl methacrylate or methacrylic acid, comprising:
a reaction zone adapted to receive at least one feedstock and a catalyst, and to promote a reaction yielding a reaction product stream containing methyl methacrylate or methacrylic acid;
a separation unit fluidly coupled downstream from the reaction zone, the separation unit adapted to isolate methyl methacrylate or methacrylic acid from said reaction product stream;
a control system operatively connected to the reaction zone and the separation unit, the control system arranged to monitor and modify reaction conditions within the reaction zone and separation parameters within the separation unit, wherein such modification of reaction conditions and separation parameters optimizes the desired yield of methyl methacrylate or methacrylic acid; and
a product output fluidly linked downstream from the separation unit for recovering the isolated methyl methacrylate or methacrylic acid.",refine
US-7302814-B2,Apparatus for preventing deflection of substrate tube,"An apparatus for inhibiting deflection of a substrate tube, comprising:
a frame disposable adjacent to a substrate tube;
at least one support member, said support member comprising a contact surface adapted to engage an outer surface of the substrate tube to oppose its deflection;
and an adjustment mechanism interconnecting the at least one support member with the frame, said adjustment mechanism being configured to precisely adjust the position of the at least one support member with respect to the substrate tube.",refine
US-8966633-B2,Method and device for multiple engine virus killing,"A method for multi-engine threat detection and remediation, comprising:
obtaining a data object for threat assessment;
transmitting the data object to a plurality of separate virus scanning engines;
wherein each of the plurality of separate virus scanning engines autonomously examines the data object for malicious content;
acquiring a scan outcome from each of the plurality of separate virus scanning engines;
evaluating, based upon the acquired scan outcomes, a threat determination for the data object; and
in response to the threat determination confirming the existence of malicious content, executing a corrective action on the data object.",refine
US-6445677-B1,Cartridge for an information recording medium,"A cartridge for an information recording medium, comprising:
a housing enclosing an internal cavity;
an information recording medium located within said internal cavity;
an access opening provided in the housing, said access opening configured to permit access to the information recording medium; and
a shutter movably attached to the housing, said shutter arranged to selectively cover the access opening.",refine
US-6751597-B1,System and method for adaptive trade specification and match-making optimization,"A system for dynamic trade specification and optimized match-making, comprising:
a processor;
a memory electronically coupled to the processor, storing processor-executable instructions; and
one or more input/output interfaces;
wherein the processor, coupled with the memory and the one or more input/output interfaces, is operably configured to perform operations including:
obtaining, via the one or more input/output interfaces, multiple initial trade specifications, each initial trade specification defining at least one desired trade parameter;
adjusting at least one of the initial trade specifications responsive to a set of adaptive criteria, the adaptive criteria including one or more of user preferences, market conditions, or historical trade data, to generate a corresponding adapted trade specification;
determining a set of potential trade matches by matching the adapted trade specification against available trade opportunities;
refining the set of potential trade matches by utilizing a matching algorithm that prioritizes matches according to a plurality of predefined optimization metrics, the optimization metrics encompassing one or more of trade value, liquidity, risk profile, or completion likelihood; and
presenting, via the one or more input/output interfaces, a set of optimized trade matches.",refine
US-9356491-B2,Magnetic cap element for a stator of a generator,"A magnetic cap component for a generator's stator, comprising:
a body presenting an outer and an inner surface;
said body formed of a magnetic material;
wherein said inner surface is adapted to interact with a portion of a generator's stator core; and wherein said magnetic material is structured to influence a magnetic flux trajectory within the stator core.",refine
US-6796627-B2,"Ink jet recording apparatus, method of replenishing ink to subtank in the apparatus, and method of checking the replenished amount of ink","An ink jet recording apparatus, comprising:
a printhead configured to eject ink;
a subtank configured for interim storage of ink provided to the printhead;
an ink supply source configured to hold a primary supply of ink;
an ink replenishment mechanism configured to convey ink from the ink supply source to the subtank;
an ink level detection unit configured to ascertain an ink level within the subtank; and
a controller connected to the ink level detection unit and the ink replenishment mechanism, the controller configured to trigger replenishment by actuating the ink replenishment mechanism when the detected ink level in the subtank drops below a predefined first threshold, and further configured to ascertain an amount of ink supplied to the subtank by receiving a first ink level value from the ink level detection unit before replenishment begins and receiving a second ink level value from the ink level detection unit following completion of replenishment, and calculating said supplied amount of ink utilizing a difference between the first ink level value and the second ink level value.",refine
US-6650543-B2,Heat dissipation device,"A heat dissipation device comprising:
a heat absorbing body adapted to acquire thermal energy from a heat source;
a plurality of thermal transfer fins thermally coupled to the heat absorbing body and arranged to expand a surface area for heat exchange with a fluid medium; and
a fluid flow generating mechanism adapted to induce fluid movement across the plurality of thermal transfer fins, thereby promoting the transfer of thermal energy from the heat absorbing body to the fluid medium.",refine
US-7015038-B2,Method and apparatus for preparing and culturing cells,"A method for preparing and culturing cells, comprising:
acquiring a biological sample comprising cells;
separating target cells from undesired constituents of the biological sample;
transferring the isolated target cells into a culture chamber;
providing a culture medium to the culture chamber;
sustaining a regulated environment within the culture chamber, said regulated environment comprising a predetermined temperature range and a specific atmospheric gas composition, to facilitate cell growth and proliferation; and
harvesting the proliferated cells from the culture chamber.",refine
US-7012575-B2,Deceleration module integrated with rolling device for automatically extending/retracting antenna and automatic antenna extending system using the same,"An apparatus for automatically extending and retracting an antenna, comprising:
a roller mechanism configured to engage and drive the antenna for its automatic extension and retraction; and
a deceleration module coupled with the roller mechanism, the deceleration module arranged to reduce a speed of the antenna during at least one of automatic extension or automatic retraction.",refine
US-6489945-B1,Method and system for tracking attitude,"1. A method for determining the attitude of a device, the method comprising:
   obtaining first sensor data from an inertial measurement unit associated with the device, said first sensor data representing angular rates and linear acceleration of the device;
   obtaining second sensor data from a magnetic field sensor associated with the device, said second sensor data representing a magnetic field influencing the device;
   analyzing the first sensor data and the second sensor data via a sensor fusion algorithm to generate estimated attitude parameters for the device relative to a reference frame; and
   supplying the estimated attitude parameters for utilization by an application.",refine
US-9167975-B1,Motion resistant device to monitor heart rate in ambulatory patients,"A motion-resistant device for monitoring heart rate in an ambulatory patient, comprising:
a physiological sensor configured to obtain cardiac-related signals from the ambulatory patient;
a motion sensor configured to sense patient motion and produce motion data;
a processor operatively coupled to the physiological sensor and the motion sensor, configured to receive the cardiac-related signals and the motion data, and to process the cardiac-related signals leveraging the motion data to yield a compensated heart rate measurement substantially resistant to motion artifacts;
an output interface operatively linked to the processor, the output interface configured to convey the compensated heart rate measurement;
a power source configured to supply power to the physiological sensor, the motion sensor, the processor, and the output interface; and
a housing configured to contain at least the physiological sensor, the motion sensor, the processor, the output interface, and the power source, wherein the housing is configured for wearable attachment to the ambulatory patient.",refine
US-9688159-B2,"Methods, apparatus, and systems for preventing over-temperature battery operation","A method for preventing excessive battery temperature, comprising:
monitoring one or more operational parameters of a battery;
determining, based on said one or more operational parameters, a likelihood of the battery exceeding a predefined temperature threshold; and
responsive to said determining of the likelihood, initiating a preventative action to preclude the battery from exceeding the predefined temperature threshold.",refine
US-7290138-B2,Credentials and digitally signed objects,"A system comprising:
a credential management module adapted to generate a digital credential for an entity, the digital credential including an identifier for the entity, a public key linked to the entity, and at least one attribute pertaining to the entity;
an object signing module adapted to receive a data object and produce a digital signature for the data object utilizing a private key corresponding to the public key associated with the entity;
a data storage configured to store the digitally signed data object and the digital credential in a linked manner; and
an object verification module adapted to verify the integrity and authenticity of the digitally signed data object by employing the public key obtained from the associated digital credential to validate the digital signature.",refine
US-7180861-B2,Strict priority distributed coordination function in wireless networks,"A method of strict priority distributed coordination within a wireless network, comprising:
  defining multiple priority levels for data transmissions within the wireless network;
  assigning unique channel access parameters to each of the priority levels, wherein the channel access parameters linked to a higher priority level afford precedence in gaining access to a shared wireless medium over those associated with a lower priority level; and
  a wireless station transmitting a data frame over the shared wireless medium by utilizing the unique channel access parameters corresponding to the data frame's priority level.",refine
US-8424464-B2,"Portable, collapsible, workstation tray table apparatus","A portable, collapsible workstation tray table apparatus, comprising:
a substantially planar main support surface providing a working area for holding articles;
a support frame pivotally attached to the main support surface;
wherein the support frame is arranged to selectively move between an extended, operative configuration, whereby the main support surface is supported at a working height from a ground surface, and a collapsed, stowed configuration, whereby the apparatus occupies a diminished volume relative to the extended configuration;
wherein the main support surface is selectively adjustable in angular attitude relative to a horizontal plane when in the extended, operative configuration;
and wherein the collapsed, stowed configuration enables portable conveyance and compact storage of the apparatus.",refine
US-8367164-B2,Method of manufacturing nano-template for a high-density patterned medium and high-density magnetic storage medium using the same,"A method of producing a nano-template for a high-density patterned medium, comprising:
providing a substrate;
forming a template layer on the substrate;
patterning the template layer with a plurality of nanometer-scale features, these features being arranged at a density appropriate for creating a high-density patterned magnetic storage medium;
and processing the patterned template layer to form a durable nano-template adapted for replicating these nanometer-scale features for a high-density patterned magnetic storage medium.",refine
US-6273650-B1,Cemented carbide cutting insert having integral structure for securing the insert in a holder,"A cemented carbide cutting insert, comprising:
an insert body comprising a cemented carbide material, and having at least one cutting edge;
an integral securing structure integrally formed with said insert body and projecting from a mounting surface of said insert body;
said integral securing structure adapted to directly engage a complementary recess of a tool holder;
thereby mechanically retaining said cutting insert within the tool holder solely through the engagement of said integral securing structure and said complementary recess, without requiring a separate clamping element.",refine
US-9544782-B2,"Systems, apparatus, and methods for range extension of wireless communication","A system for wireless communication range extension, comprising:
a receiver chain adapted to receive a wireless communication signal from a first wireless communication device;
a range extension processing unit operatively coupled to the receiver chain, the range extension processing unit adapted to process said received wireless communication signal to produce a modified wireless communication signal optimized for an enhanced communication range; and
a transmitter chain operatively coupled to the range extension processing unit, the transmitter chain adapted to transmit said modified wireless communication signal to a second wireless communication device, thereby facilitating wireless communication between said first wireless communication device and said second wireless communication device across an increased distance.",refine
US-7397564-B2,Turbidity sensor,"1. A turbidity sensor, comprising:
a housing arranged to establish a sample zone for a fluid;
a light source disposed within the housing and adapted to project light into the sample zone;
a light detector arranged with the housing and adapted to capture light from the sample zone following interaction with the fluid;
wherein the light detector is arranged to produce an electrical signal reflecting a characteristic of the captured light; and
a processor electrically linked with the light detector, the processor adapted to ascertain a turbidity value of the fluid utilizing the electrical signal produced by the light detector.",refine
US-7815221-B2,GTank-LC and Mini-GTank-LC,"An apparatus for fluid handling, comprising:
a main body defining an internal chamber adapted for containing a fluid;
at least one inlet port in fluidic communication with the internal chamber for introducing fluid therein;
at least one outlet port in fluidic communication with the internal chamber for dispensing fluid therefrom;
a closure mechanism arranged to seal an opening of the main body, thereby inhibiting leakage of the contained fluid;
wherein the main body is fabricated from a chemically resistant material;
wherein the main body also comprises external markings for volumetric measurement of the contained fluid; and
wherein the main body is dimensioned for modular compatibility with laboratory fluidic systems, and further configured for scaling to various capacities while preserving functional integrity.",refine
US-7337764-B2,Pressure balanced bearing,"A pressure balanced bearing comprising:
a first bearing member rotatable about an axis;
a second bearing member concentrically arranged with the first bearing member, thereby forming an annular bearing interface;
a high-pressure fluid region positioned axially adjacent to a first end of the bearing interface, wherein the fluid pressure within said high-pressure fluid region applies an axial thrust force on the first bearing member in a first axial direction;
a balancing chamber formed between a portion of the first bearing member and a portion of the second bearing member, the balancing chamber situated axially opposite the high-pressure fluid region relative to the bearing interface;
a pressure balancing surface located on the first bearing member and exposed to fluid pressure within the balancing chamber, this balancing surface possessing an effective area such that fluid pressure within the balancing chamber applies a counter-thrust force on the first bearing member in a second axial direction, opposed to the first axial direction; and
a fluid communication passage interconnecting the high-pressure fluid region and the balancing chamber, for introducing fluid from the high-pressure fluid region into the balancing chamber;
wherein the counter-thrust force substantially counteracts the axial thrust force, thereby achieving pressure balancing of the bearing.",refine
US-9538483-B2,Maximizing efficiency of multi-user communications networks,"1. A method for optimizing the efficiency of a multi-user communications network, the method comprising:
    obtaining a plurality of operational parameters reflecting network performance and user demand from multiple user devices within the multi-user communications network;
    based on said operational parameters, determining a set of optimization objectives to enhance network efficiency, wherein said set of optimization objectives includes at least two antagonistic objectives chosen from a group comprising: network throughput, latency, energy consumption, and user fairness;
    a network controller generating a dynamic resource allocation strategy designed to simultaneously optimize said at least two antagonistic objectives, wherein said dynamic resource allocation strategy involves assigning communication resources comprising at least one of bandwidth, transmit power, and time slots to said plurality of user devices;
    dispatching instructions from the network controller to a plurality of network nodes for implementing said dynamic resource allocation strategy; and
    continually adjusting said dynamic resource allocation strategy in response to subsequent acquisitions of said plurality of operational parameters to preserve optimized network efficiency.",refine
US-8079742-B2,Illumination structure,"1. An illumination structure comprising:
a housing forming an enclosure;
at least one light-emitting element positioned within the housing;
an electrical power interface electrically coupled to the at least one light-emitting element and configured to receive electrical power for energizing the at least one light-emitting element; and
at least one optical element coupled to the housing and positioned to modify light emitted from the at least one light-emitting element.",refine
US-8273453-B2,Structures comprising an association agent and processes for making same,"1. A device comprising:
    a substrate;
    a binding agent attached to said substrate; wherein said binding agent is adapted to selectively bind to a target entity.",refine
US-7401597-B2,Fuel supply device for motorcycle and motorcycle,"CLAIM 1.
A fuel supply apparatus for a motorcycle, the apparatus comprising:
a fuel tank adapted to store fuel;
a filler opening in fluid communication with the fuel tank, the filler opening arranged to receive fuel therein;
a fuel pump arranged to extract fuel from the fuel tank;
a fuel filter disposed downstream of and in fluid communication with the fuel pump;
a fuel delivery line in fluid communication between the fuel filter and an engine fuel inlet of a motorcycle engine; and
wherein the fuel pump is operative to deliver pressurized fuel from the fuel tank, via the fuel filter and the fuel delivery line, to the engine fuel inlet of the motorcycle engine.",refine
US-6761752-B2,Gas particle partitioner,"A gas particle partitioner, comprising:
a housing enclosing an internal chamber;
an inlet port adapted to admit a gas stream containing gas and entrained particles into said internal chamber;
a separation element disposed within the internal chamber and arranged to separate the gas stream into a substantially particle-free gas stream and a particle-enriched stream;
a first outlet port adapted to evacuate the substantially particle-free gas stream from said internal chamber; and
a second outlet port adapted to evacuate the particle-enriched stream from said internal chamber.",refine
US-6513258-B1,Adjustable scribe block,"An adjustable scribe block, comprising:
a base having a reference surface structured to contact a workpiece;
a column oriented vertically and slidably connected to the base;
said column including a distal end arranged to accept a scribing element;
a scribing element removably attached to the distal end of the column; and
a locking mechanism operative to selectively fix the column at a selected vertical height relative to the base, such that a spacing between a tip of the scribing element and the reference surface of the base is modifiable.",refine
US-6168704-B1,Site-selective electrochemical deposition of copper,"A method for site-selective electrochemical deposition of copper, comprising:
providing a substrate;
selectively defining at least one desired deposition region on the substrate surface;
submerging the substrate into an electrolyte solution comprising copper ions; and
imposing an electrochemical potential between the substrate and a counter electrode to induce selective deposition of copper onto the at least one defined deposition region.",refine
US-7868813-B2,Multi-use bearing and range line,"1. An apparatus comprising:
    a line definition mechanism configured to define a linear path possessing a discernible direction and a quantifiable length;
    a bearing determination module coupled with the line definition mechanism, configured to determine an angular orientation of the linear path relative to a reference;
    a range determination module coupled with the line definition mechanism, configured to measure a distance along the linear path;
    and an output interface configured to provide the angular orientation and the distance.",refine
US-6614345-B2,Oil pressure warning system for outboard motor,"An oil pressure warning system for an outboard motor, comprising:
an oil pressure sensor adapted to sense oil pressure within an oil lubrication system of the outboard motor;
a controller operatively connected to the oil pressure sensor, the controller configured to receive a signal from the oil pressure sensor and compare the sensed oil pressure against a preset threshold;
a warning indicator connected to the controller and arranged for visibility or audibility to an operator of the outboard motor; and
the controller further configured to activate the warning indicator when the sensed oil pressure drops below the preset threshold.",refine
US-8736147-B1,Sound and vibration harnessing energy generator,"An apparatus comprising:
a vibratory element adapted to resonate in response to ambient acoustic energy and mechanical disturbances;
a transduction mechanism mechanically coupled to the vibratory element, said transduction mechanism arranged to convert mechanical energy generated by the resonating vibratory element into electrical energy; and
an electrical output circuit electrically connected to the transduction mechanism, said electrical output circuit configured to supply the generated electrical energy for subsequent utilization or storage.",refine
US-9875453-B2,System to construct an improved view of a process,"A system for generating an enhanced view of a process, the system comprising:
a data capture interface adapted to obtain process data reflecting a plurality of activities transpiring within a process operation;
a data repository module arranged to retain the obtained process data;
a process analytics engine, implemented by one or more processors, adapted to examine the retained process data to discern one or more attributes of the process, whereby said attributes comprise at least one of: process steps, process sequences, resource utilization, performance metrics, bottlenecks, or anomalies;
a representation generation module, implemented by one or more processors, adapted to form an enhanced depiction of the process based on the discerned attributes; and
a presentation module arranged to display the enhanced depiction of the process to a user.",refine
US-9216114-B2,Head-mounted device for settable compound delivery system for inflatable in-ear device,"A head-mounted device, comprising:
a support structure adapted for wear on a user's head;
at least one inflatable in-ear component functionally connected to the support structure and designed for insertion into a user's ear canal;
a compound delivery system supported by the support structure and in fluid communication with the at least one inflatable in-ear component, said delivery system adapted to supply a compound to the at least one inflatable in-ear component; and
an adjustable control mechanism functionally linked with the compound delivery system, said adjustable control mechanism arranged to modify at least one parameter of the compound supplied to the at least one inflatable in-ear component.",refine
US-7870867-B2,Curb box lock,"A curb box lock apparatus comprising:
a curb box lid for covering an opening of a curb box;
a locking mechanism rotatably mounted within the curb box lid;
the locking mechanism including at least one locking arm extendable radially outward from a bottom surface of the curb box lid;
a keyway accessible from an outer surface of the curb box lid, said keyway operatively linked to the locking mechanism for selectively actuating rotation of the at least one locking arm between an unlocked position and a locked position;
a curb box frame arranged to receive the curb box lid and defining an opening for utility access; and
the curb box frame having at least one engaging recess disposed to receive the at least one locking arm when the locking mechanism is in the locked position, thus securing the curb box lid to the curb box frame.",refine
US-7651343-B2,Low profile electrical connector,"1. An electrical connector, comprising:
    an insulating housing including a top surface, a bottom surface, and a mating face;
    a plurality of electrical contacts situated within said insulating housing, wherein each of said electrical contacts has a mating portion exposed at said mating face and a termination portion extending from said insulating housing for electrical connection to an external circuit;
    wherein said insulating housing presents an overall height between said top surface and said bottom surface, said height being less than both an overall width and an overall depth of said insulating housing;
    and wherein said plurality of electrical contacts are positioned and arranged within said insulating housing to be entirely contained within said overall height.",refine
US-7394211-B1,Step down power management system for LED flashlight,"A system for delivering regulated power to at least one light emitting diode (LED) within an LED flashlight, comprising:
an input terminal adapted to receive an unregulated DC voltage from a battery power supply;
a step-down converter circuit connected to the input terminal, the step-down converter circuit configured to transform the unregulated DC voltage to a lower DC voltage;
a power management unit connected to the step-down converter circuit, the power management unit configured to govern current supplied to the at least one LED;
and an output terminal connected to the power management unit, the output terminal adapted to interface with the at least one LED of the LED flashlight.",refine
US-6496363-B1,Mounting device for mounting a peripheral device on an electronic apparatus,"A mounting device for securing a peripheral device to an electronic apparatus, comprising:
    a first interface adapted to couple with the electronic apparatus;
    a second interface adapted to couple with the peripheral device; and
    a connecting structure joining the first interface and the second interface, the connecting structure being arranged to support the peripheral device relative to the electronic apparatus.",refine
US-8510853-B2,Content management method and apparatus of mobile terminal,"A method for content management in a mobile terminal, comprising:
receiving, by the mobile terminal, a plurality of digital content items from at least one of various sources, said sources including an internal capture device, an external connected device, a network download, and another application executing on the mobile terminal;
analyzing, by a processor of the mobile terminal, characteristics of each received digital content item, said characteristics comprising at least one of content type, source application, creation date, and embedded metadata;
automatically classifying, by the processor, each received digital content item into a designated content category based on said analyzed characteristics;
storing the classified digital content items in a memory of the mobile terminal based on their respective designated content categories;
generating a unified user interface for display on the mobile terminal, the unified user interface enabling a user to browse, search, and manage the classified digital content items across different sources and storage locations; and
presenting the unified user interface on a display of the mobile terminal.",refine
US-9484815-B2,Energy-based control of a switching regulator,"A switching regulator for transforming an input voltage into an output voltage, the switching regulator comprising:
a switch operably configured to selectively connect a power source to an energy storage element;
an energy storage element electrically connected to the switch, said energy storage element adapted to store energy transferred from the power source; and
a control circuit arranged to monitor at least one operating parameter of the switching regulator indicative of energy stored within said energy storage element;
ascertain an energy state of said energy storage element utilizing said monitored operating parameter;
compare said ascertained energy state to a reference energy state;
produce a control signal based on said comparison; and
control said switch using said control signal to regulate energy transfer to said energy storage element and thereby regulate said output voltage.",refine
US-6473940-B1,Knob for a post valve,"A knob for a post valve, comprising:
a main body portion having an outer surface arranged for manual gripping and rotation by a user;
wherein said main body portion additionally comprises an internal cavity;
wherein the internal cavity is adapted to receive a valve stem of a post valve; and
wherein the internal cavity incorporates an engagement feature adapted for mechanical coupling with the valve stem to transmit rotational motion from the knob to the valve stem.",refine
US-8642433-B2,Method for manufacturing semiconductor device,"A method for manufacturing a semiconductor device, comprising:
obtaining a semiconductor substrate;
forming a dielectric layer on the semiconductor substrate;
depositing a conductive layer atop the dielectric layer;
patterning the conductive layer via a photolithographic process to delineate a desired circuit feature;
etching said patterned conductive layer to produce the desired circuit feature; and
implanting dopants into the semiconductor substrate to establish active regions within the semiconductor device.",refine
US-6617435-B2,Method for recovering proteins from the interstitial fluid of plant tissues,"A method for isolating proteins from the interstitial fluid of plant tissues, including:
acquiring a plant tissue sample;
isolating interstitial fluid from said plant tissue sample;
processing said extracted interstitial fluid via at least one protein separation technique; and
recovering the separated proteins.",refine
US-6368501-B1,Appliance drain assembly,"An appliance drain assembly comprising:
a housing having an inlet port configured for fluid connection with an appliance and an outlet port configured for fluid connection with a drain line;
a debris collection screen removably situated within the housing, the debris collection screen adapted to filter particulate matter from fluid passing from the inlet port to the outlet port;
an access panel pivotally or separably connected to the housing, the access panel providing user access to the debris collection screen for its cleaning or replacement without needing to detach the housing from the appliance or the drain line; and
a mounting feature integrally formed with the housing, the mounting feature configured to secure the housing directly to a structural component of the appliance.",refine
US-9074614-B2,Tolerance compensation member,"A tolerance compensation element, comprising:
a main body portion;
at least one deflectable arm projecting from the main body portion;
the at least one deflectable arm adapted to elastically deform when engaging a mating component;
wherein the elastic deformation of the at least one deflectable arm produces a specific biasing force against the mating component to compensate for dimensional variations between the main body portion and the mating component.",refine
US-6815912-B2,Discharge lamp lighting apparatus and discharge lamp apparatus,"A discharge lamp lighting apparatus, comprising:
a discharge lamp operative to emit light when energized;
a power supply circuit coupled to the discharge lamp for providing operating power thereto;
an igniter circuit coupled to the discharge lamp, configured to generate an ignition voltage to initiate an arc discharge within the discharge lamp; and
a control circuit coupled to at least one of the power supply circuit and the igniter circuit, configured to regulate at least one operating parameter of the discharge lamp, thereby maintaining stable operation thereof, said control circuit further configured to adaptively adjust the operating parameter based on at least one lamp characteristic selected from lamp temperature, lamp impedance, and lamp aging, to optimize lamp efficiency and extend lamp lifetime.",refine
US-6845915-B2,Extended range bar code reader,"1. An extended-range bar code reader, comprising:
    a housing;
    an illumination system disposed within the housing, the illumination system arranged to project light onto a bar code;
    an optical imaging system disposed within the housing, the optical imaging system adapted to capture light reflected from the bar code;
    an image sensor communicatively coupled to the optical imaging system, the image sensor adapted to transform the received light into image data depicting the bar code;
    a processing unit disposed within the housing and communicatively coupled to the image sensor, the processing unit configured to decode the bar code from the image data;
    wherein the optical imaging system is configured to provide an extended depth of field, thereby permitting clear image acquisition of bar codes across an extended range of operational distances from the reader; and
    wherein the illumination system is additionally arranged to furnish illumination of adequate intensity to facilitate reliable decoding of bar codes throughout said extended range of operating distances.",refine
US-6597913-B2,Distributed dynamic channel management in cellular systems,"A cellular communication system comprising:
a plurality of base stations, each base station configured to offer wireless communication services to user equipment within its geographic cell;
wherein each base station of said plurality of base stations is further configured to:
  observe a set of local communication parameters within its respective cell, such local communication parameters comprising at least one of channel utilization, interference levels, and quality of service demands;
  exchange local communication parameter information with at least one adjacent base station;
  adaptively ascertain, in a distributed manner, an allocation of communication channel resources for user equipment served by its respective cell, this adaptive ascertainment being based on said observed set of local communication parameters and said exchanged local communication parameter information; and
  transmit said determined allocation of communication channel resources to said user equipment within its respective cell.",refine
US-8010733-B1,Methods and apparatus for accessing content,"A method for retrieving content, comprising:
receiving a content request from a user device, the content request indicating a desired content item;
identifying one or more potential content sources that can supply the desired content;
selecting a specific content source from the identified potential content sources based on one or more access parameters linked to the content request or the user device;
acquiring the desired content from the selected specific content source; and
transmitting the acquired content to the user device for display.",refine
US-7657622-B1,Unified web hosting and content distribution system and method for assuring predetermined performance levels,"A system for integrated web hosting and content delivery, comprising:
at least one origin server adapted to host web assets and application logic;
a content delivery network operatively linked to the at least one origin server, the content delivery network including a plurality of edge nodes geographically dispersed and arranged to cache and deliver web assets to end-users;
a performance level data store adapted to store a set of predefined performance thresholds, each predefined performance threshold specifying a desired performance attribute for at least a portion of the web assets or application logic;
a performance tracking engine arranged to monitor actual performance indicators of the integrated web hosting and content delivery system, the actual performance indicators comprising, but not limited to, network latency, data transfer rate, and asset availability, from a plurality of diverse geographic monitoring points; and
a performance assurance controller operatively linked to the performance level data store, the performance tracking engine, the at least one origin server, and the content delivery network, the performance assurance controller arranged to compare the tracked actual performance indicators with the predefined performance thresholds and, upon detecting that a current performance indicator fails to satisfy a corresponding predefined performance threshold, promptly trigger an alteration in at least one operational setting of the integrated web hosting and content delivery system, the alteration being chosen from a set including: adjustment of content caching policies, reallocation of computing resources, alteration of data routing paths, and activation of additional network capacity, thereby ensuring that the actual performance indicators meet or surpass the predefined performance thresholds.",refine
US-9387913-B1,Modular floating dry dock,"A modular floating dry dock, comprising multiple buoyant pontoon sections, each pontoon section featuring a deck surface for supporting a vessel and at least one internal ballast tank; a plurality of wing wall modules, each wing wall module arranged for connection along a longitudinal side of at least one of said pontoon sections; wherein said multiple pontoon sections are configured for selective mechanical connection to one another to establish a configurable central working platform; and wherein said plurality of wing wall modules are configured for selective mechanical connection to one another and to said central working platform to define a customizable dry dock basin for raising and lowering a vessel.",refine
US-7859996-B2,Intelligent congestion feedback apparatus and method,"A method for intelligent congestion feedback, comprising:
monitoring a plurality of operational metrics indicative of potential congestion within an operating system;
intelligently analyzing said plurality of operational metrics to detect a congestion event and determine at least one characteristic thereof;
producing a feedback message based on said detected congestion event and said at least one characteristic, said feedback message containing specific guidance for alleviating said congestion event; and
sending said feedback message to at least one recipient for implementing said specific guidance.",refine
US-7117226-B2,Method and device for seeking images based on the content taking into account the content of regions of interest,"A method for locating images based on content, the method comprising:
for each of a plurality of images in a database, ascertaining overall image content features and delineating at least one region of interest within the respective image;
for each delineated region of interest, deriving a set of region-specific content features from said delineated region of interest;
accepting an image search query;
generating query content features based on the accepted image search query, wherein the generated query content features comprise at least one of overall query content features and query region-specific content features;
comparing the generated query content features with the ascertained overall image content features of the plurality of images and with the derived region-specific content features for the at least one region of interest in each respective image;
selecting at least one image from the plurality of images responsive to the image search query based on said comparison; and
outputting the at least one selected image as a search result.",refine
US-8600727-B2,Streamlined execution of emulated code using block-based translation mode,"A method for accelerating the execution of emulated code, the method comprising:
    an emulation system receiving emulated code intended for a target processor architecture;
    identifying a basic block within the emulated code, wherein the basic block comprises a sequence of emulated instructions lacking any control flow transfers except at its termination;
    translating the identified basic block of the target processor architecture into an equivalent native code block for a host processor architecture;
    storing the native code block in a translation cache associated with the emulation system;
    executing the native code block on the host processor architecture; and
    subsequently, upon detecting that the basic block is to be executed again, retrieving the stored native code block from the translation cache for subsequent execution without re-translating the basic block.",refine
US-9872081-B2,Digital content spatial replacement system and method,"A method for digital content spatial substitution, comprising:
obtaining original digital content;
designating a spatial region within the original digital content;
obtaining replacement digital content;
replacing the designated spatial region of the original digital content with the obtained replacement digital content to generate modified digital content, wherein said replacement involves spatially integrating the obtained replacement digital content into the designated spatial region; and
providing the modified digital content.",refine
US-9783937-B2,Pavement joints and methods for treating the same,"A method for treating a pavement joint, the method comprising:
providing a pavement joint defined by opposing sidewalls and a bottom surface within a pavement structure;
introducing a flowable treatment material into the prepared pavement joint, wherein the treatment material contacts at least a portion of the opposing sidewalls and the bottom surface; and
permitting the flowable treatment material to cure or solidify within the pavement joint, thereby forming a solid or semi-solid filler material that impedes infiltration of moisture and debris into the pavement structure via the joint.",refine
US-8472559-B2,Polar transmitter and related signal transmitting method,"A polar transmitter comprising:
an input port adapted to receive a modulated baseband signal;
a signal decomposer communicatively coupled to the input, said decomposer arranged to derive an amplitude signal and a phase signal from the modulated baseband signal;
a phase modulator coupled to said signal decomposer, said phase modulator configured to produce a phase-modulated radio frequency (RF) signal based on the phase signal;
an amplitude modulator also coupled to said signal decomposer, said amplitude modulator arranged to generate a modulated supply voltage responsive to the amplitude signal; and
a power amplifier coupled to the phase modulator and the amplitude modulator, said power amplifier adapted to amplify the phase-modulated RF signal, wherein its supply voltage is controlled by the modulated supply voltage provided by the amplitude modulator.",refine
US-7467381-B2,Resource partitioning and direct access utilizing hardware support for virtualization,"A computing system, comprising:
a processor with hardware virtualization capabilities;
a memory operatively connected to the processor;
at least one hardware resource coupled to the processor;
a hypervisor running on the processor;
at least one virtual machine executing on the processor managed by the hypervisor;
wherein the processor, leveraging the hardware virtualization support, is configured to:
    assign a dedicated segment of the at least one hardware resource to the at least one virtual machine; and
    permit the at least one virtual machine to directly access the assigned dedicated segment of the at least one hardware resource without hypervisor mediation for each access operation;
    wherein said hardware virtualization support enables both the assignment of the dedicated segment and its direct access.",refine
US-7301515-B2,Detectable flat panel display and recognition system therefor,"1. A system for identifying a flat panel display, comprising:
    a flat panel display, configured to output a machine-readable pattern;
    an image capture device configured to capture an image comprising said pattern; and
    a processing unit communicatively coupled to the image capture device, said processing unit configured to analyze the captured image to identify the pattern and extract associated information.",refine
US-6707372-B2,Thermal switch containing preflight test feature and fault location detection,"A thermal switch, comprising:
a thermal sensor configured to sense a temperature;
a switching element coupled to the thermal sensor, configured to change state responsive to detection of a preset temperature by the thermal sensor;
a preflight test controller configured to commence a test sequence;
a test stimulus generator, responsive to the preflight test controller, configured to apply a thermal stimulus to the thermal sensor;
a test verification module coupled to the switching element, configured to ascertain an operational status of the thermal switch based on a state transition of the switching element resulting from the thermal stimulus;
a plurality of monitoring points disposed within the thermal switch, each monitoring point configured to generate a status signal;
a fault diagnostic module coupled to the plurality of monitoring points and the test verification module, configured to process the status signals and the operational status to ascertain a type and a location of a fault within the thermal switch; and
an output interface coupled to the fault diagnostic module, configured to report the identified type and location of the fault.",refine
US-9528483-B2,High pressure fuel delivery pipe assembly for direct injection of fuel,"A high-pressure fuel delivery line assembly for direct fuel injection, comprising:
a rigid metal conduit defining an internal bore adapted to transport fuel at direct injection pressures;
a first fitting attached to a first end of said metal conduit, said first fitting configured to fluidly couple said metal conduit to a high-pressure fuel source; and
a second fitting attached to a second end of said metal conduit, said second fitting adapted to fluidly connect said metal conduit to a fuel injector.",refine
US-7543536-B2,Apparatus for transporting and positioning an inspection device within a walled cavity,"An apparatus for transporting and positioning an inspection device within a walled cavity, comprising:
a mobile chassis configured to navigate an interior volume of the walled cavity;
a propulsion system coupled to the mobile chassis, the propulsion system configured to drive the mobile chassis within the interior volume;
a positioning mechanism mounted on the mobile chassis, the positioning mechanism comprising an attachment interface for securing an inspection device and a motion assembly configured to adjust a spatial position and orientation of the held inspection device with respect to the mobile chassis; and
a control system electronically linked with the propulsion system and the positioning mechanism, the control system configured to control the propulsion system to move the mobile chassis and to control the motion assembly to position the inspection device.",refine
US-6202467-B1,Hybrid integrated circuit for a gas sensor,"A hybrid integrated circuit for a gas sensing device, comprising:
a substrate;
a gas sensing element disposed on the substrate, the gas sensing element adapted to generate an electrical signal upon detection of a gas;
signal processing circuitry disposed on the substrate and electrically coupled to the gas sensing element, the signal processing circuitry adapted to process the electrical signal from the gas sensing element;
control circuitry disposed on the substrate and electrically connected to at least one of the gas sensing element or the signal processing circuitry, the control circuitry adapted to control operational parameters of the gas sensing element;
an output interface disposed on the substrate and in electrical communication with at least one of the signal processing circuitry or the control circuitry, the output interface adapted to output data indicative of the detected gas;
and electrical interconnections provided on the substrate, interconnecting the gas sensing element, the signal processing circuitry, the control circuitry, and the output interface.",refine
US-7404095-B2,Firmware controlled supply voltage adjustment,"A system for firmware-managed supply voltage regulation, comprising:
a processor arranged to execute firmware;
a voltage regulator coupled to the processor;
wherein the firmware, when executed by the processor, is configured to ascertain at least one operational parameter and produce a control signal based on the ascertained operational parameter; and
wherein the voltage regulator is configured to receive the control signal and responsively alter an output voltage supplied to a load based on the received control signal.",refine
US-6881958-B2,Phosphor plate positioning device,"A phosphor plate positioning apparatus, comprising:
a plate-receiving section configured to securely retain a phosphor plate;
a bite-engaging component connected to the plate-receiving section, said bite-engaging component being structured for engagement by a subject's dentition; and
an aiming element joined to the plate-receiving section and projecting outwardly, said aiming element adapted to offer an alignment guide for an X-ray source with respect to the phosphor plate.",refine
US-6324698-B1,Split sock,"A sock, comprising:
a toe portion;
a heel portion;
a sole portion extending between said toe portion and said heel portion;
an instep portion opposite said sole portion;
a cuff portion arranged to encompass a wearer's ankle and lower leg;
wherein said sock is longitudinally separable along a path extending from an opening of said cuff portion, through said instep portion, and to said toe portion, thereby forming a first longitudinal edge and a second longitudinal edge; and
a separable fastening mechanism positioned along said first longitudinal edge and said second longitudinal edge, said fastening mechanism configured to selectively engage and disengage said first and second longitudinal edges, thereby allowing said sock to transition between an open, substantially planar configuration and a closed, foot-receiving tubular configuration.",refine
US-9013366-B2,Display environment for a plurality of display devices,"1. A display environment, comprising:
multiple display devices, each device configured to present visual content;
a content source adapted to supply visual content;
a display controller operatively connected to the content source and to the multiple display devices, the display controller adapted to obtain the visual content from the content source and disseminate the visual content to the multiple display devices; and
a spatial arrangement of the multiple display devices;
wherein the display controller is additionally adapted to orchestrate the display of the visual content across the multiple display devices to collectively produce a cohesive visual output within the display environment.",refine
US-8840473-B2,Shooting equipment shooting direction control system for shooter game,"A shooting direction guidance system for a shooter game, the system comprising:
a shooting equipment device configured for manipulation by a user;
at least one sensor integrated within the shooting equipment device, said at least one sensor configured to detect at least one of an orientation and a positional movement of the shooting equipment device in a physical space;
a processing unit coupled to the at least one sensor, said processing unit configured to receive data from the at least one sensor and to determine an aiming command based on the detected at least one of the orientation and the positional movement; and
a communication module coupled to the processing unit, said communication module configured to transmit the determined aiming command to a game system for governing a shot direction within the shooter game.",refine
US-9654339-B1,Method and system for provisioning specification subsets for standards-based communication network devices,"A method for provisioning specification subsets for standards-based communication network devices within a communication network, the method comprising:
identifying a specific communication network device, said device configured to operate in accordance with at least one communication standard;
determining a required functional capability for said specific communication network device within said communication network;
selecting, based on said required functional capability, a specification subset from a comprehensive communication standard specification, wherein said specification subset delineates only the parameters, protocols, and functionalities essential for said required functional capability of said specific communication network device, and excludes those not essential;
conveying said selected specification subset to said specific communication network device; and
configuring said specific communication network device according to said conveyed specification subset, thereby enabling said specific communication network device to operate with said required functional capability while minimizing resource utilization related to the comprehensive communication standard specification.",refine
US-7359619-B1,Transmitting signals to cause replays to be recorded at a plurality of receivers,"A method for transmitting signals to initiate replay recording at multiple receivers, the method comprising:
at a source, identifying a temporal segment of a media stream designated for replay recording;
the source generating a control signal that includes metadata identifying the temporal segment;
transmitting, from the source, said control signal to multiple distinct receivers; and
prompting each of the multiple distinct receivers to record the temporal segment of the media stream as a replay, upon receipt of the control signal.",refine
US-7726088-B2,Flooring system,"A flooring system comprising:
    a plurality of flooring panels, each panel comprising a top surface, a bottom surface, and multiple side edges;
    an interlocking mechanism positioned along at least two opposing side edges of each flooring panel, said interlocking mechanism adapted to mechanically interlock with a corresponding mechanism of an adjacent flooring panel to establish a secure, substantially seamless joint;
    a core layer interposed between the top surface and the bottom surface of each flooring panel, said core layer being substantially waterproof; and
    a backing layer affixed to the bottom surface of each flooring panel, said backing layer imparting sound dampening and moisture barrier properties.",refine
US-9776651-B2,Cart,"A cart including a primary frame;
at least two wheels rotatably coupled to the primary frame;
a load-bearing platform operatively connected to the primary frame, the platform adapted for supporting objects;
and a handle assembly extending from the primary frame, the handle assembly arranged to enable manual movement and guidance of the cart;
wherein the primary frame is selectively collapsible between an extended, operational state and a compact, storage state;
and wherein the handle assembly is height-adjustable and further includes a locking mechanism for retaining the handle assembly at various selected elevations.",refine
US-9234530-B1,Thermal energy recovery,"A method for thermal energy recovery, comprising:
obtaining thermal energy from a thermal energy source into a heat transfer fluid;
transferring said heat transfer fluid from said thermal energy source to a thermal energy utilization system; and
recovering said thermal energy from said heat transfer fluid within said thermal energy utilization system for a useful purpose.",refine
US-8535137-B2,Card game methods and computer-readable medium for a card game incorporating scatter awards,"A method for operating a card game, the method comprising:
providing a plurality of cards, wherein some of said cards include at least one scatter symbol;
dealing a hand of cards to a player from the plurality of cards;
assessing the hand of cards for one or more winning combinations;
assessing the hand of cards for a quantity of scatter symbols within the hand, irrespective of their specific position or arrangement therein;
calculating a scatter award based on the quantity of scatter symbols present; and
awarding a payout to the player based on at least one of the one or more winning combinations and the scatter award.",refine
US-8985091-B2,Double linkage triggering system used for crossbow,"A triggering system for a crossbow, comprising:
a housing configured to be secured to a crossbow frame;
a trigger pivotally mounted within the housing;
a sear pivotally mounted within the housing, the sear configured to firmly engage and retain a pre-stressed bowstring;
a first linkage element having a first end pivotally coupled to the trigger;
a second linkage element pivotally mounted within the housing, with a first end operatively coupled to the sear, such that its pivotal movement disengages the sear from the pre-stressed bowstring;
wherein a second end of the first linkage element is configured to engage and pivot a second end of the second linkage element when the trigger is actuated, thereby causing the disengagement of the sear from the pre-stressed bowstring and imparting a mechanical advantage to the trigger pull.",refine
US-7032596-B2,Cardiopulmonary resuscitation device and method,"A cardiopulmonary resuscitation device, comprising:
a chest compression mechanism configured to perform rhythmic compressions on a patient's chest;
a ventilation mechanism configured to administer ventilations to the patient's airways;
a controller operatively coupled to the chest compression mechanism and the ventilation mechanism, said controller adapted to coordinate the rhythmic compressions and the ventilations according to a predetermined cardiopulmonary resuscitation protocol; and
a patient support structure structured to position the device in relation to the patient's chest and airways, thereby enabling the application of the rhythmic compressions and the administration of the ventilations.",refine
US-9798088-B2,Barrier structures for underfill blockout regions,"A semiconductor package, comprising:
a substrate;
an electronic component disposed above the substrate, forming a gap therebetween;
an underfill material residing within the gap, configured to flow into the gap;
a blockout region on the substrate, from which the underfill material is excluded; and
a barrier structure formed on the substrate, said barrier structure at least partially encircling the blockout region and physically precluding entry of the underfill material into the blockout region during its flow into the gap.",refine
US-8306042-B1,Class-based deterministic packet routing,"A system for class-based deterministic packet routing, comprising:
a packet classification module adapted to classify an incoming packet into one of multiple routing classes based upon at least one characteristic of the incoming packet;
a routing policy module arranged to store a mapping associating each of said multiple routing classes with a predetermined deterministic route; and
a packet forwarding module operable to direct the classified packet along the predetermined deterministic route identified by the routing policy module.",refine
US-8198693-B2,Solid-state image pickup apparatus and production method thereof,"1. A solid-state image sensor, comprising:
    a semiconductor substrate;
    a pixel array situated on the semiconductor substrate, said pixel array comprising a plurality of pixels, wherein each pixel includes a photodetector adapted to generate an electrical charge upon receiving incident light;
    readout circuitry disposed on the semiconductor substrate and operatively coupled to the pixel array, said readout circuitry configured to extract the electrical charge from each pixel and transform the electrical charge into an analog electrical signal;
    an analog-to-digital converter connected to the readout circuitry, said analog-to-digital converter configured to digitize the analog electrical signal into a digital electrical signal;
    control circuitry interconnected with the pixel array, the readout circuitry, and the analog-to-digital converter, said control circuitry configured to manage the operation of the pixel array, the readout circuitry, and the analog-to-digital converter, encompassing the timing of charge generation, signal acquisition, and conversion; and
    an output interface connected to the analog-to-digital converter, said output interface configured to transmit image data derived from the digital electrical signals.",refine
US-6575526-B2,Hydroform structural reinforcement system,"A structural reinforcement system comprising:
a reinforcement member having an internal cavity and an outer surface, said outer surface arranged adjacent to a surface of a structural component to be reinforced;
a fluid pressure source fluidly connected to the internal cavity of the reinforcement member;
a sealing mechanism adapted to seal the internal cavity of the reinforcement member;
wherein, when pressurized fluid is introduced from the fluid pressure source into the sealed internal cavity, the reinforcement member expands radially outwardly, thereby applying a reinforcing force against the structural component and conforming its outer surface to the surface of the structural component.",refine
US-8192220-B2,Socket connector with load plate equipped with locking device,"A socket connector, comprising:
a load plate arranged to apply pressure to an electrical component when installed within the socket connector, the load plate movably attached to the socket connector; and
a locking device, said locking device integrated with or coupled to said load plate and designed to selectively secure said load plate in a loaded position.",refine
US-9781786-B2,Control circuit and method of a LED driver,"A control circuit for an LED driver, said control circuit comprising:
a power input adapted to receive an input power signal;
a sensing module adapted to sense an operating parameter of an LED string coupled to the LED driver, said operating parameter comprising at least one of an LED current and an LED voltage;
a control unit coupled to the sensing module, said control unit adapted to generate a control signal based on a comparison of the detected operating parameter with a predetermined reference parameter; and
an output driver coupled to the control unit, said output driver adapted to generate an output drive signal for controlling said LED driver circuit, wherein said output drive signal regulates said operating parameter of the LED string to substantially maintain it at the predetermined reference parameter.",refine
US-9004135-B2,Method and apparatus for bonding together two wafers by molecular adhesion,"A method for adhering two wafers via molecular adhesion, comprising:
    processing a first surface of a first wafer and a second surface of a second wafer to facilitate molecular adhesion;
    placing the processed first surface into direct contact with the processed second surface; and
    commencing molecular bonding between the first surface and the second surface, thereby forming a bonded wafer pair.",refine
US-7579258-B2,Semiconductor interconnect having adjacent reservoir for bonding and method for formation,"A semiconductor interconnect comprising:
a conductive pathway adapted to electrically connect a first semiconductor element to a second semiconductor element;
wherein the conductive pathway includes a bonding interface adapted for metallurgical bonding with at least one of the first semiconductor element or the second semiconductor element; and
at least one reservoir positioned proximate to the bonding interface of the conductive pathway;
wherein the at least one reservoir is adapted to contain a bonding material; and
wherein the bonding material is adapted for delivery from the at least one reservoir to the bonding interface during a bonding operation, thereby forming a metallurgical bond between the conductive pathway and at least one of the first semiconductor element or the second semiconductor element.",refine
US-6318016-B1,Luminous fishing lure,"A luminous fishing lure, comprising:
a lure body having an elongated form, said lure body adapted for submersion in water and subsequent retrieval;
said lure body having a first end and a second end;
a line attachment point situated at said first end of said lure body;
at least one hook fastened to said lure body, said at least one hook configured to engage a fish; and
a luminous element integrated within said lure body, said luminous element adapted to emit light when submerged in water, thereby attracting fish.",refine
US-6492147-B2,Method for producing microbial polyester,"A method for producing microbial polyester, comprising:
growing a polyester-producing microorganism within a culture medium containing a carbon source under conditions favoring polyester accumulation by the microorganism; and
isolating the polyester from the microorganism.",refine
US-8492023-B2,Electric vehicle propulsion system and method utilizing solid-state rechargeable electrochemical cells,"1. An electric vehicle propulsion system comprising:
    a battery pack including multiple solid-state rechargeable electrochemical cells;
    at least one electric motor electrically coupled to the battery pack, which is configured to generate propulsion for an electric vehicle;
    an inverter electrically coupled between the battery pack and the at least one electric motor, the inverter arranged to convert direct current (DC) power from the battery pack into alternating current (AC) power for driving the at least one electric motor;
    a controller electrically coupled to the battery pack, the inverter, and the at least one electric motor, the controller adapted to manage power transfer between the battery pack and the at least one electric motor, and to oversee operation of the at least one electric motor; and
    a charging interface electrically coupled to the battery pack, the charging interface adapted to accept external electrical power to replenish the multiple solid-state rechargeable electrochemical cells.",refine
US-8080633-B2,Antiviral compositions comprising a multiple branched peptide construct containing human CD38 leukocyte surface antigen polypeptides,"Claim 1. An antiviral composition comprising a multi-branched peptide construct, which incorporates at least one human CD38 leukocyte surface antigen polypeptide.",refine
US-6242222-B1,Programmed sequential mutagenesis,"1. A method for programmed sequential mutagenesis, the method comprising:
    establishing a sequence of desired mutations for a target nucleic acid molecule or protein; and
    incorporating a plurality of said desired mutations into the target nucleic acid molecule or protein in a predetermined sequential arrangement corresponding to said established sequence of mutations.",refine
US-9776948-B2,Process for the preparation of succinic acid ester,"A method for preparing a succinic acid ester, comprising:
contacting succinic acid with an alcohol, utilizing an esterification catalyst under suitable esterification conditions; and
isolating the succinic acid ester product.",refine
US-6914104-B2,Process for polymerization of α-olefin,"A method for polymerizing an α-olefin, comprising:
contacting at least one α-olefin monomer with a catalyst system in a reaction zone;
wherein said catalyst system includes a transition metal compound and an activator;
operating said reaction zone at an effective polymerization temperature of from about 0°C to about 200°C and an effective polymerization pressure of from about 1 bar to about 100 bar;
and obtaining a poly-α-olefin therefrom.",refine
US-8814346-B2,Metallic ink jet printing system and method for graphics applications,"1. A metallic ink jet printing system adapted for graphics applications, comprising:
    an ink jet printhead configured to eject metallic ink droplets;
    an ink supply system fluidically coupled to the ink jet printhead and holding a metallic ink composition;
    a substrate transport mechanism arranged to position a substrate relative to the ink jet printhead for printing;
    a controller coupled to the ink jet printhead and the substrate transport mechanism, the controller configured to receive graphics data and generate control signals for directing the ink jet printhead to selectively eject the metallic ink composition onto the substrate, thereby forming a metallic graphic consistent with the graphics data; and
    a curing apparatus positioned to treat the metallic ink composition deposited on the substrate to fixate the metallic graphic.",refine
US-8043997-B2,Lost circulation material formulation and method of use,"A lost circulation material formulation comprising:
a fibrous component including one or more of natural and synthetic fibers;
a particulate bridging agent, including particles of diverse sizes, adapted to bridge and seal fractures within a subterranean formation;
a fluid loss control additive designed to lessen permeability of a filter cake formed against a subterranean formation; and
a carrier fluid,
wherein the formulation is intended for placement within a wellbore to minimize or avert the loss of drilling fluid into the subterranean formation.",refine
US-8603335-B2,Filter with ejection mechanism,"1. A filter device comprising:
    a housing enclosing an internal filtration chamber;
    a filter element positioned within the filtration chamber, the filter element configured for separating particulate matter from a fluid flowing through the filtration chamber;
    a fluid inlet formed in the housing and arranged to introduce unfiltered fluid into the filtration chamber;
    a fluid outlet formed in the housing and arranged to discharge filtered fluid from the filtration chamber; and
    an ejection mechanism functionally coupled to the housing and configured to selectively displace the filter element from the filtration chamber.",refine
US-8909133-B2,Gain measurement and monitoring for wireless communication systems,"A method for gain measurement and monitoring within a wireless communication system, comprising:
receiving an input signal at an amplifier component within the wireless communication system;
obtaining a first characteristic of the input signal;
amplifying said input signal to generate an output signal;
obtaining a second characteristic of the output signal;
determining an operational gain value derived from the obtained first characteristic and the obtained second characteristic; and
monitoring said operational gain value by comparing said operational gain value against a predefined gain threshold.",refine
US-8952035-B2,Combination of anti-angiogenic substance and anti-tumor platinum complex,"I claim:

1.  A composition for the treatment of cancer, comprising a therapeutically effective amount of an anti-angiogenic agent; and an anti-tumor platinum complex in a therapeutically effective amount.",refine
US-9836122-B2,Eye glint imaging in see-through computer display systems,"A see-through computer display system, comprising:
a see-through display configured to render virtual content to a user while enabling the user to perceive an external environment through the display;
an illumination source integrated with the see-through display, said illumination source configured to project light towards a user's eye to create an eye glint; and
an image sensor integrated with the see-through display, said image sensor configured to obtain an image of the eye glint formed by the illumination source from the user's eye.",refine
US-9649153-B2,Delivery devices with coolable energy emitting assemblies,"An energy delivery device, comprising:
a housing;
an energy emitting assembly positioned within the housing, said energy emitting assembly adapted to generate and project energy towards a target region; and
a cooling system functionally connected to the energy emitting assembly, said cooling system including at least one cooling element adapted to actively lower a temperature of at least a portion of said energy emitting assembly during its operation.",refine
US-8394127-B2,Low profile spinal prosthesis incorporating a bone anchor having a deflectable post and a compound spinal rod,"A low profile spinal prosthesis comprising:
a bone anchor adapted for implantation into a vertebral body;
the bone anchor comprising a head portion and a deflectable post extending from the head portion;
the deflectable post arranged to engage a spinal rod and to allow angular adjustment of the spinal rod relative to the bone anchor head, and further arranged to rigidly secure the spinal rod once positioned;
a compound spinal rod having a longitudinal axis and a first portion and a second portion;
the first portion and the second portion comprising distinct materials or exhibiting varied mechanical properties along the longitudinal axis;
the compound spinal rod adapted to be received and secured by the deflectable post of the bone anchor;
the compound spinal rod further arranged to distribute biomechanical loads across multiple vertebral segments, thereby furnishing a low profile spinal prosthesis for stabilization of a spinal segment.",refine
US-8070797-B2,Medical device with a porous surface for delivery of a therapeutic agent,"A medical device, comprising:
a porous surface formed on at least a portion of the medical device, said porous surface defining a plurality of pores; and
a therapeutic agent contained within the plurality of pores for facilitating delivery of the therapeutic agent to a target site.",refine
US-8466073-B2,Capping layer for reduced outgassing,"A capping layer for mitigating outgassing from an underlying material, said capping layer comprising:
a material exhibiting low permeability to volatile compounds;
wherein said capping layer is positioned over an underlying material susceptible to outgassing; and
wherein said capping layer establishes a substantially hermetic barrier between the underlying material and an ambient environment, thereby effectively diminishing the rate of outgassing of volatile compounds from the underlying material.",refine
US-9479061-B2,DC to DC converter assembly,"A DC-DC converter assembly, comprising:
an input terminal adapted to receive a first direct current (DC) voltage;
an output terminal adapted to provide a second direct current (DC) voltage;
a power conversion stage interconnected between the input terminal and the output terminal, said power conversion stage comprising at least one semiconductor switch and at least one passive energy storage component; and
a control unit operatively connected to the power conversion stage, said control unit configured to generate switching signals for controlling the operation of the at least one semiconductor switch, thereby achieving conversion of the first DC voltage to the second DC voltage.",refine
US-8298238-B2,Methods and apparatus for pivotable guide surfaces for arthroplasty,"An apparatus for arthroplasty, comprising:
a main body adapted for attachment to a bone;
at least one guide surface situated on said main body and configured to guide a surgical instrument;
a pivot mechanism connecting said at least one guide surface to said main body, said mechanism allowing said at least one guide surface to pivot about an axis relative to said main body; and
a locking mechanism configured to selectively secure said at least one guide surface at a desired angular orientation relative to said main body.",refine
US-7718616-B2,Bone growth particles and osteoinductive composition thereof,"An osteoinductive composition, comprising bone growth particles; wherein said bone growth particles are constituted of a biocompatible calcium phosphate material; said particles exhibiting a size range effective for facilitating bone ingrowth and regeneration; and further including a pharmaceutically acceptable carrier.",refine
US-7478557-B2,Common centroid micromachine driver,"1. A micromachine driver, comprising:
    an input adapted to receive a control signal;
    an output adapted to provide an actuation signal to a micromachine;
    a driver circuit interposed between said input and said output, said driver circuit configured to generate said actuation signal responsive to said control signal;
    wherein at least one matched circuit element within said driver circuit is disposed in a common centroid layout on a semiconductor substrate to mitigate mismatch arising from process variations.",refine
US-8416473-B2,Solid-state imaging device,"1.  A solid-state imaging device, comprising:
    a plurality of photodetectors disposed in an array, each photodetector configured to produce an electrical charge in response to incident light;
    a charge transfer mechanism coupled to the plurality of photodetectors, said charge transfer mechanism configured to transfer the electrical charge from the photodetectors;
    a readout circuit coupled to the charge transfer mechanism, said readout circuit adapted to convert the transferred electrical charge into an output signal; and
    an output terminal coupled to the readout circuit, said output terminal configured to transmit the output signal.",refine
US-6319242-B1,Apparatus and method for controlled removal of stenotic material from stents,"An apparatus for the selective removal of stenotic material from a stent residing within a body lumen, comprising:
a flexible catheter body adapted for intravascular delivery to a stent positioned within a body lumen;
a treatment element positioned at a distal end of the flexible catheter body, the treatment element adapted to engage and remove stenotic material from the stent;
a sensing element situated at the distal end of the flexible catheter body, the sensing element adapted to discern a characteristic distinction between the stenotic material and the stent material;
a control unit operatively connected to the flexible catheter body, the control unit adapted to acquire data from the sensing element and to regulate operation of the treatment element based on the detected characteristic difference, thereby preferentially removing the stenotic material while substantially preserving the integrity of the stent; and
an energy delivery system operatively linked to the control unit and the treatment element, to furnish activation energy to the treatment element.",refine
US-6508272-B1,Device and method for operating at least two valves,"A system for actuating a plurality of valves, comprising:
a first valve and a second valve;
an actuation mechanism configured to selectively alter an operational state of said first and second valves; and
a controller operatively coupled to said actuation mechanism, said controller configured to issue control signals to said actuation mechanism to effectuate a change in the operational state of said first and second valves according to a predefined operating scheme.",refine
US-7736080-B2,Writing instrument with a tape flag dispenser,"A writing instrument comprising:
a body defining a first end and a second end;
a writing component projecting from the first end of the body;
a tape flag dispenser mechanism disposed within the body, said mechanism configured to dispense individual tape flags;
a supply of tape flags contained within the body and operatively linked to the tape flag dispenser mechanism; and
an egress opening formed in the body, dimensioned to allow passage of said individual tape flags therefrom.",refine
US-8349437-B2,Temporary outdoor graphic film,"A temporary outdoor graphic film comprising:
a polymeric film layer having a first major surface adapted for receiving a graphic print and a second major surface opposite the first major surface, the polymeric film layer being weather-resistant and UV-stable;
a pressure-sensitive adhesive layer situated on the second major surface of the polymeric film layer, said adhesive layer being a temporary adhesive, wherein the temporary adhesive is cleanly removable from a substrate after at least three months of outdoor exposure without leaving substantial residue or harming the substrate;
and a removable release liner releasably adhered to the pressure-sensitive adhesive layer, thereby protecting the adhesive layer prior to application.",refine
US-9338905-B2,Curved display apparatus,"A curved display apparatus, comprising:
a display panel featuring a curved display surface adapted to present visual information;
a housing configured to support the curved display panel; and
at least one electronic circuit electrically coupled to the curved display panel, said at least one electronic circuit arranged to provide display signals to the curved display panel.",refine
US-9211324-B2,"Chimeric infectious DNA clones, chimeric porcine circoviruses and uses thereof",An isolated chimeric infectious DNA clone comprising a nucleic acid sequence that includes a genomic backbone of a first porcine circovirus and a heterologous nucleic acid sequence obtained from a second porcine circovirus; wherein said first and second porcine circoviruses are distinct; and wherein said chimeric infectious DNA clone is able to replicate and produce infectious chimeric porcine circovirus particles.,refine
US-6389345-B2,Method and apparatus for determining a cross slope of a surface,"An apparatus for determining a cross slope of a surface, comprising:
a housing configured to be placed upon the surface, wherein a predefined axis of the housing is oriented with the cross-slope direction of the surface;
at least one tilt sensor situated within the housing, the at least one tilt sensor configured to produce a signal representing an angle of tilt of the housing relative to a horizontal plane along said predefined axis;
a processing unit in communication with the at least one tilt sensor, the processing unit configured to obtain the signal and to calculate the cross slope of the surface based on the measured angle of tilt; and
an output interface operatively connected to the processing unit, the output interface configured to output the calculated cross slope.",refine
US-6251246-B1,Material for establishing solid state contact for ion selective electrodes,"A material for providing solid-state contact within an ion-selective electrode, comprising:
an electrically conductive element; and
a redox-active component;
wherein the electrically conductive element and the redox-active component are integrated to form a solid layer designed for placement between an ion-selective membrane and an external electronic conductor, thereby enabling stable electronic potential transduction.",refine
US-6936007-B2,Method and apparatus for health and disease management combining patient data monitoring with wireless internet connectivity,"A method for health and disease management, comprising:
acquiring patient data, wherein said patient data encompasses physiological and/or behavioral metrics derived from one or more patient-worn sensors or input devices;
wirelessly transmitting said acquired patient data over an internet connection to a remote computing system;
receiving said transmitted patient data at the remote computing system;
analyzing said received patient data to discern health status indicators, trends, or potential health risks;
generating health management recommendations or alerts based on said analysis; and
wirelessly providing said recommendations or alerts to a display device or communication interface associated with the patient or a healthcare provider, thereby enabling remote and proactive health and disease management.",refine
US-7427225-B2,Remote control toy top,"A remote control toy top comprising:
a top housing dimensioned to contain internal components and form an outer shell for the toy top;
a rotatable shaft extending from the top housing and adapted to engage a surface for imparting spin;
a motor situated within the top housing and mechanically coupled to the rotatable shaft, the motor arranged to impart rotational motion thereto;
a first power source positioned within the top housing and electrically coupled to the motor and a receiver, the first power source for supplying electrical energy;
the receiver positioned within the top housing and electrically coupled to a first control circuit, the receiver adapted to receive wireless control signals;
the first control circuit positioned within the top housing and electrically coupled to the receiver and the motor, the first control circuit arranged to interpret incoming wireless control signals and regulate operation of the motor based on these signals;
a remote control housing distinct from the top housing;
at least one user input device mounted on the remote control housing, the user input device adapted to generate user input signals;
a transmitter situated within the remote control housing and electrically coupled to a second control circuit, the transmitter arranged to wirelessly send control signals;
a second power source positioned within the remote control housing and electrically coupled to the transmitter and the at least one user input device, the second power source for supplying electrical energy; and
the second control circuit positioned within the remote control housing and electrically coupled to the at least one user input device and the transmitter, the second control circuit arranged to generate the wireless control signals in response to the user input signals.",refine
US-6909514-B2,Wheel profile inspection apparatus and method,"1. An apparatus for evaluating a profile of a wheel, comprising:
    a sensor system arranged to capture profile data from the wheel's surface as the wheel traverses an inspection zone;
    a positioning mechanism configured to maintain a relative spatial relationship between the sensor system and the wheel for comprehensive profile data acquisition;
    a processing unit in communication with the sensor system and configured to obtain the captured profile data and ascertain at least one profile characteristic of the wheel based on the obtained profile data; and
    an output interface in communication with the processing unit and configured to display an inspection result derived from the ascertained profile characteristic.",refine
US-6188547-B1,Slider with pressure relief trenches,"A slider including:
a body;
a sliding surface provided by the body and adapted for relative motion against a mating surface; and
a series of pressure relief grooves formed in the sliding surface, wherein said grooves are configured to reduce pressure generated between the sliding surface and the mating surface during such relative movement.",refine
US-6579020-B2,Thermal printer,"A thermal printing apparatus, comprising:
a print head having a plurality of thermal elements, said print head adapted to selectively apply heat to a thermal print media;
a media feed mechanism operably connected to the print head, said media feed mechanism arranged to move the thermal print media past said print head;
a controller operably connected to said print head and said media feed mechanism, said controller structured to acquire print data and produce control signals for selectively actuating the plurality of thermal elements and for regulating the movement of the thermal print media according to the print data; and
a housing encasing said print head, said media feed mechanism, and said controller;
whereby an image is generated on the thermal print media.",refine
US-7805319-B2,Systems and methods for a consumer to determine food/medicine interactions,"A system for enabling assessment of potential food-medicine interactions for a user, the system comprising:
an input interface adapted to obtain, from the user, one or more medication identifiers and one or more food identifiers;
a memory holding a collection of known food-medicine interaction data;
a processor in communication with the input interface and the memory, the processor arranged to compare the obtained one or more medication identifiers and the obtained one or more food identifiers against the stored collection of known food-medicine interaction data, and to pinpoint one or more potential food-medicine interactions based on said comparison; and
an output interface in communication with the processor, the output interface adapted to display details concerning the pinpointed one or more potential food-medicine interactions to the user.",refine
US-7958032-B2,Generating event messages corresponding to event indicators,"A method for generating event messages based on event indicators, the method comprising:
obtaining, by a computing system, a plurality of event indicators, each signaling the occurrence of a particular event;
determining, for each obtained event indicator, an event type corresponding thereto;
retrieving event data from the obtained event indicator based on the determined event type;
choosing an event message template from a plurality of pre-established event message templates, wherein said choosing is based on the determined event type;
filling the chosen event message template with the retrieved event data, thereby creating a customized event message;
producing the customized event message;
and dispatching the customized event message to a specified recipient.",refine
US-9497697-B2,Magnetically securing two screens of a handheld communication device,"1. A handheld communication device, comprising:
    a first display screen;
    a second display screen;
    a first magnetic attachment component situated on or within the first display screen; and
    a second magnetic attachment component situated on or within the second display screen,
    wherein the first magnetic attachment component and the second magnetic attachment component are arranged to magnetically engage, thereby affixing the first display screen to the second display screen.",refine
US-8540826-B2,Method of surface treatment of aluminum foil and its alloy and method of producing immobilized nanocatalyst of transition metal oxides and their alloys,"A method for forming an immobilized nanocatalyst on an aluminum substrate surface, the method comprising:
treating a surface of an aluminum or aluminum alloy foil to yield a surface suitable for catalyst immobilization; and
immobilizing a nanocatalyst comprising transition metal oxides or alloys thereof onto the prepared surface.",refine
US-7859802-B2,Burden resistor temperature compensation algorithm,"A method for mitigating thermal effects on a burden resistor within an electrical measurement circuit, the method including:
acquiring a raw voltage measurement across the burden resistor;
acquiring a temperature reading associated with the burden resistor;
retrieving stored temperature-resistance characteristic data specific to the burden resistor, wherein said stored data defines a correlation between the burden resistor's resistance and temperature;
computing a temperature-compensated resistance value for the burden resistor utilizing the acquired temperature measurement and the retrieved temperature-resistance characteristic data;
ascertaining a compensated current value flowing through the burden resistor employing the acquired raw voltage measurement and the computed temperature-compensated resistance value; and
providing the compensated current value.",refine
US-7940652-B1,Pseudowire protection using a standby pseudowire,"A method for pseudowire protection, comprising:
provisioning an active pseudowire between a first provider edge (PE) device and a second PE device;
provisioning a standby pseudowire between the first PE device and the second PE device, wherein the standby pseudowire is arranged to transmit service traffic following failure of the active pseudowire;
forwarding the service traffic via the active pseudowire;
monitoring the status of the active pseudowire;
identifying a fault condition in the active pseudowire from said monitoring; and
upon detection of said fault, diverting the service traffic from the active pseudowire to the standby pseudowire.",refine
US-9662464-B2,Automatic pairing of wireless peripherals in a system such as pressure support respiratory therapy system,"A system for administering patient therapy, comprising:
a therapy delivery unit adapted to administer therapy to a patient, said therapy delivery unit including a first wireless transceiver and a processor;
at least one wireless peripheral device adapted to monitor a patient parameter or administer therapeutic treatment, said at least one wireless peripheral device including a second wireless transceiver; and
a non-transitory computer readable medium in communication with the processor and storing program instructions that, when executed by the processor, cause the therapy delivery unit to:
automatically identify the presence of the at least one wireless peripheral device within wireless communication proximity of the first wireless transceiver; and
in response to identifying such presence, automatically form a secure wireless communication connection between said therapy delivery unit and said at least one wireless peripheral device without requiring user intervention for a pairing procedure, thereby associating the at least one wireless peripheral device with the therapy delivery unit for administration of patient therapy.",refine
US-8120448-B2,High frequency nanotube oscillator,"An oscillator, comprising:
a nanotube resonator;
a support structure mechanically affixed to the nanotube resonator, such that the nanotube resonator is arranged to oscillate at a high frequency relative to the support structure;
an actuation mechanism operably connected to the nanotube resonator, said mechanism adapted to induce mechanical oscillation of the nanotube resonator; and
a detection mechanism operably connected to the nanotube resonator, said detection mechanism arranged to sense mechanical oscillation of the nanotube resonator and produce an electrical output signal indicative of such mechanical oscillation.",refine
US-6919662-B2,Motor,"1. A motor comprising:
a housing enclosing an interior volume;
a stator assembly disposed within said interior volume of the housing, said stator assembly including a plurality of electromagnetic windings circumferentially arranged about a central axis;
a rotor assembly rotatably positioned within the stator assembly and configured to rotate about said central axis, the rotor assembly including a rotor core and a plurality of permanent magnets embedded within said rotor core, wherein the permanent magnets are configured in a V-shape arrangement within individual rotor slots to concentrate magnetic flux; and
a shaft mechanically connected to the rotor assembly, extending outwardly from the housing, and adapted to transmit rotational output, said shaft rotatably supported by at least one bearing assembly within the housing.",refine
US-7349551-B2,Lapel microphone with push to talk switch,"A lapel microphone apparatus, comprising:
a housing sized for discreet wear on a garment;
a microphone element situated within the housing, the microphone element adapted to transform ambient sound into an electrical audio signal;
a push-to-talk switch mechanically affixed to the housing, the push-to-talk switch electrically connected to the microphone element and configured to regulate the output of the electrical audio signal;
an attachment mechanism affixed to the housing, the attachment mechanism adapted to temporarily fasten the housing to the garment; and
an output cable electrically connected to the microphone element and the push-to-talk switch, the output cable adapted to convey the selected electrical audio signal to an external communication unit.",refine
US-8248358-B2,Altering frame rates in a MEMS display by selective line skipping,"A method for adjusting a frame rate of a Micro-Electro-Mechanical System (MEMS) display, comprising:
selectively skipping at least one line of image data allocated for rendering by the MEMS display during a given frame period;
wherein said selective skipping of at least one line of image data modifies the frame rate of the MEMS display.",refine
US-7950084-B1,Multi-layer mattress with an air filtration foundation,"A multi-layer mattress comprising:
    multiple comfort and support layers vertically arranged to form a mattress body;
    an air filtration foundation located below at least a portion of the mattress body;
    said air filtration foundation comprising:
        a housing defining an internal air passage;
        at least one air inlet port provided in the housing and adapted to draw ambient air into the internal air passage;
        at least one air outlet port provided in the housing and adapted to discharge filtered air from the internal air passage;
        a filter element positioned within the internal air passage between said at least one air inlet port and said at least one air outlet port, said filter element adapted to remove particulate matter and/or contaminants from air passing therethrough; and
        an air moving device fluidly connected to the internal air passage and adapted to generate an airflow from said at least one air inlet port, through said filter element, and to said at least one air outlet port.",refine
US-7863101-B2,Stacking semiconductor device and production method thereof,"A stacked semiconductor device, comprising:
a first semiconductor die having a first active circuit region;
a second semiconductor die having a second active circuit region, the second semiconductor die vertically disposed over and physically connected to the first semiconductor die;
a bonding interface mechanically coupling the first semiconductor die and the second semiconductor die;
a plurality of vertical electrical interconnects electrically connecting the first active circuit region of the first semiconductor die to the second active circuit region of the second semiconductor die;
wherein at least a portion of the vertical electrical interconnects includes through-silicon vias (TSVs) extending through either the first semiconductor die or the second semiconductor die; and
an external interconnect structure electrically connected to at least one of the first semiconductor die or the second semiconductor die, the external interconnect structure adapted for external signal communication.",refine
US-6642935-B1,Image displaying apparatus and method thereof,"An image displaying apparatus, comprising:
an image data receiver arranged to obtain image data;
an image processing unit connected to the image data receiver, said image processing unit operative to process the obtained image data by at least modifying its display parameters;
a display panel linked to the image processing unit, said display panel configured to render an image utilizing the processed image data;
a control unit connected to at least the image processing unit and the image data receiver, said control unit operative to manage operation of the image displaying apparatus; and
a memory unit associated with the image processing unit and the control unit, said memory unit arranged to store program instructions executable by at least one of the image processing unit and the control unit.",refine
US-7590172-B2,Low bias estimation of small signal-to-noise ratio,"A method for low bias estimation of a signal-to-noise ratio (SNR) under low SNR conditions, the method comprising:
acquiring a composite signal that includes a signal component and a noise component;
obtaining a first statistical measure indicative of a total power of the composite signal;
obtaining a second statistical measure indicative of a noise power of the noise component;
utilizing an estimation function which combines the first statistical measure and the second statistical measure to yield an estimated signal-to-noise ratio, wherein the estimation function is specifically configured to minimize estimation bias that occurs when the signal-to-noise ratio is low; and
providing the estimated signal-to-noise ratio as a low-bias determination.",refine
US-9156536-B1,Marine propulsion system with efficient engine speed delta,"A marine propulsion system configured for efficient engine speed control, comprising:
at least one marine engine configured to produce rotational power;
at least one propeller functionally connected to the at least one marine engine;
a shaft system linking the at least one marine engine to the at least one propeller;
at least one engine speed sensor configured to ascertain an actual engine speed of the at least one marine engine;
at least one operational parameter sensor configured to measure at least one operational parameter reflecting a vessel operating condition; and
a propulsion control unit (PCU) communicatively linked with the at least one marine engine, the PCU adapted to:
    obtain the actual engine speed from the at least one engine speed sensor;
    obtain the at least one operational parameter from the at least one operational parameter sensor;
    determine a target engine speed utilizing the actual engine speed, the at least one operational parameter, and a predetermined efficiency metric;
    calculate a target engine speed delta, which represents a difference between the actual engine speed and the determined target engine speed; wherein adjusting the actual engine speed by said target engine speed delta guides the engine towards an optimal operating point in accordance with the efficiency criterion; and
    produce an engine control signal for adjusting the actual engine speed of the at least one marine engine based on the calculated target engine speed delta, thereby enabling efficient optimization of at least one of fuel consumption, power output, or emissions.",refine
US-9590789-B2,Techniques for reducing communication errors in a wireless communication system,"A method for reducing communication errors in a wireless communication system, comprising:
sending, by a wireless communication device, multiple data units encoded with error control information via a wireless channel;
obtaining, by the wireless communication device, feedback information reflecting reception quality of the transmitted data units;
identifying, by the wireless communication device, one or more characteristics of communication errors based on the obtained feedback information;
dynamically modifying, by the wireless communication device, at least one communication parameter for subsequent transmissions over the wireless communication channel based on the identified one or more characteristics of communication errors; and
sending, by the wireless communication device, subsequent data units over the wireless communication channel utilizing the modified at least one communication parameter to diminish communication errors.",refine
US-8308395-B2,"Road construction machine, leveling device, as well as method for controlling the milling depth or milling slope in a road construction machine","A road construction machine, comprising:
a chassis;
a milling tool, adapted to mill a road surface, mechanically coupled to the chassis;
an adjustment mechanism, operatively connected to the milling tool and configured to alter a vertical position or an angular inclination of the milling tool relative to the chassis;
a leveling device, including:
    at least one sensor, adapted to ascertain an actual vertical position or an actual angular inclination of the milling tool with respect to a reference;
    a control unit, communicatively linked to the at least one sensor and the adjustment mechanism, the control unit being configured to obtain sensor data from the at least one sensor and to produce control signals derived from a comparison between the detected actual vertical position or actual angular inclination and a target milling depth or a target milling slope;
wherein the adjustment mechanism is adapted to obtain the control signals from the control unit and thereupon modify the vertical position or the angular inclination of the milling tool to attain the target milling depth or the target milling slope.",refine
US-8961969-B2,Antagonist antibodies against EphB3,"1. A purified antibody or antigen-binding portion thereof that selectively binds EphB3;
wherein said antibody or its binding fragment counteracts EphB3 activity.",refine
US-6641251-B1,Printing system for printing in scan and print media feed directions and method of performing a printing operation,"A printing system, comprising:
a print media transport mechanism configured to convey print media in a print media feed direction;
a printhead assembly including at least one printhead, said printhead assembly configured to deposit print fluid onto said print media;
a printhead scanning mechanism connected with said printhead assembly, said printhead scanning mechanism arranged to reciprocate said printhead assembly across the print media in a scan direction, wherein said scan direction is substantially orthogonal to said print media feed direction;
a controller in communication with said print media transport mechanism, said printhead assembly, and said printhead scanning mechanism, said controller arranged to control said print media transport mechanism, said printhead assembly, and said printhead scanning mechanism for performing a printing operation;
wherein said controller is additionally configured to selectively set said printing system to function in a first mode where image formation on said print media progresses primarily along said scan direction, and to selectively set said printing system to function in a second mode where image formation on said print media progresses primarily along said print media feed direction.",refine
US-9748707-B2,Signal transmission cable,"A signal transmission cable comprising:
at least one elongate electrical conductor adapted to convey an electrical signal;
a dielectric insulation layer concentrically positioned about each said at least one elongate electrical conductor, wherein said dielectric insulation layer includes a foamed polymeric material designed to reduce signal attenuation at high frequencies;
a shielding layer encircling said at least one elongate electrical conductor and said dielectric insulation layer, wherein said shielding layer includes a laminated metallic foil wrap circumferentially enveloping said foamed polymeric material and adapted to afford enhanced electromagnetic interference suppression; and
an outer protective jacket covering said at least one elongate electrical conductor, said dielectric insulation layer, and said shielding layer, wherein said outer protective jacket is formed from a flame-retardant, low-smoke-zero-halogen (LSZH) compound.",refine
US-6553345-B1,Universal remote control allowing natural language modality for television and multimedia searches and requests,"A universal remote control apparatus, comprising:
an input interface configured to obtain natural language commands provided by a user;
a processing unit operatively connected to the input interface, configured to process and interpret the obtained natural language commands to identify a user request, whereby the user request pertains to at least one of a television function or a multimedia function, and to generate a control signal based on the identified user request; and
a communication interface operatively connected to the processing unit, configured to forward the generated control signal to at least one of a television or a multimedia device.",refine
US-7919194-B2,High strength steel sheet having superior ductility,"A high-strength steel sheet,
said steel sheet including, by weight percent:
carbon ranging from 0.05% to 0.25%;
manganese from 1.0% to 3.0%;
silicon from 0.5% to 2.5%;
aluminum from 0.01% to 1.5%;
phosphorus less than 0.03%;
sulfur less than 0.008%;
optionally, one or more alloying elements selected from niobium, titanium, vanadium, chromium, molybdenum, boron, and nickel, each present at up to 1.0% by weight;
with the balance being iron and unavoidable impurities;
wherein the steel sheet exhibits a tensile strength of at least 980 MPa;
wherein the steel sheet exhibits a total elongation of at least 18%; and
wherein the steel sheet demonstrates a product of tensile strength (MPa) and total elongation (%) of at least 20,000 MPa*%.",refine
US-8658905-B2,Multilayer wiring substrate,"A multilayer wiring substrate, comprising:
a number of dielectric layers;
multiple wiring layers interspersed among said dielectric layers; and
a plurality of via conductors that electrically connect at least two of said wiring layers through at least one of said dielectric layers.",refine
US-6399759-B1,Ant proteases and methods of inhibition,"An isolated protease, wherein said protease originates from an ant and hydrolyzes peptide bonds, and wherein its activity is susceptible to inhibition by a protease inhibitor.",refine
US-6561333-B2,Spring clutch utilizing torque slip clips,"A spring clutch comprising:
a drive member adapted to receive input torque;
a driven member adapted to output torque;
a clutch plate assembly positioned between said drive member and said driven member, said clutch plate assembly comprising at least one friction surface;
a spring mechanism arranged to apply a clamping force to said clutch plate assembly for selectively engaging said drive member and said driven member; and
a plurality of torque slip clips separate from said spring mechanism, each of said torque slip clips being mechanically linked to said clutch plate assembly and adapted to selectively diminish the effective clamping force exerted by said spring mechanism, thereby permitting controlled relative rotational movement between said drive member and said driven member upon exceeding a predefined torque threshold.",refine
US-6661844-B2,"Adaptive method of encoding and decoding a series of pictures by transformation, and devices for implementing this method","A method for encoding and decoding a series of images, comprising:
    at an encoder, receiving an input series of images;
    analyzing at least one characteristic of said input series of images;
    adaptively selecting an encoding transformation scheme from a plurality of available schemes based on said at least one characteristic;
    applying said selected encoding transformation scheme to encode said input series of images into an encoded bitstream;
    generating said encoded bitstream, said encoded bitstream comprising information indicative of said selected encoding transformation scheme;
    and, at a decoder, receiving said encoded bitstream;
    extracting said information indicative of said selected encoding transformation scheme from said encoded bitstream;
    adaptively selecting a decoding transformation scheme corresponding to said extracted information;
    applying said selected decoding transformation scheme to decode said encoded bitstream into a reconstructed series of images;
    and outputting said reconstructed series of images.",refine
US-6331628-B1,Process for the preparation of benzonitrile compounds,"1. A process for the preparation of a benzonitrile compound, comprising:
    contacting a benzene derivative, where the benzene derivative comprises a functional group convertible to a cyano group, with a reagent operative to convert said functional group to a cyano group;
    under conditions effective to effectuate the conversion;
    thereby yielding the benzonitrile compound.",refine
US-6203317-B1,Orthodontic elastomeric ligature with slippery coating and method of making same,"An orthodontic elastomeric ligature, comprising:
an elastomeric body; and
a lubricious coating applied to at least a portion of said elastomeric body.",refine
US-7726976-B2,Shielded electrical interconnect,"1. A shielded electrical interconnect, comprising:
    a cable core, said cable core containing at least one electrical conductor and an insulating material enveloping and electrically isolating said at least one electrical conductor;
    a conductive shield layer positioned circumferentially around the cable core, said layer being configured to mitigate electromagnetic interference to and from the at least one electrical conductor;
    and an outer protective jacket enclosing the conductive shield layer.",refine
US-7886567-B2,Steering rack manufacture,"A method of manufacturing a steering rack, the method comprising:
obtaining a metal blank;
machining the metal blank to establish a main body portion having a defined length and cross-section;
shaping a plurality of rack teeth along a longitudinal surface of the main body portion;
machining terminal ends of the main body portion to integrate connection features for tie rods;
preferentially heat treating at least said plurality of rack teeth to obtain a desired hardness characteristic; and
processing the surface of the steering rack to satisfy specified surface roughness and corrosion resistance criteria.",refine
US-8744278-B2,"Method for electric power supply of optical receiver, digital signal processing circuit, and optical receiver","A method for providing electrical power within an optical receiver, the method comprising:
detecting an optical signal by a photodetector within the optical receiver;
transforming the detected optical signal into an electrical signal;
generating an electric power supply by utilizing power from at least one of: the detected optical signal, the electrical signal transformed from the optical signal, or an external power source;
conditioning the generated electric power supply;
delivering the conditioned electric power supply to one or more components of the optical receiver, including a digital signal processing (DSP) circuit; and
regulating at least one operational parameter of the electric power supply or the power consumption of the optical receiver via the digital signal processing (DSP) circuit.",refine
US-7416590-B2,Water-based ink set for ink-jet recording,"A water-based ink set for inkjet printing, comprising:
a plurality of water-based inks, said plurality of water-based inks notably comprising at least a cyan ink, a magenta ink, a yellow ink, and a black ink;
wherein each of the plurality of water-based inks comprises a colorant, water, at least one water-soluble organic solvent, and at least one surfactant;
wherein each of the plurality of water-based inks exhibits a viscosity ranging from 1.5 mPa·s to 5.0 mPa·s at 25°C and a surface tension ranging from 25 mN/m to 45 mN/m at 25°C;
wherein at least one of said water-based inks utilizes a pigment as the colorant;
wherein the ink set is adapted for jetting onto a recording medium to form an image;
and wherein the ink set produces an image exhibiting enhanced print quality attributes, such as optical density, color gamut, drying time, and bleed resistance.",refine
US-7412512-B2,Indirect addressing method and system for locating a target element in a communication network,"A method for locating a target element in a communication network, the method comprising:
acquiring, at a source element, an indirect identifier identifying a target element in the communication network, wherein the indirect identifier is insufficient for direct addressing of the target element within the communication network;
sending, from the source element, a location request to an address resolution entity in the communication network, the location request including the indirect identifier;
the address resolution entity resolving the indirect identifier into a direct network address for the target element;
sending, from the address resolution entity to the source element, the direct network address; and
the source element establishing communication with the target element employing the received direct network address.",refine
US-6568658-B2,Quick-connect railing connector,"A quick-connect railing connector, comprising:
a first connector body adapted to interface with a rail member;
a second connector body adapted to interface with a structural support member;
said first connector body including a male coupling feature;
said second connector body defining a female receptacle configured to receive said male coupling feature;
wherein at least one of the first connector body or the second connector body incorporates a resilient locking element;
said resilient locking element operable to automatically engage a corresponding retention feature upon insertion of the male coupling feature into the female receptacle;
thereby mechanically coupling the first connector body to the second connector body without requiring auxiliary tools or external fasteners for initial assembly;
wherein the thus secured first connector body and second connector body are adapted to withstand disengagement caused by gravitational and typical lateral forces encountered by a railing system.",refine
US-9192518-B2,System for treating ophthalmic target tissue using a treatment pattern of lesions,"1. A system for processing ophthalmic target tissue, said system comprising:
    a laser source configured to produce laser energy;
    an optical beam delivery system connected to the laser source, said optical beam delivery system arranged to direct the laser energy onto an ophthalmic target tissue;
    a pattern generation unit interfaced with the optical beam delivery system, said pattern generation unit configured to actively form a treatment pattern upon the ophthalmic target tissue; and
    a control unit linked to the laser source and the pattern generation unit, said control unit adapted to govern the laser energy emission from the laser source and the operation of the pattern generation unit to apply the laser energy to the ophthalmic target tissue to induce a plurality of lesions thereon in accordance with the treatment pattern.",refine
US-7849444-B2,Test executive with buffer overwrite detection for parameters of user-supplied code modules,"1. An apparatus comprising:
    at least one processor;
    and memory coupled to the at least one processor, the memory storing program instructions that, when executed by the at least one processor, enable the apparatus to operate as a test executive by:
        obtaining one or more user-provided code modules;
        configuring execution parameters for the one or more user-provided code modules, where each parameter is linked to a memory buffer;
        executing the one or more user-provided code modules;
        supervising the memory buffers linked to the parameters during execution of the one or more user-provided code modules;
        identifying a buffer overwrite event within at least one of the supervised memory buffers;
        and generating an alert regarding the identified buffer overwrite event.",refine
US-7064628-B2,Crossbar switch,"1. A crossbar switch comprising:
a plurality of input lines;
a plurality of output lines;
a switching matrix encompassing a plurality of switching elements, each switching element situated at the intersection of an input line and an output line; and
a control unit configured to selectively activate one or more switching elements to establish a connection between a chosen input line and a selected output line via an activated switching element.",refine
US-7197213-B2,System and method for controlling deflection of optical beams,"A system for regulating the deflection of optical beams, comprising:
a beam deflector adapted to receive an incoming optical beam and to deflect said incoming optical beam along a deflection path; and
a controller communicatively coupled to the beam deflector, said controller adapted to generate a control signal guided by at least one predefined parameter, the control signal being conveyed to the beam deflector to modify the deflection of the incoming optical beam in accordance with said at least one predefined parameter.",refine
US-8263331-B2,Device and method for the detection of an analyte,"A device for the detection of an analyte; comprising:
a sample inlet adapted to receive a sample potentially containing the analyte;
a fluid pathway in fluid communication with the sample inlet;
a sensing element positioned within the fluid pathway and arranged for selective interaction with the analyte;
a detector operatively linked to the sensing element, the detector adapted to generate a signal indicative of the sensing element-analyte interaction;
a processing unit electronically coupled to the detector, the processing unit configured to analyze the signal and ascertain the presence or concentration of the analyte; and
an output interface linked to the processing unit, the output interface configured to present detection outcomes.",refine
US-7270781-B2,System for producing alloy containing rare earth metal,"A system for fabricating a rare earth metal alloy, comprising:
a melting furnace operative to melt at least one base metal, thereby creating a molten base metal;
a rare earth metal delivery apparatus operative to introduce a rare earth metal or a rare earth master alloy into the molten base metal residing within a processing chamber;
an inert gas supply system fluidically connected to the processing chamber, adapted to sustain an inert atmosphere within the processing chamber during rare earth metal addition and subsequent alloying;
a mixing apparatus adapted to homogenize the molten rare earth-containing alloy;
an extraction mechanism operative to withdraw the homogenized molten alloy from said processing chamber; and
a molding apparatus adapted to receive the homogenized molten alloy and produce a solidified rare earth metal alloy product.",refine
US-7175411-B2,Process for the production of a cable and device for performing this process,"A process for the manufacture of a cable, the process comprising:
    supplying at least one conductor;
    applying an insulating layer around the at least one conductor, thereby forming at least one insulated conductor;
    constructing a cable core from the at least one insulated conductor; and
    applying an external protective layer upon the cable core to yield the cable.",refine
US-8433331-B2,Initial connection establishment in a wireless communication system,"A method for initial connection establishment in a wireless communication system, comprising:
  a wireless device detecting and synchronizing with an available network access point;
  the wireless device transmitting an initial access request message to the available network access point;
  the available network access point allocating communication resources to the wireless device responsive to the initial access request message; and
  the wireless device receiving notification of the allocated communication resources from the available network access point to establish a wireless communication link.",refine
US-9596676-B2,Calibration of a downlink transmit path of a base station,"A method for calibrating a downlink transmit path within a base station, said method comprising:
producing a test signal using a baseband processor of the base station;
transmitting the test signal via a downlink transmit chain within the base station;
routing a portion of the transmitted test signal from the downlink transmit chain into a receive chain within the base station;
down-converting and digitizing said routed portion of the transmitted test signal to yield a digitized feedback signal;
determining one or more performance characteristics of the downlink transmit path, based on the digitized feedback signal;
comparing the one or more determined performance characteristics with one or more desired performance characteristics;
computing one or more calibration parameters for the downlink transmit path responsive to the comparison; and
applying the one or more computed calibration parameters to modify operation of the downlink transmit path during subsequent downlink transmissions.",refine
US-9395969-B2,Complex computer environment installation,"A method for deploying a complex computer environment comprising a plurality of interdependent software and/or hardware components, the method comprising:
receiving an environment definition for said complex computer environment, wherein said environment definition details said plurality of interdependent software and/or hardware components and their respective inter-component dependencies;
analyzing said environment definition to determine a sequenced deployment order for said plurality of interdependent software and/or hardware components based on said detailed inter-component dependencies;
automatically deploying each of said plurality of interdependent software and/or hardware components onto one or more target computing resources according to said sequenced deployment order;
applying specific configuration parameters to each of said deployed components in accordance with said environment definition; and
executing a validation check to confirm the effective and functional installation of said complex computer environment.",refine
US-7070797-B2,Method of treating hematologic tumors and cancers,"A method for addressing hematologic tumors and cancers, comprising the administration to a subject diagnosed with such a condition of a therapeutically effective amount of a pharmaceutical composition containing an active agent; thereby achieving treatment of said hematologic tumor or cancer within said subject.",refine
US-9509135-B2,Fault current limiter,"A fault current limiter, comprising:
a current monitoring unit configured to monitor current within an electrical circuit and to identify a fault condition when the monitored current surpasses a predetermined threshold;
a control unit operatively linked to the current monitoring unit, the control unit configured to generate a limiting activation signal upon identification of the fault condition; and
a current limiting element coupled in series with the electrical circuit and electrically connected to the control unit, the current limiting element adapted to alter an electrical characteristic of the electrical circuit responsive to the limiting activation signal to constrain current flow within the electrical circuit during said fault condition.",refine
US-8998652-B2,Interactive pin array device,"A device comprising:
multiple pins arranged in an array;
each pin being independently movable along a longitudinal axis;
multiple actuators, each actuator mechanically linked to a respective one of said pins and arranged to selectively displace said respective pin;
one or more sensors operable to detect an environmental or user input; and
a controller communicatively linked with said multiple actuators and said one or more sensors;
wherein the controller is arranged to receive input data from said one or more sensors and, responsive to said input data, produce control signals to selectively activate at least a subset of said multiple actuators, thereby inducing corresponding movement of at least a subset of said multiple pins to generate a dynamic tactile display or haptic feedback.",refine
US-9473707-B2,Systems and methods for producing visual representations of objects,"A system for rendering visual representations of objects, comprising a memory storing program instructions; and a processor communicatively coupled to the memory, the processor configured to execute said program instructions to perform operations comprising: obtaining data characterizing an object; forming a visual representation of the object utilizing the obtained data; and instructing a display unit to present the visual representation.",refine
US-8842592-B2,System and method for registration of a network access device during loss of power,"A system for registering a network access device amidst a power outage, comprising:
a network access device, including a communication interface arranged to send and receive data via a network;
a power management module adapted to monitor a primary power supply of the network access device;
a backup power source selectively actuatable to supply power to at least a segment of the network access device; and
a processor interfaced with the communication interface, the power management module, and the backup power source;
wherein the processor is operable to:
detect a diminution of the primary power supply through the power management module, signaling an imminent power interruption;
in response to detecting the diminution in the primary power supply, enable the backup power source;
commence a registration process with a network server through the network using the communication interface, which process is adapted to update a registration status of the network access device at the network server; and
send, utilizing power from the enabled backup power source, corresponding registration data to the network server before a total cessation of the primary power supply, thereby completing registration of the network access device amidst the power outage.",refine
US-9886439-B2,Archival management of database logs,"A system for the archival management of database logs, the system comprising:
a log acquisition module configured to acquire database log data produced by a database system;
an archival policy module configured to define one or more archival policies, wherein each archival policy sets forth criteria for identifying database log data suitable for archival;
a log archival module operatively coupled to the log acquisition module and the archival policy module, the log archival module configured to:
    assess the acquired database log data against the one or more archival policies;
    select database log data that meets the criteria specified by an archival policy;
    process the selected database log data for archival, wherein said processing encompasses at least one of compressing or encrypting said selected database log data; and
    generate archival metadata describing the selected database log data;
an archival storage module configured to retain the processed database log data and the generated archival metadata in an archival storage system; and
a retrieval module operatively coupled to the archival storage module, the retrieval module configured to accept a retrieval request for particular database log data and, by employing the generated archival metadata, retrieve the particular database log data from the archival storage system.",refine
US-8439525-B2,Luminaires having enhanced light distribution and applications thereof,"A luminaire, comprising:
an enclosure;
at least one light source situated within the enclosure; and
an optical assembly mounted to the enclosure and optically coupled to the at least one light source, the optical assembly including one or more optical elements adapted to shape and direct light emitted from the at least one light source to create an optimized light distribution pattern over a target region.",refine
US-6198214-B1,Large area spacer-less field emissive display package,"A wide area field emission display package, comprising:
a front substrate with an interior surface defining an anode electrode and an associated phosphor layer;
a rear substrate with an interior surface defining a cathode array comprising multiple field emitters;
a vacuum gap established between the interior surface of the front substrate and the interior surface of the rear substrate;
a peripheral seal hermetically joining the front substrate to the rear substrate, thereby forming a vacuum enclosure;
wherein said vacuum gap is maintained across a broad display area absent discrete structural spacers bridging said vacuum gap within an active display region thereof.",refine
US-8964592-B2,"Wireless terminal device, wireless communication system and control method for wireless terminal device","A wireless terminal device, comprising:
a transceiver adapted for transmitting and receiving wireless signals;
a processor communicatively coupled to the transceiver; and
a memory communicatively coupled to the processor, wherein said memory stores instructions executable by the processor to cause the wireless terminal device to evaluate a wireless communication condition pertinent to the wireless terminal device, ascertain an operational parameter or mode for wireless communication in response to the evaluated wireless communication condition, and adjust the transceiver for operation pursuant to the ascertained operational parameter or mode.",refine
US-6681008-B2,Automated toll-free telecommunications information service and apparatus,"1. A system for delivering automated toll-free telecommunications information, comprising:
    a telecommunications interface configured to accept an incoming toll-free call from a remote caller;
    an interactive voice response (IVR) module coupled to the telecommunications interface, the IVR module configured to present audio prompts to the caller and obtain caller input pertaining to an information request;
    a database housing a plurality of information records;
    a processing unit coupled to the IVR module and the database, the processing unit configured to process the caller input to locate a requested information record within the database and access the located information record;
    an audio playback module coupled to the processing unit and the telecommunications interface, the audio playback module configured to transform the accessed information record into an audible signal; and
    convey the audible signal through the telecommunications interface to the remote caller.",refine
US-7206597-B2,Transmission apparatus and auto gain control method,"An apparatus for executing automatic gain control, the apparatus comprising:
a signal input configured to receive an input signal;
a variable gain element coupled to the signal input, the variable gain element adapted to apply a variable gain to the input signal;
a signal detector connected to an output of the variable gain element, the signal detector adapted to ascertain a signal level characteristic of the signal produced by the variable gain element;
an output port arranged to provide an output signal derived from the signal produced by the variable gain element; and
a controller interconnected with the signal detector and the variable gain element, the controller operative to generate a gain control signal in response to the measured signal level characteristic and to furnish the gain control signal to the variable gain element for adjusting its variable gain, wherein the gain control signal is generated to sustain the signal level characteristic of the output signal substantially constant at a predefined target level.",refine
US-9759287-B2,Torque-transmitting coupling,"1. A torque-transmitting coupling comprising:
    a first coupling member adapted to receive input torque from a driving shaft;
    a second coupling member adapted to transmit output torque to a driven shaft; and
    a torque transfer assembly interposed between the first coupling member and the second coupling member;
    wherein the torque transfer assembly is arranged to convey torque from the first coupling member to the second coupling member.",refine
US-7691771-B2,Regeneration of ionic liquid catalyst by hydrogenation using a supported catalyst,"A method of regenerating an ionic liquid catalyst, said method comprising:
bringing into contact a spent ionic liquid catalyst with hydrogen in the presence of a supported catalyst;
wherein said contacting causes a hydrogenation reaction for regenerating the ionic liquid catalyst; and
obtaining the regenerated ionic liquid catalyst.",refine
US-6299809-B1,Method and composition for making foamed polyethylene material,"A method for producing a foamed polyethylene material, comprising:
admixing a polyethylene resin, a blowing agent, and a nucleating agent to form a polymer mixture;
heating the polymer mixture to a temperature exceeding the melting point of the polyethylene resin to yield a molten polymer composition;
extruding the molten polymer composition through a die into a reduced pressure environment, thereby expanding said molten polymer composition and initiating the blowing agent to produce a foamed polyethylene material; and
cooling the foamed polyethylene material to stabilize its cellular structure.",refine
US-6724522-B2,Light wave conversion arrangement and method for making same for dental procedures,"A light conversion system for dental applications, comprising a light source adapted to emit initial light; a light conversion material optically coupled to the light source, said light conversion material adapted to absorb at least a portion of the initial light and generate output light possessing a distinct characteristic from the initial light; and an output aperture arranged to direct the generated output light towards a target region during dental applications.",refine
US-8153051-B2,Method and apparatus for heating steel components in a continuous furnace,"A method for heating steel articles in a continuous furnace, comprising:
feeding steel articles continuously into an entry end of a continuous furnace;
conveying the steel articles through a plurality of heating zones within the continuous furnace;
heating the steel articles in at least one of the plurality of heating zones in accordance with a predetermined temperature profile; and
continuously discharging the heated steel articles from an exit end of the continuous furnace.",refine
US-9619644-B2,Third-party captive portal,"1. A system, comprising:
a network gateway configured to intercept network communications originating from a client device seeking network access;
a redirection module configured to redirect the client device to a captive portal interface hosted by a third-party server following said interception of network traffic, wherein the third-party server operates externally to a network infrastructure providing said network access;
a communication interface configured to enable an interaction between the client device and the third-party server via the captive portal interface, said interaction comprising one or more of user authentication, user authorization, or user agreement to terms presented by the third-party server; and
an access control module configured to obtain an authorization status from the third-party server predicated on said interaction and, in response to a successful authorization status, provide the client device with access to the network.",refine
US-6502202-B1,Self-adjusting multi-speed pipeline,"A self-adjusting multi-speed pipeline system, comprising:
a plurality of processing segments, each segment adapted to execute a discrete operation on an input stream;
a monitoring unit arranged to continually evaluate one or more operational parameters associated with the pipeline system;
a control unit electronically linked to the monitoring unit, the control unit being adapted to establish a target operating speed for one or more of the plurality of processing segments based on the evaluated operational parameter; and
an adjustment mechanism communicatively linked to the control unit and at least one of the plurality of processing segments, said adjustment mechanism configured to dynamically modify an operating speed of said at least one of the plurality of processing segments in accordance with the target operating speed established by the control unit.",refine
US-9301680-B2,"Device for monitoring position and movements of an eye, particularly suitable for ocular radiotherapy","A device for tracking the position and movements of an eye, especially suited for ocular radiotherapy, comprising:
an image acquisition unit arranged to capture images of at least a portion of an eye;
an illumination source configured to illuminate said portion of the eye during image acquisition;
a processing unit communicatively coupled to the image acquisition unit and configured to receive said captured images;
wherein the processing unit is further configured to: examine the captured images to discern at least one anatomical landmark of the eye; ascertain a real-time three-dimensional position of the eye utilizing the discerned anatomical landmark; and monitor eye movements by continually updating said real-time three-dimensional position;
an output interface communicatively connected to the processing unit and configured to furnish data indicative of the tracked position and movements of the eye;
wherein the output interface is further configured to issue an alert signal or supply control data should the tracked position or movements depart from a predetermined tolerance range.",refine
US-9733866-B2,Dynamic drive selection for migration of files based on file size for a data storage system,"A data storage system comprising:
    a file identification component configured to identify a file to be migrated from a source storage drive;
    a file size determination component configured to ascertain the size of the identified file;
    a drive selection component configured to dynamically select a target storage drive from available storage drives for the identified file, based on its determined size; and
    a file migration component configured to transfer the identified file from the source storage drive to the selected target storage drive.",refine
US-8108572-B2,Communication system and its method and communication apparatus and its method,"A communication system, comprising:
a first communication apparatus including a first processor and a first transceiver, the first processor configured to generate transmission data and to direct the first transceiver to convey said data;
a second communication apparatus including a second processor and a second transceiver, the second processor configured to acquire incoming data via the second transceiver and to process the acquired data;
a communication channel interconnecting the first communication apparatus and the second communication apparatus to enable data exchange therebetween;
wherein at least one of the first communication apparatus and the second communication apparatus is configured to monitor a plurality of channel conditions of the communication channel; and
wherein at least one of the first communication apparatus and the second communication apparatus is further configured to adjust at least one transmission parameter of the transmission data based on the monitored channel conditions to optimize a communication performance metric.",refine
US-7257501-B2,Apparatus and method for identifying informative data in a process control environment,"An apparatus for detecting relevant data in a process control environment, comprising:
    a data input module configured to acquire process data reflecting a plurality of process parameters from the process control environment;
    a processing unit operatively connected to the data input module, the processing unit configured to execute an analysis algorithm to the acquired process data to discern relevant data, wherein the relevant data points to at least one of a departure from an expected operational state or a notable operational trend within the process control environment; and
    an output module operatively connected to the processing unit, the output module configured to transmit the discerned relevant data or an alert based on the identified relevant data.",refine
US-8602718-B2,Transverse-axis turbine with twisted foils,"A transverse-axis turbine, including a rotor; said rotor rotatably disposed about a central axis; a plurality of foils affixed to said rotor, wherein each of said foils extends substantially parallel to said central axis; wherein each of said plurality of foils exhibits a twisted aerodynamic profile along its length; said twisted aerodynamic profile characterized by a variable chord angle along the length of each foil; said variable chord angle arranged to optimize aerodynamic interaction with a fluid flow; whereby the turbine is adapted to extract energy from said fluid flow.",refine
US-7616121-B2,"Method for attaching IC tag, article with IC tag attached, and IC tag","An article comprising:
a main body element; and
an IC tag secured to the main body element, the IC tag including an integrated circuit and an antenna, and adapted to enable wireless data communication.",refine
US-7614245-B2,Fuel cell power generation refrigerating system,"A system comprising:
a fuel cell stack adapted to convert a fuel into electrical power and thermal energy;
a refrigerating unit arranged to generate a cooling output;
an electrical power coupling adapted to transmit a portion of said electrical power from the fuel cell stack to said refrigerating unit for its operation; and
a thermal coupling component arranged to convey a portion of said thermal energy from the fuel cell stack to said refrigerating unit for generating said cooling output.",refine
US-9573632-B2,Suspension system for a driver&#39;s compartment of a vehicle,"1. A suspension system for a vehicle's driver compartment, comprising:
a driver's compartment;
a vehicle chassis;
at least one support member interposed between the driver's compartment and the vehicle chassis;
at least one resilient element operatively arranged between the driver's compartment and the vehicle chassis;
and at least one damping element operatively disposed between the driver's compartment and the vehicle chassis.",refine
US-8457753-B2,Neural stimulation for increased contrast,"A method for enhancing perceptual contrast in a subject, comprising:
    administering neural stimulation to one or more neural regions within a nervous system of the subject;
    wherein the administered neural stimulation is adapted to magnify a perceived difference between distinct stimuli or features encountered by the subject.",refine
US-8678703-B2,Watercraft lift,"A watercraft lift comprising:
a frame assembly arranged for placement adjacent a body of water;
at least one watercraft support member affixed to the frame assembly and adapted to engage a watercraft; and
a lifting apparatus attached to the frame assembly and operatively connected to the at least one watercraft support member, wherein the lifting apparatus is adapted to vertically displace the at least one watercraft support member to elevate and lower the watercraft relative to the body of water.",refine
US-9792508-B2,Apparatus for recognizing lane partition lines,"An apparatus for detecting lane delineation lines, comprising:
an image acquisition unit configured to obtain live image data depicting a roadway forward of a vehicle;
an image processing unit communicatively coupled to the image acquisition unit, said image processing unit configured to receive the live image data;
a feature extraction module integrated within the image processing unit, said feature extraction module configured to extract candidate line segments from the received image data;
a lane line classification module further integrated within the image processing unit, said lane line classification module configured to categorize and classify the extracted candidate line segments as lane delineation lines according to predefined criteria; and
an output unit linked to the image processing unit, said output unit configured to generate an output result indicating the classified lane delineation lines.",refine
US-8520915-B2,Medical image diagnosis apparatus specifying a spot on a projection image for subsequent 3D imaging,"A medical image diagnosis apparatus, comprising:
a display unit configured to display a projection image of a subject;
a user input device configured to receive a user's selection of a designated point on the displayed projection image;
a processing unit coupled to the display unit and the user input device, said processing unit configured to ascertain a spatial coordinate associated with the selected designated point; and
a communication interface coupled to the processing unit, said communication interface configured to transmit control directives, derived from the ascertained spatial coordinate, to a three-dimensional (3D) imaging device, said directives instructing the 3D imaging device to capture a 3D image of a region of interest including the ascertained spatial coordinate.",refine
US-8455968-B2,Storage element and memory device,"A memory device, comprising:
an array of storage elements arranged in rows and columns, each storage element configured to store a data bit;
a plurality of word lines coupled to respective rows of the array of storage elements;
a plurality of bit lines coupled to respective columns of the array of storage elements; and
control circuitry coupled to the plurality of word lines and the plurality of bit lines, wherein said control circuitry is configured to select at least one storage element by activating a particular word line and a particular bit line, and to execute a memory operation on the selected at least one storage element, the memory operation comprising at least one of a write operation to store the data bit or a read operation to retrieve the data bit.",refine
US-9094153-B2,Dynamic modulation selection,"1. A method comprising:
acquiring various operational parameters pertaining to a communication environment, said parameters comprising at least one of channel quality indicators, target data throughput, or power consumption objectives;
determining a modulation scheme from a set of available modulation schemes based on said operational parameters and in accordance with a predefined set of criteria; and
modulating data for transmission via a communication channel utilizing the determined modulation scheme.",refine
US-7365751-B2,Texture processor,"A texture processor, comprising:
an input interface adapted to receive texture-related input, wherein said texture-related input includes source texture data or parameters for texture generation;
a processing unit coupled to the input interface, said processing unit operative to perform at least one texture operation on the texture-related input, the at least one texture operation selected from the group consisting of texture synthesis, texture analysis, texture transformation, and texture filtering, wherein the texture operation alters or generates spatial patterns, surface properties, or visual characteristics of the texture;
a memory module coupled to the processing unit, said memory module adapted to store processed texture data; and
an output interface coupled to the processing unit, said output interface adapted to provide the processed texture data for a subsequent application.",refine
US-6697983-B1,Data link layer tunneling technique for high-speed data in a noisy wireless environment,"A method for tunneling data link layer frames to facilitate high-speed data transfer in a noisy wireless environment, the method comprising:
  receiving, at a transmitting node, a data link layer frame;
  encapsulating the received data link layer frame into a tunnel frame by adding a tunnel header, the tunnel header containing error control information and sequencing information;
  applying an adaptive error resilience scheme to the tunnel frame prior to transmission, the adaptive error resilience scheme adaptively modifying at least one parameter based on observed wireless channel conditions to counteract noise effects;
  transmitting the tunnel frame over a wireless medium at a data rate optimized for high-speed throughput;
  receiving, at a receiving node, the tunnel frame from the wireless medium;
  processing the received tunnel frame, comprising performing error detection and, when necessary, error correction or requesting retransmission based on said error control information, said sequencing information, and said adaptive error resilience scheme; and
  decapsulating the original data link layer frame from the processed tunnel frame;
  wherein the encapsulation, adaptive error resilience scheme, and transmission collaborate to sustain high data throughput across the noisy wireless environment.",refine
US-8078044-B2,"Image stabilization apparatus, image sensing apparatus and image stabilization method","An image stabilization apparatus, comprising:
  a motion sensor configured to sense motion of the apparatus;
  a processing unit coupled to the motion sensor, adapted to compute a compensation value derived from the sensed motion; and
  a correction unit linked to the processing unit, arranged to apply an image stabilization adjustment based on the computed compensation value.",refine
US-9533144-B2,Stimulus signal for simultaneous measurement of auditory steady state responses and psychophysical pitch discrimination,"A stimulus signal designed for concurrent assessment of auditory steady state responses and psychophysical pitch discrimination, the stimulus signal including a carrier signal having a time-varying instantaneous frequency, whereby the fluctuation in instantaneous frequency establishes at least two distinct pitch components for psychophysical pitch discrimination; and an amplitude modulation imposed upon the carrier signal, the amplitude modulation possessing a modulation frequency chosen to elicit an auditory steady state response.",refine
US-6323062-B1,Wafer coating method for flip chips,"A method of coating a wafer for flip-chip applications, comprising:
furnishing a semiconductor wafer having a plurality of integrated circuits and a plurality of interconnection pads;
depositing a functional coating layer onto the semiconductor wafer;
structuring the functional coating layer to expose at least a portion of the plurality of interconnection pads;
and subsequently treating the structured functional coating layer to impart a desired property for subsequent flip chip assembly.",refine
US-7110880-B2,Communication method and arrangement,"A communication method, comprising:
establishing a communication connection between a first and a second communication entity;
transferring data between the first and second communication entities over the established communication connection;
monitoring, by at least one of the first communication entity or the second communication entity, one or more dynamic conditions associated with the communication connection or the transferred data;
determining, based on the monitored one or more dynamic conditions, at least one optimized communication parameter for the data transfer; and
applying said at least one optimized communication parameter to the communication connection for subsequent data transfer.",refine
US-6325017-B1,Apparatus for forming a high dielectric film,"An apparatus for forming a high dielectric film, comprising:
a processing chamber;
a substrate support positioned within the processing chamber, adapted to hold a substrate;
one or more precursor delivery systems connected to the processing chamber, adapted to supply one or more film-forming precursors therein;
an energy source connected to the processing chamber, adapted to activate the one or more film-forming precursors to enable deposition of the high dielectric film on the substrate;
a vacuum system connected to the processing chamber, arranged to evacuate said processing chamber; and
a controller operatively coupled to the one or more precursor delivery systems, the energy source, and the vacuum system, adapted to regulate the film formation process to form the high dielectric film on the substrate.",refine
US-6345564-B1,Semi-levered landing gear and auxiliary strut thereof,"A semi-levered landing gear apparatus, comprising:
a main strut assembly having an upper end pivotally attachable to an airframe structure, and a lower end;
a wheel support arm rotatably connected to the lower end of the main strut assembly at a first pivot point, said wheel support arm adapted to receive a wheel axle; and
an auxiliary strut having a first end pivotally joined to the wheel support arm at a second pivot point, and a second end rotatably secured to the main strut assembly at a third pivot point,
wherein said configuration of the main strut assembly, the wheel support arm, and the auxiliary strut creates a linkage whereby, when a vertical load is applied to the wheel axle, the auxiliary strut prompts a levering force against the main strut assembly at the third pivot point, consequently assisting the compression of the main strut assembly in a semi-levered manner.",refine
US-6594656-B1,Active database trigger processing using a trigger gateway,"A system for active database event management, the system comprising:
a database adapted to store data and issue one or more trigger events responsive to predefined database operations;
a trigger gateway including one or more processors and memory, the trigger gateway operatively linked to the database;
wherein the trigger gateway is configured to:
obtain the one or more trigger events issued by the database;
determine dynamically, using a set of externally defined trigger configuration rules, one or more trigger actions associated with an obtained trigger event; and
perform the identified one or more trigger actions outside of the database, thus offering a decoupled processing mechanism for database event triggers without integrating trigger logic directly into a database schema.",refine
US-9328766-B2,Rolling bearing having an integrated generator and method for the energy management of a rolling bearing of said type,"A rolling bearing comprising:
an inner ring;
an outer ring disposed concentrically with the inner ring;
a plurality of rolling elements positioned between the inner ring and the outer ring;
an integrated generator arranged to generate electrical energy from relative rotational movement between at least two components of the rolling bearing, the integrated generator comprising:
a plurality of magnets secured to a first component chosen from the inner ring, the outer ring, and a cage; and
a plurality of coils secured to a second component chosen from the inner ring, the outer ring, and the cage, said second component being distinct from the first component, such that relative rotation between the first component and the second component induces current in the coils;
a power management circuit electrically connected to the integrated generator, the power management circuit arranged to condition the generated electrical energy;
an energy storage unit electrically connected to the power management circuit for storing conditioned electrical energy; and
an output interface electrically connected to the power management circuit for supplying electrical energy to an external load, wherein said output interface is controlled by a control unit arranged to manage charging of the energy storage unit and discharge of electrical energy.",refine
US-7008755-B2,Method for forming a planarized layer of a semiconductor device,"A method for forming a planarized layer of a semiconductor device, comprising:
providing a semiconductor substrate comprising topographical features, said features defining a non-planar upper surface;
depositing a material layer over the non-planar upper surface of the substrate;
subjecting the deposited material layer to a planarization process, thereby removing portions of the material layer until a substantially planar upper surface is achieved.",refine
US-6818684-B2,Methods and compositions involving polar monomers and multivalent cations,"A composition comprising:
at least one polar monomer;
at least one multivalent cation; and
wherein said at least one polar monomer and said at least one multivalent cation exhibit a chemical or coordinative interaction, forming a stable association or a polymeric structure.",refine
US-7112441-B2,3-dimensional klinostat for culture of cells,"1. A three-dimensional clinostat for cultivating cells, comprising:
    a sample holder designed to securely accommodate at least one cell culture vessel;
    a first rotation mechanism coupled to the sample holder, said first rotation mechanism configured to rotate the sample holder around a first axis;
    a second rotation mechanism coupled to the first rotation mechanism, said second rotation mechanism configured to rotate both the first rotation mechanism and the sample holder about a second axis substantially orthogonal to the first axis;
    at least one motor arranged to drive the first rotation mechanism and the second rotation mechanism;
    and a control unit coupled to the at least one motor, wherein the control unit is configured to independently regulate the rotational speed and direction of the first rotation mechanism and the second rotation mechanism to generate a three-dimensional random or quasi-random gravity vector averaging environment for the at least one cell culture vessel.",refine
US-7463086-B2,Apparatus and method for tuning a band pass filter,"An apparatus and method for tuning a band pass filter, comprising:
a band pass filter arranged to filter an input signal within a specified frequency range;
a tuning circuit connected to the band pass filter, the tuning circuit adapted to adjust one or more characteristics of the band pass filter, including a center frequency, a bandwidth, and a quality factor;
a control unit connected to the tuning circuit, the control unit operative to generate a control signal for the tuning circuit;
wherein the control unit is further adapted to ascertain a desired characteristic for the band pass filter and to generate the control signal in accordance with the desired characteristic;
and wherein the tuning circuit is further operative to adjust said one or more characteristics of the band pass filter responsive to the control signal.",refine
US-8396587-B2,Conveyance control system and conveyance control method,"A conveyance control system, comprising:
multiple sensors adapted to obtain operational data pertaining to a conveyance and environmental data related to the conveyance's surroundings;
a processing unit electronically coupled to the multiple sensors, the processing unit arranged to receive the operational data and the environmental data, to analyze said received data according to a predetermined control logic, and to produce one or more control commands for the conveyance;
an actuation interface linked to the processing unit, the actuation interface adapted to transmit the one or more control commands to one or more conveyance actuators to alter an operational state of the conveyance, said operational state comprising at least one of a speed, a direction, an acceleration, or a position of the conveyance;
a communication interface electronically linked to the processing unit, the communication interface arranged to receive external control inputs pertaining to the conveyance and to transmit conveyance operational status data to an external system; and
a memory unit coupled to the processing unit, the memory unit storing instructions executable by the processing unit to execute the predetermined control logic and retaining operational parameters for controlling the conveyance.",refine
US-7011888-B2,Process for protecting fiber-reinforced carbon-containing composites against oxidation,"A process for safeguarding a fiber-reinforced carbon-based composite against oxidation, said process comprising:
furnishing a fiber-reinforced carbon-based composite;
applying an oxidation protective coating upon at least one surface of the fiber-reinforced carbon-based composite, wherein said oxidation protective coating contains at least one ceramic material; and
thermally treating said oxidation protective coating to densify the coating.",refine
US-9360577-B2,Method and apparatus for processing seismic data,"1. An apparatus for processing seismic data, comprising:
    an input module configured to obtain seismic data;
    a processor coupled to the input module and configured to carry out programmed instructions to:
        examine attributes of the obtained seismic data;
        ascertain one or more processing parameters derived from the examined attributes;
        apply said one or more processing parameters to the obtained seismic data to yield processed seismic data, where said processed seismic data presents augmented characteristics for subsurface geological interpretation; and
    an output module coupled to the processor and configured to provide the processed seismic data.",refine
US-9326198-B2,"Communication system, mobile station, and switching control method","A communication system comprising:
a mobile station adapted to communicate with a network infrastructure;
a network component arranged to manage operational states of the mobile station;
wherein the network component is configured to ascertain a switching instruction for the mobile station based on at least one operational parameter of the mobile station or the network infrastructure;
and wherein the mobile station is configured to receive said switching instruction and, in response, execute a state transition consistent with the switching instruction.",refine
US-6318462-B1,Downhole anti-rotation tool,"1. A downhole anti-rotation tool comprising:
a tubular body possessing a first end and a second end, the tubular body adapted for coupling with a wellbore tubular string;
at least one radially outwardly extendable anchoring member mounted on the tubular body;
an actuation mechanism operatively connected to the at least one anchoring member, the actuation mechanism arranged to selectively deploy the at least one anchoring member from a retracted state to an extended state;
wherein, in its extended state, the at least one anchoring member is adapted to contact an interior surface of a wellbore; and
whereby engagement of the at least one anchoring member with the interior surface of the wellbore restricts rotation of the tubular body with respect to the wellbore.",refine
US-8937260-B2,Control mechanism for a circuit-breaking device and a circuit-breaking device comprising said mechanism,"1. A control mechanism for a circuit-breaking device, the control mechanism comprising:
   a sensing element arranged to detect an operational parameter of a circuit;
   a control unit connected to the sensing element and configured to evaluate the detected operational parameter relative to a predetermined condition; and
   an actuation element operatively coupled to the control unit, the actuation element configured to trigger a circuit interruption operation by the circuit-breaking device when the predetermined condition is met.",refine
US-9522049-B2,Electric-motor arrangement for a dental handpiece,"An electric motor system for a dental handpiece, comprising:
a handpiece housing adapted for grasping by a user;
an electric motor housed within the handpiece housing;
a drive shaft rotationally linked to the electric motor, the drive shaft extending toward a distal end of the handpiece housing;
a tool coupling mechanism situated at the distal end of the handpiece housing, said mechanism adapted to detachably secure a dental tool to the drive shaft; and
an electrical connector arranged to provide power to the electric motor.",refine
US-9123319-B2,Vocal processing with accompaniment music input,"A method for processing a vocal signal using accompaniment music, comprising:
acquiring a vocal input audio signal;
obtaining an accompaniment music input audio signal;
processing the vocal input audio signal to modify at least one attribute thereof, where said modification is predicated at least partly on a characteristic of the accompaniment music input audio signal;
and outputting a processed vocal audio signal.",refine
US-7212503-B2,Control-hold mode,"A method for operating a controlled system configured to generate a control output for influencing a process, the method comprising:
receiving an activation command for a control-hold mode;
responsive to the command, commencing the control-hold mode and recording a current control output value of the controlled system;
while in the control-hold mode, sustaining the recorded control output value as the control output for influencing the process, thereby preserving the process at a state corresponding to the recorded control output value, irrespective of subsequent changes in a control input signal; and
ending the control-hold mode upon receipt of a deactivation command or satisfaction of a predefined condition.",refine
US-8852480-B2,Method for manufacturing hollow structure for breathing mask,"A method for producing a hollow structure for a breathing mask, comprising:
providing a polymeric material;
providing a removable core structure;
forming the polymeric material about the removable core structure to define at least one wall of the hollow structure;
solidifying the polymeric material to form the hollow structure;
extracting the removable core structure from within the solidified polymeric material to define an internal cavity within the hollow structure; and
preparing the hollow structure for use as a component of a breathing mask.",refine
US-7000871-B2,Ice detection assembly installed on an aircraft,"An ice detection assembly adapted for installation on an aircraft, the assembly comprising:
an ice detection sensor configured to sense the presence of ice on an external surface of the aircraft;
a mounting structure coupled to the ice detection sensor and configured to secure the ice detection sensor to the aircraft; and
an output signal from the ice detection sensor, indicative of the sensed presence of ice.",refine
US-6239697-B1,Fire alarm system,"A system comprising:
at least one fire detection sensor adapted to detect a fire condition and generate a detection signal accordingly;
a central control unit in communication with the at least one fire detection sensor, the central control unit configured to receive the detection signal and, in response, generate a notification signal;
at least one notification device in communication with the central control unit, the at least one notification device configured to activate upon receiving the notification signal; and
a power supply electrically connected to the at least one fire detection sensor, the central control unit, and the at least one notification device.",refine
US-7730196-B2,Efficient transfer of messages using reliable messaging protocols for web services,"A method for efficient message transfer employing reliable messaging protocols for web services, comprising:
initiating a communication session between a sender web service and a receiver web service;
creating a message by said sender web service intended for said receiver web service;
implementing a reliable messaging protocol for said message, wherein said reliable messaging protocol is adapted to offer at least one delivery guarantee for said message;
optimizing the efficiency of said message transfer by reducing protocol overhead linked to said reliable messaging protocol while preserving said at least one delivery guarantee;
forwarding said optimized message from said sender web service to said receiver web service; and
verifying successful receipt of said message by said receiver web service in accordance with said reliable messaging protocol.",refine
US-9416819-B2,Re-circulating ball sliding support assembly,"A linear motion support assembly, comprising:
an elongated guide member featuring at least one load raceway extending along its longitudinal axis;
a carriage member adapted to traverse said elongated guide member, said carriage member having at least one corresponding load raceway;
a plurality of recirculating rolling elements positioned between said guide member load raceway and said corresponding carriage member load raceway;
wherein said carriage member additionally defines at least one return channel interconnecting opposing ends of said corresponding carriage member load raceway;
whereby said plurality of recirculating rolling elements are arranged to continuously circulate through said guide member load raceway, said corresponding carriage member load raceway, and said return channel as said carriage member traverses said elongated guide member, thereby providing low-friction linear motion.",refine
US-9389901-B2,Load balancing of cloned virtual machines,"A method for load balancing cloned virtual machines, the method comprising:
managing a plurality of virtual machine (VM) instances, wherein each VM instance is a clone of a base VM image;
monitoring the current workload and resource utilization of each of the plurality of VM instances;
receiving an incoming service request requiring processing by a VM instance;
determining a target VM instance from the plurality of VM instances, based on the monitored workload and resource utilization, to process the incoming service request, wherein determining the target VM instance further comprises:
    identifying an existing VM instance with the lowest relative load; and
    in response to determining that no existing VM instance has sufficient available resources to efficiently process the incoming service request, initiating provisioning of a new VM instance by cloning the base VM image, and designating the new VM instance as the target VM instance;
routing the incoming service request to the determined target VM instance; and
dynamically adjusting a total number of active VM instances based on aggregated workload and resource utilization across the plurality of VM instances.",refine
US-7836829-B2,Rail-bound vehicle for an amusement park ride,"A rail-bound vehicle for an amusement park ride, comprising:
a chassis forming a passenger compartment;
at least one wheel assembly mounted to said chassis and adapted to engage a rail of the amusement park ride;
at least one passenger seat located within the passenger compartment; and
a safety restraint system functionally coupled to the at least one passenger seat and arranged to secure a passenger therein.",refine
US-7054241-B2,Optical disc apparatus,"An optical disc apparatus comprising:
a disc drive mechanism arranged to accept and rotate an optical disc;
an optical pickup unit adapted to project a light beam toward the optical disc and to detect a reflected light beam from said disc;
a signal processing circuit electronically linked to the optical pickup unit, arranged to process the detected reflected light beam to retrieve data, and further adapted to produce a modulated light beam for writing data onto the optical disc based on supplied input data;
a control unit connected with the disc drive mechanism, the optical pickup unit, and the signal processing circuit, adapted to manage the functions of the disc drive mechanism, the optical pickup unit, and the signal processing circuit; and
an interface circuit interconnected with the signal processing circuit and the control unit, arranged to relay the retrieved data to an external device and to acquire the input data from an external device.",refine
US-7867857-B2,Transistor and method for manufacturing same,"A transistor comprising:
a semiconductor substrate;
a source region and a drain region disposed within the semiconductor substrate, laterally separated from one another;
a channel region interposed between the source and drain regions, said channel region comprising an elevated segment projecting upwardly from the semiconductor substrate;
a gate dielectric layer conformally situated atop at least the elevated segment of the channel region; and
a gate electrode disposed over the gate dielectric layer, wherein the gate electrode encompasses at least three sides of the elevated segment of the channel region.",refine
US-7620358-B2,Developer collecting apparatus having tiltable waste developer container,"1. A developer recovering apparatus comprising:
a waste developer container arranged to receive spent developer; and
a tilting mechanism attached to the waste developer container, which is configured to tilt the waste developer container relative to said apparatus.",refine
US-7248680-B1,"Computer-based method and apparatus for controlling, monitoring, recording and reporting telephone access","A computer-implemented method for managing, observing, capturing, and reporting telephone access, the method comprising:
obtaining, by a computer system, a request for telephone access submitted by a user;
evaluating, by the computer system, whether to grant or deny the requested access in accordance with predefined access rules pertinent to the user;
regulating, by the computer system, such telephone access by either permitting or precluding said access pursuant to said evaluation;
observing, by the computer system, communication events linked to the telephone access, such as call initiation, call duration, and call termination;
logging, by the computer system, data related to each observed communication event, comprising user identification, timestamp, and communication event details; and
producing, by the computer system, a report from the logged data, said report presenting information regarding telephone access patterns and utilization.",refine
US-7023051-B2,Localized strained semiconductor on insulator,"1. A semiconductor device structure comprising:
    a substrate;
    an insulator layer positioned above the substrate; and
    a semiconductor layer situated atop the insulator layer,
    wherein the semiconductor layer includes a discrete region displaying a lattice strain, and
    wherein the remaining portion of the semiconductor layer is substantially unstrained.",refine
US-8884683-B1,Semiconductor integrated circuit and operating method of semiconductor integrated circuit,"A semiconductor integrated circuit, comprising:
a semiconductor substrate;
a plurality of active devices disposed on the semiconductor substrate;
a plurality of passive devices disposed on the semiconductor substrate; and
interconnection layers interconnecting the plurality of active devices and the plurality of passive devices to form at least one functional block, wherein said at least one functional block is configured to perform a predetermined operational method for the semiconductor integrated circuit.",refine
US-8332900-B2,Method and system for performance metric analysis of video assets,"A method for performance metric analysis of video assets, comprising:
acquiring digital video asset data representing one or more video assets;
gathering user interaction data associated with playback of the one or more video assets;
determining a plurality of performance metrics derived from the digital video asset data, the user interaction data, or combinations thereof;
evaluating the plurality of performance metrics to derive analytical insights regarding the performance of the one or more video assets; and
outputting an indication of said analytical insights.",refine
US-8356081-B2,Automated domain name registration,"I claim:

1.  A system for automated domain name registration, comprising:
    one or more processors;
    one or more non-transitory computer-readable media storing program instructions executable by the one or more processors;
    a network interface configured to facilitate communication with external domain name registries and domain registrars;
    a domain name request module configured to obtain a prospective domain name and associated registration parameters from a user;
    an availability checking module configured to automatically forward the prospective domain name to one or more domain name registries via the network interface and receive its availability status;
    a registration data generation module configured to automatically assemble registrant information based on the associated registration parameters;
    a registrar interface module configured to automatically dispatch the prospective domain name, the assembled registrant information, and a registration request to a selected domain registrar via the network interface following confirmation of its availability; and
    a payment processing module configured to automatically process and oversee payment for the domain name registration to the selected domain registrar.",refine
US-6461433-B1,Fluid-jet deposition of radioactive material,"A fluid-jet deposition method for radioactive material, comprising:
supplying a fluid containing a radioactive material;
forming a fluid jet from said fluid;
propelling the fluid jet onto a substrate;
whereby the radioactive material becomes deposited onto the substrate.",refine
US-8491372-B2,"Systems, methods and apparatus for facilitating multi-round lottery play","A system for enabling sequential lottery play, comprising:
a processor;
a memory coupled to the processor, the memory storing machine-readable instructions;
a communication interface coupled to the processor;
wherein the processor, when executing the instructions, is configured to perform operations including:
establishing a sequence of multiple lottery rounds, each round having a distinct set of lottery parameters;
receiving multiple player entries for a first lottery round of the sequence;
identifying winners for the first lottery round based on the multiple player entries and the distinct set of lottery parameters for the first lottery round;
orchestrating a transition from the first lottery round to a subsequent lottery round of the sequence, wherein the subsequent lottery round is influenced by an outcome of the first lottery round;
accepting player entries for the subsequent lottery round; and
identifying winners for the subsequent lottery round based on the player entries for the subsequent lottery round and the distinct set of lottery parameters for the subsequent lottery round.",refine
US-7769943-B2,"Flexible, low cost apparatus and method to introduce and check algorithm modifications in a non-volatile memory","An apparatus for managing and verifying algorithm modifications in a non-volatile memory, the apparatus comprising:
a non-volatile memory device adapted to store a plurality of algorithms, including updated algorithms;
a programmable processing unit operatively coupled to the non-volatile memory device;
an input interface operatively coupled to the programmable processing unit, configured to receive algorithm modification data including at least one algorithm or an alteration to an existing algorithm;
an output interface operatively coupled to the programmable processing unit, configured to output validation results;
the programmable processing unit further configured to:
store the received algorithm modification data in the non-volatile memory device;
run the modified algorithm from the non-volatile memory device with test data;
observe an operational output produced by the execution of the modified algorithm;
compare the observed operational output with an expected operational output corresponding to the test data;
ascertain a validation status based on the comparison; and
direct the output interface to output the validation status.",refine
US-6992265-B2,Integrated engine welder and electric compressor,"1. An apparatus comprising:
a prime mover engine;
a generator mechanically connected to the prime mover engine, said generator arranged to supply welding power for a welding process and supplemental electrical power;
an electric air compressor adapted to be powered by the auxiliary electrical power from the generator; and
a shared frame configured to house the prime mover engine, the generator, and the electric air compressor in a single unit.",refine
US-8086148-B2,Electrophotographic image forming apparatus,"1. An electrophotographic image forming apparatus, including: a photoconductor adapted to bear an electrostatic latent image; a charging unit arranged to uniformly charge the surface of the photoconductor; an exposing unit operative to form the electrostatic latent image on the charged surface of the photoconductor; a developing unit adapted to develop the electrostatic latent image using toner, thereby forming a toner image on the photoconductor; a transfer unit arranged to transfer the toner image from the photoconductor to a recording medium; and a fusing unit adapted to permanently affix the transferred toner image to the recording medium.",refine
US-7294215-B2,Method and device for cooling steel sheet,"A process for cooling a steel sheet, comprising:
    continuously conveying a heated steel sheet through a cooling zone;
    engaging at least one surface of the continuously conveyed steel sheet with a cooling fluid within the cooling zone; and
    regulating at least one parameter of said cooling fluid contact to decrease the temperature of the steel sheet.",refine
